subject,run,order,transcribe,subid_check,character,index
1001,1,1,"I don't really feel like I've learned that much about Jack except that he has I'm assuming a wife who's pregnant um, and yeah I don't know what else about him so far.",sub-1001,1.0,1
1001,1,2,"Randall seems to be having a very emotional moment. Um to have I guess step parents. So, he never knew or, I don't know, but was not raised by his birth parents, um, seems really emotional but given that I don't know the context behind the other man I'm not, I feel like it's just justified.",sub-1001,3.0,2
1001,1,3,Kevin seems in one scene very emotional um and angry and then the other he seemed very caring and was supportive of addressing his girlfriend so I feel like there's two sides so far to Kevin that we've seen.,sub-1001,4.0,3
1001,1,4,"Kate seems very upset. I saw that she sprained her ankle, and that she was throwing away all of her food. She seems to be pretty mean to her neighbor or the woman out walking a dog so I am not sure yet if that's a reflection of her character or just that she was really upset about something else.",sub-1001,2.0,4
1001,2,1,"Kate seems to be a little bit controlling but also like she's acting in her best interest. I wasn't sure who that person was with her, since she had the other scene the fairly emotional seeming scene, but I'm not sure.",sub-1001,2.0,5
1001,2,2,"I can kinda understand some of Jack's actions more. he seems fairly calm about everything though about the pregnancy, I feel like I don't know that much about him yet.",sub-1001,1.0,6
1001,2,3,"Randall seems like he has a pretty high stress job, and seems fairly reserved. It didn't change that much of my thoughts about him but it does show me a different side of him and his like work environment.",sub-1001,3.0,7
1001,2,4,"I kind of understand Kevin's outburst a little more now. After seeing his conversation with who I'm assuming to be the director, it kinda made sense why he got so angry because it does seem like he's treated fairly badly when he was just trying to have a concern about his character.",sub-1001,4.0,8
1001,3,1,"Um, I hadn't really known much about Kevin before this, but he seems like a really nice guy and he's just really supportive of his wife and, yeah he just seems all around like a supportive guy.",sub-1001,4.0,9
1001,3,2,"Jack seems pretty calm under pressure of his wife um giving birth. So, uh, yeah. Um, I'm kind of, I'm starting to like him more.",sub-1001,1.0,10
1001,3,3,"Randall, I wouldn't say my thoughts on him have really changed, but I now know he has a wife and a kid, and that he is having conflicting feelings about trying to find his dad.",sub-1001,3.0,11
1001,3,4,"I feel like Kate is, she seems very stressed about her weight and everything. I think also, still just trying to figure out her relationship um, with the other characters.",sub-1001,2.0,12
1001,4,1,"I thought Kevin in a lot of these scenes they almost rationalized his behavior. And then the scene with um Kate, shows that he has a really soft side. Um, and then, it did kind of make sense why he was freaking out about that scene because it does seem pretty humiliating to him.",sub-1001,4.0,13
1001,4,2,"Just that she confirmed she wants to lose weight, but that she's striving to make that change and change things about herself. And that she's also relying on Kevin a lot for help.",sub-1001,2.0,14
1001,4,3,"Randall, he just seems really stressed out about his father, his birth father, and what to do about that. Um, but, it seems like he has a pretty stable nuclear family with his wife and two kids, so I think that should be a good support system for him.",sub-1001,3.0,15
1001,4,4,"I just thought he seemed really upset in that scene. So I was wondering if one of the triplets died. And especially because we didn't see his wife in that scene. I was worrying that something might happen, has happened to her.",sub-1001,1.0,16
1001,5,1,"I don't think Kevin was reflected very well in this scene, um, he was with the girls and he seemed to be at some sort of party but I think a lot of that was just due to his freakout about his job or lack thereof now, I'm not really sure, um. But also I thought it was really interesting how still thebhis sister's home even in the middle of all that just shows me that they do really care about each other and he's someone who values family.",sub-1001,4.0,17
1001,5,2,"It just gave me a little bit more insight into his relationship with his father and also I think um his father explaining I guess why he left him at a fire station, or not really why but just the background behind that, um gave me some insight into why Randall so upset in the house, before with his wife and kids.",sub-1001,3.0,18
1001,5,3,"Jack, seems still really supportive and like there for his wife and is trying to comfort her through all of this um. But beyond that I don't really think I learned all that much new about him in this. Just that he seems like a nice guy and really cares about his wife and kids.",sub-1001,1.0,19
1001,5,4,"Kate is really taking actions towards trying to change herself which I think is good. Um, instead of just saying that she needs to lose weight and then not really doing anything about it.",sub-1001,2.0,20
1001,6,1,"I don't really know that much about him I feel like. Just that, he really cares about his wife and it's a little bit more backstory to how he and the doctor kind of formed sort of a bond even though they hadn't known each other for very long.",sub-1001,1.0,21
1001,6,2,"I think it just explains a little bit more why Kevin was so upset and why he was at that party and was so upset and then also that his career had been ruined earlier because he quit for something that had been giving him a lot of money and seemed like a fairly big role um but it would be giving him fame which could help him get to, or get more roles in the future.",sub-1001,4.0,22
1001,6,3,"I feel like this scene with his father showed a lot of development on Randall's part and it's kind of an explanation as to why um his father was over or why he was freaking out about his father coming over and kind of just a little bit more insight into the conflict, uh the conflicting feelings he must have about either letting his father in and being angry with him.",sub-1001,3.0,23
1001,6,4,"Just that she seems very committed to losing the weight um despite her, like I can't fall for a fat person right now because I feel like that could be a danger to her success in keeping the weight off but she seemed really happy when he asked to be her friend so it kind of shows me she may not have that many close friendships besides her brother but I'm not really sure.",sub-1001,2.0,24
1001,7,1,"Kevin probably is Randall's, or he probably grew up as Randall's brother. Um, and just that he's really upset right now about his whole acting career. Um, and that Kate is now, you know, supportive of him just like he was with her when she was upset.",sub-1001,4.0,25
1001,7,2,"My thoughts about Kate honestly probably improved because she seems like she's being a really good brother to Kevin, when he seemed so upset. And then also that she's beginning a relationship of some romantic regard with the guy she met at the um support group.",sub-1001,2.0,26
1001,7,3,"Jack seems like a really good guy, in that he saw that the child had been abandoned and did what he, and wanted to help the child, and, did that by I'm assuming taking Randall in, and I'm assuming that Jack is, um, father or raised Randall.",sub-1001,1.0,27
1001,7,4,"Randall is the adopted brother to Kevin and Kate, um, and I think it's also really interesting that Randall is letting, um, his father stay with them, even despite his father abandoning him at the fire station. Um, yeah.",sub-1001,3.0,28
1001,8,1,"Kate is, seems to be having a stronger relationship with Tony um and that she seems to be kind of softening up a little bit to the idea of a romantic relationship. And that also she does seem really invested in her diet, that she was talking about how they've already had their six ounces of wine and seems to be kind of trying to inspire Tony to also lose the weight.",sub-1001,2.0,29
1001,8,2,"Kevin is continuing to be there for his wife through the scenes we saw. Even despite the difficult birth he still was trying to be beside her. He seemed really upset when they had to take her away. Um and then also, uh given what was said about him as a father I think he was a good father as well to his children.",sub-1001,4.0,30
1001,8,3,Oh Jack is a good father to his children given what Randall said. I think he also is really supportive of his wife.,sub-1001,1.0,31
1001,8,4,"Randall, again, is kind of developing more of the relationship with his father, um, or his birth father. And then also that he is very successful um and that I'm a little bit unsure of the reasons behind why. He is XXX prove some sort of point. He seemed to really be rubbing it in his father's face that he has a $140,000 car but that also just does indicate a very high level of success from his job I'm assuming.",sub-1001,3.0,32
1001,9,1,"Randall seems to be a really good father to his kids and that he's really supportive of them. Also, he and his wife seem to have a good relationship, at least from that scene.",sub-1001,3.0,33
1001,9,2,"Kate was just shown at the the support group, but I think the fact she is continuing to go and then also that she went on the date and missed her brother's call, where his brother, where her brother had always picked up her calls. It kind of made me question a little bit of something about their relationship and that if um Kevin seemed better, be more supportive of Kate, but it also does seem to be a little situational.",sub-1001,2.0,34
1001,9,3,"It just, it makes Kevin seem a little bit better that he wasn't really engaged at the party he was just upset and that he was trying to kind of make himself feel better. And, also, it's just that quite like, XXX how famous he was. Um I guess I hadn't realized like how big of a show it had been until kind of now.",sub-1001,4.0,35
1001,9,4,"Jack just seems to be, still really supportive of his wife and that he really cares about family. Um, I wouldn't say much has changed. It just gave a little insight into his reaction about learning that one of the triplets had died, and then also also learning about like that his wife was okay, which he seemed really relieved and that he just wanted to be with her.",sub-1001,1.0,36
1001,10,1,"Randall really seems to want to get to know his father and that he had given his biological father a chance to meet his kids. Which I thought was definitely a choice, but shows a certain character on his part. Um and that he is, not necessarily willing to forgive, but willing to give another chance.",sub-1001,3.0,37
1001,10,2,"I think it was just kind of showing how that this is showing how Jack had responded to the loss of the triplets again. And that also the quote about the lemons and lemonade and um that this could have been a moment that inspired him to adopt the third triplet. And that could have led to why they had such a good childhood. Because he is such a good person. And I think this could have been a really inspirational, character changing moment for him with the doctor.",sub-1001,1.0,38
1001,10,3,"Kevin did seem a little bit annoyed with the director, but this was right before he had read the script. So, I thought that was interesting that he seemed to have a fairly good relationship also with Alan Thicke.",sub-1001,4.0,39
1001,10,4,"I think it was just interesting how Kate had written all the notes in the fridge. So um, that reflects a certain level of self-awareness. And that she knows herself pretty well because she knows her temptations. Especially with the two sticky notes. Um, and then also again, she just seems very committed to the weight loss.",sub-1001,2.0,40
1005,1,1,"Kate doesn't seem super happy with her life based on her being all sad next to her toilet and asking how she got there. I don't know a whole lot about her. She's friends with I think Kevin is that other dude. Um, they seem to be close. I don't know much else.",sub-1005,2.0,41
1005,1,2,"Kevin seems to be a good supportive friend towards Kate, but I guess he's unhappy with his job. Maybe he's an actor or something. I can't quite tell, but he was on a movie set and then he seemed to have like a break where he needed to go crazy and be mad that the whole movie set was fake. And everyone in the audience was filming him because I think that was a weird thing for him to do. So I feel like he kind of had a, a breakdown there. I don't know much else about him.",sub-1005,4.0,42
1005,1,3,"Randall, uh, I guess was adopted and then he was talking to that guy whose relationship with him I don't entirely understand yet. Um, and then yeah, that guy told him he was dying and that really seemed to affect him. I feel like he's got some, some parent issues that we will figure out, I hope.",sub-1005,3.0,43
1005,1,4,"Jack seems like a sweet dude who's really in love with his pregnant wife. They have a long history of little traditions. It was his birthday, I think, in that scene. Um, so good for them.",sub-1005,1.0,44
1005,2,1,I still think Kevin’s an actor who is insecure about his job. I guess I understand more of his breakdown now because he seems to be dissatisfied with how replaceable he seems.,sub-1005,4.0,45
1005,2,2,"Uh, I did not learn anything new about Randall in this scene. Other than that he is a boss at a company and works in a tall building in a beautiful office. And has lots of people who work under him.",sub-1005,3.0,46
1005,2,3,Now I know that Kate went on a date with a guy who seems nice.,sub-1005,2.0,47
1005,2,4,"I don't have many thoughts about Jack either other than that he is married to a woman who is in a high risk pregnancy with triplets coming and their doctor just bailed on them, their original doctor. He's trying to be supportive for his wife, or I don't know, partner, um as she goes through this.",sub-1005,1.0,48
1005,3,1,"My thoughts about Kate are that I feel bad for her. She seems really unhappy with her body. And I'm glad that she's going out and meeting people and that they're, I don't know, she seems to have a good relationship with her brother. So I'm happy that they're there for each other. Yeah.",sub-1005,2.0,49
1005,3,2,"I still don't have any strong opinions on Randall. But what I learned is that he seems to have a partner and a daughter and that he did not hear from his father and he was kind of scared to contact him. So we know he eventually did because of that other scene. But at this point, he just says that he found him and is like, nope, I'm not going to go look for him. I'm not going to contact him. I just know he's out there now. He thinks that because his dad abandoned him at a fire station, so he doesn't know how he feels about him as a person or I guess has negative feelings towards him as a person.",sub-1005,3.0,50
1005,3,3,"Kevin's a washed up actor who's kind of wondering what to do with his life. I learned that he's the sister or the, the brother of Kate. And uh, I have a speculation that their dad maybe wasn't so present in their life based on how that scene of that father leaving affected him. But I don't know. We'll see how that pans out.",sub-1005,4.0,51
1005,3,4,Jack's really defensive about his partner and really scared about this whole high risk pregnancy situation. He also seems to kind of speak like he's angry at the doctor even though he doesn't really need to be angry at the doctor. But I think that's just his way of trying to be really fiercely protective of his partner. And he wants to be optimistic. We learned that he has a close relationship with his mother as well. And that he really wants everything to work out.,sub-1005,1.0,52
1005,4,1,"All I know is that now it seems something has gone wrong. Either his wife died or he lost his kid. I think he lost one of the triplets and he's really sad about it. Very reasonable. So, yeah.",sub-1005,1.0,53
1005,4,2,"Kate’s still, she seems to have a real issue with her body image. It's kind of defining for her. She also seems to think the fact that she's 36 is like terrible and horrible. And like how could she possibly recover from something as awful as being 36, which is absurd. So I don't love that. But I think she's just not where she wanted to be at that stage in her life. And that's why she's so upset about it. And her relationship with her brother is strong. But, yeah, she's trying to, trying to rope other people into convincing her to lose weight, I guess. But, 'cause her brother's a good person, he's not going to try to like force that on her.",sub-1005,2.0,54
1005,4,3,"Randall doesn't seem to know exactly what he's doing or what he wants here. But I also feel like those kinds of relationships can make people behave impulsively and irrationally. So he's trying to figure out exactly what he wants out of his relationship with his father. And he doesn't seem like he's being entirely transparent about that with his wife. Seems like he kind of caught her by surprise, maybe. And he was just like, by the way, my estranged father, my estranged biological father is coming over and I don't even know if I want that. So that doesn't seem great. But, but he's moving forward with that.",sub-1005,3.0,55
1005,4,4,"Kevin, I respect Kevin more because of the way he interacts with his sister. And I also understand why he's going crazy if he thinks everything about his life and legacy is summed up by his role playing the Manny. Like I can kind of see why that's all his life amounted to in his eyes, that he would feel dissatisfied and be like, screw this, I need a change. So, more respect for the mental break. A lot more respect for the way he interacts with his sister.",sub-1005,4.0,56
1005,5,1,Jack seems so excited to have these kids. I don't remember what else happened in these scenes. Not that much.,sub-1005,1.0,57
1005,5,2,"Kevin’s been kind of having this existential crisis for a while. They referenced the Challenger explosion earlier but like he uses that as representative of the utility of trying to do anything. It's more of his existential grief kind of projecting onto other things in the world. Um, but yeah it also seems that he lives in a fancy mansion and is like you know constantly surrounded by like you know bikini-clad ladies but that's not enough to keep him from feeling empty inside.",sub-1005,4.0,58
1005,5,3,Kate’s clearly been going through issues with her body weight for a while. She apparently joined a support group. She seems to have a bond with this guy from the support group because they both laugh at and make fun of very quietly the other people there. I don't know what that says about whether or not they think they're different or better or something than the other people at the thing but they um seem to find each other funny.,sub-1005,2.0,59
1005,5,4,"My thoughts about Randall are that he still doesn't know what he wants out of his father. I think he just wants to know what happened. I think he maybe seems surprised that his father didn't remember anything about giving him up. I think he's also surprised by how clear his father is about what he can and can't do for him. Like he just says, you want me to try to say sorry so that you can be angry and I, I don't know if I can say that. And Randall's like darn, I don't know what I want out of this either. I'm pretty consistent about Randall. He doesn't actually know what he wants out of a relationship with his father or if he wants a relationship with his biological father.",sub-1005,3.0,60
1005,6,1,"Kate only thinks one thing about herself, which is that she's overweight and doesn't value anything else about herself, which is a real bummer, it also seems that she's limiting herself because she only thinks about herself as an overweight person. For instance, this person who seems nice and funny, she's trying to turn away because he's also overweight, and that triggers her insecurity about the fact that she's overweight. That makes me feel sad for her, but also just kind of wish she could find other value in herself.",sub-1005,2.0,61
1005,6,2,"I don't have any different thoughts about Jack. Jack's still there being a supportive partner, and not too much else.",sub-1005,1.0,62
1005,6,3,"Kevin seemed to have an existential crisis. What we learned is that it's not just that his role is stupid, he also has a lot of anger at the fact that like this is the kind of role that can make him money, make him famous, that he was so successful in this role that he considers so stupid. He's mad that the audience even thinks I was funny. Maybe he just thinks all of society's values are stupid. And I appeal to his whole nihilist fire here.",sub-1005,4.0,63
1005,6,4,"Randall doesn't know what he wants. He says one thing, and then he does the other, over and over again with regard to his father. I think it's going to slowly come out that he does want some form of relationship with his dad. As we know from earlier scenes, that's going to have to be short-lived because his dad is dying, which I think is going to make it so that he just like sees out the relationship until his dad dies. But, that's, uh I suppose, for future episodes to find out.",sub-1005,3.0,64
1005,7,1,"I still think Kate defines herself entirely based on her weight. Um, and that she's a good sibling to Kevin, and that makes me happy.",sub-1005,2.0,65
1005,7,2,"Jack seems really excited about being a parent. It's cool that he seemed to adopt that other child. I don't know how I feel about the idea of them replacing their third triplet with like a random baby, but I guess it's, you know, they had everything planned for three and this baby needs to be adopted, so I guess that's really kind of them.",sub-1005,1.0,66
1005,7,3,"Randall now knows about his biological father. I guess I find out that Jack is his real father, that he's siblings with Kate and Kevin, and it's, I don't know. Yeah, I don't... I guess it's cool that he's trying to forgive his father. Like, I guess I think it's because he's dying. If he wasn't, I don't know if he would have forgiven him.",sub-1005,3.0,67
1005,7,4,"Kevin’s going through an existential crisis, but at least he has his sister there to support him, and it's good that they too have a supportive relationship. I don't know anything about their relationship with Randall, which is interesting.",sub-1005,4.0,68
1005,8,1,"Kevin, I feel bad for Kevin, but not that bad because he makes a ton of money, he's a really famous actor, and he's like, woe is me, my life is so hard, I picked a meaningless career and I don't find meaning in my job. I don't know, take your money and get a new job or something, I don't know. But I understand why he finds it unfulfilling.",sub-1005,4.0,69
1005,8,2,"I guess Randall’s had this chip on his shoulder for his whole life because he's like, I made it from being abandoned to here, check me out. Um, but he still doesn't know what he actually wants with regard to his father.",sub-1005,3.0,70
1005,8,3,"Kevin, I feel bad for Kevin, but not that bad because he makes a ton of money, he's a really famous actor, and he's like, woe is me, my life is so hard, I picked a meaningless career and I don't find meaning in my job. I don't know, take your money and get a new job or something, I don't know. But I understand why he finds it unfulfilling.",sub-1005,1.0,71
1005,8,4,Kate keeps trying to push people away if they don't match up with what she thinks she wants to do about her weight. And I think that's ultimately going to be unhealthy and unhelpful for her.,sub-1005,2.0,72
1005,9,1,"Toby seems like kind of a jerk. He laughs at everybody at this thing, and Kate doesn't laugh at everybody. Only some of them. So, I don't think that's super cool.",sub-1005,2.0,73
1005,9,2,"Jack seems to be processing a lot of grief in this scene, which makes sense. And otherwise, I think he's just, really loves his wife and is excited to be a parent.",sub-1005,1.0,74
1005,9,3,Kevin has a strong relationship with his sister. He's been having his doubts about his career for a long time. I still don't know if that party scene was before or after the meltdown.,sub-1005,4.0,75
1005,9,4,Randall really does seem to have a very fulfilling life outside of whatever is going on with his relationship with his father. Seems like he and his wife have a good thing. They both love their two daughters. They seem very different. They're very supportive of whatever they're doing.,sub-1005,3.0,76
1005,10,1,It's cool that Jack took this wisdom from this nice old doctor and he seems to have been a really good parent.,sub-1005,1.0,77
1005,10,2,"I guess Kevin was excited about getting to act with this other guy who's like more of a big deal actor, so maybe that kind of contributed to why he had this meltdown when he had to do such a stupid part immediately after.",sub-1005,4.0,78
1005,10,3,"Kate has a really toxic relationship with food and with herself and she's just everywhere she goes constantly, constantly beating herself up, calling herself stupid about the way that she interacts with food in her life and her weight.",sub-1005,2.0,79
1005,10,4,"Randall probably should have talked to his wife before bringing this strange man home. think he's behaving very erratically throughout the entirety of this show. It's a little irritating, honestly.",sub-1005,3.0,80
1008,1,1,"Kevin seems like an authentic person. He seems like a good friend. maybe he's an actor because he was seen on that set when he went, when he was throwing the baby. Um, but yeah, he seems like a good person.",sub-1008,4.0,81
1008,1,2,"Jack, Jack seems like he's in love. He's in a happy relationship with the woman. it seems like they're very intimate with each other. He seems very comfortable in this situation.",sub-1008,1.0,82
1008,1,3,"Randall seems very smart. seems like he has a perfect life. He has children. He has a nice home. maybe he has issues with his um parents. yeah, but he seems like a pretty, um, well-established character.",sub-1008,3.0,83
1008,1,4,"Kate seems like she's going through some sort of midlife crisis. You see her in the beginning throwing out food. Maybe she's trying to make a difference in her life. And I'm assuming the poop was so she wouldn't go back into the trash to get it. Um, but yeah, she seems like she's going through something right now. Uh, she seems to have been maybe childhood friends with Kevin. And they're in it together. They XXX might be roommates. Um, but yeah, she seems, I'm interested in how she's going to overcome whatever she's dealing with.",sub-1008,2.0,84
1008,2,1,"I'm glad that Kate’s going on a date. maybe she's trying to change something about her diet because she refused um dessert, and we see her in the beginning throwing out like a bunch of food so maybe that's what she's dealing with right now.",sub-1008,2.0,85
1008,2,2,"I feel a little bad for Kevin. I know how hard it is in the acting industry to find jobs and he seems like he cares about, you know, his role.",sub-1008,4.0,86
1008,2,3,"Jack seems like a pretty good husband still. Now I know that the pregnancy with his wife is risky. Maybe she's a little older, so I just hope things work out for him. he seems like a very attentive husband, they have a good relationship.",sub-1008,1.0,87
1008,2,4,"Randall. At first I thought he had like a successful cookie cutter life with a good home and the children but it seems like he might not like his work as much because he seemed very uncomfortable when he was being sang happy birthday to and he was reading all the emails so it seems like maybe there's something missing in his life, um, and XXX in the first XXX of scenes, like very successful.",sub-1008,3.0,88
1008,3,1,"I empathize with Kate more, just because it's very difficult being, fitting in with beauty standards nowadays, or like I guess in general for women. So I empathize with her. Um, I'm glad that she's going out on dates, you know, trying to find people um that she can have you know romantic interest with because I know um people who struggle with body image- body image issues, um typically don't feel like they deserve any sort of relationship. Um but yeah, I, I like Kate, I'm glad that you know she's trying to better herself, I guess. But, yeah.",sub-1008,2.0,89
1008,3,2,"Kevin, I'm not getting annoyed at Kevin. I'm just, it just seems like he has a job perfect for himself. And it seems like he's complaining a lot. Maybe we need to know more context about um his previous acting experience or previous struggle with getting a job, but it seems like his problems are pretty minuscule in comparison to the other characters. also, I think he might be a younger sibling with Kevin and Kate just because the way he acts, I feel like Kate um is like the supportive one, the one who like comforts him.",sub-1008,4.0,90
1008,3,3,"Jack’s a good father, he's a good man, and um he seems to have a good relationship uh with his mother. Um, yeah, nothing's changed with him.",sub-1008,1.0,91
1008,3,4,"I'm just a little confused as to why Randall says he doesn't want to meet with him now. But then later on we see him meeting with the man who I assume was his father. Um, but yeah, I mean I was further um, reminded that he's rich. I mean he spent, I don't know how much money, finding his father, so clearly he has a good life for himself. But there's this lingering question about you know his father and maybe why he left him at the fire station when he was younger. .",sub-1008,3.0,92
1008,4,1,"I feel bad for Kate, she spent like she said 36 years and she hasn't had a good relationship in a while and yeah I empath- and I empathize with her just because it's very hard to want, move on with your life when you have this issue of self identity and how you see yourself. I like the relationship which she has with her brother Kevin. I think they seem like a very nice um, you know pair of siblings. I'm assuming that their parents are both passed, or both dead so it must have made them a little bit closer. Um, but yeah, I like their relationship. Uh, I hope that, you know, Kate aspires to do something about her relationship with her body and she has a more healthy relationship with it and that she um finds love that she's looking for.",sub-1008,2.0,93
1008,4,2,"Jack’s a good father, he's a good man, and um he seems to have a good relationship uh with his mother. Um, yeah, nothing's changed with him.",sub-1008,1.0,94
1008,4,3,Randall I think is a pretty brave character for wanting to meet with his father. I know it must be a difficult decision considering that father abandoned him at such a young age. So I give him props for doing that. it seems like his wife is pretty supportive of him. So it's good that he has that relationship in his life. Uh yeah.,sub-1008,3.0,95
1008,4,4,"Kevin. I'm starting to lose interest in Kevin. I think the other characters, relationships, and stories are much more interesting. I'm just a little confused as to um what Kevin's goal is. Uh, does he want to be a big star? Like does he want to quit this job? Like I don't understand. Also I forgot to mention that earlier with Randall when he mentioned Manny. And that's the show that Kevin's in. I just forgot to make that comment. So I'll just say it now. Um, yeah it's interesting. Now at least we know that they live and they exist in the same universe as one another. And it's not just like, I don't know, different, different stories going on if that makes sense.",sub-1008,4.0,96
1008,5,1,I guess more my thoughts about his father. I'm not saying that there's an excuse for abandoning his son. But it's just interesting to know that he wasn't in the best state of mind. So yeah and Randall is just a little confusing maybe for me because being never in that situation that he wants to meet with his father. But yeah when the time comes he doesn't know what to say to him. So that's just a little bit confusing.,sub-1008,3.0,97
1008,5,2,"I thought Kevin was a pretty boring character. But now I realize that there's more substance for him. Um, he clearly wants more out of himself instead of this you know uh vapid lifestyle um where no one cares about anything that matters. Um, only you know, so yeah I think uh although he seems, his dreams seem pretty um, I guess materialistic. Not materialistic but it seems as though his problems aren't as uh troublesome as the others. I definitely think it's important to know you know his struggle with wanting a more fulfilling life.",sub-1008,4.0,98
1008,5,3,"just got new information as to how Kate met the man from her date. I guess what did change, I didn't know that she was in this sort of support group for other people who are also struggling with their body image um. So yeah at least Kate has a support system. but yeah nothing else really changed.",sub-1008,2.0,99
1008,5,4,"Jack’s a good father, he's a good man, and um he seems to have a good relationship uh with his mother. Um, yeah, nothing's changed with him.",sub-1008,1.0,100
1008,6,1,"Jack’s a good father, he's a good man, and um he seems to have a good relationship uh with his mother. Um, yeah, nothing's changed with him.",sub-1008,1.0,101
1008,6,2,I’m starting to have a little more respect for Kevin just because before it seemed as though he- all he was doing was complaining about his job but not really doing anything to change it. so now it seems like he's taking a stance. Now that he's quit his job in front of a live audience which I think will have some repercussions um just because it might be more difficult to find a job in the future after you making a scene out of yourself but I think it was worth it because um he needs to know his worth.,sub-1008,4.0,102
1008,6,3,Randall's a very strong-willed character and I think he's very secure in himself. I thought it was pretty noble of him to want to present his children to his father even though um he didn't really get the satisfaction of you know when he met him since it was pretty unfortunate. The father didn't really say sorry about it. He doesn't really feel remorse towards leaving his son. but yeah think it's pretty noble of him to uh want his children to meet hi- uh their grandfather.,sub-1008,3.0,103
1008,6,4,"I like Kate as a character. Um, she's not the type of character, you know, you feel pity for. Uh, I know there's some characters that kind of give off that energy like, oh my life sucks but it seems as though she's trying to make a difference and hey, she's meeting new people. So it seems like her life is, um, besides you know, with her weight, but it seems like her life is going well for herself. And, um, as a viewer I want things to get better for her. I think like she deserves that.",sub-1008,2.0,104
1008,7,1,"I just realized that Kate also had another sibling. I'm just a little confused as to why we don't see Kate interacting with Randall as much. Maybe they grew apart as they got older. But yeah, uh I see that she shared her first kiss with her date, Toby, which must have been a big moment for her. So yeah, I think she's feeling happy. Um, she seems really content with the relationship that's been blooming. And yeah, it seems like she's very protective of her brother and that they have a good relationship as you see you know her cover him with a blanket. Um, but yeah, nothing too much has changed about my thoughts on Kate.",sub-1008,2.0,105
1008,7,2,"Um, Jack, uh, well it turns out that he's the father of the three other characters. Um but yeah, that's my thoughts on him has changed because now I know um that he has passed since the characters in the present are talking about him in the past tense. So it seems as though Jack um is no longer alive. I'm just a little confused as to what the mother's role is. Um just 'cause she's also dead, but uh I guess there's more of a focus on Jack in the story. Um, but yeah, I still think he's a really great father. Um, nothing much has changed about him besides the fact um that we learn that he is the father of the three other uh main characters.",sub-1008,1.0,106
1008,7,3,I’m starting to have a little more respect for Kevin just because before it seemed as though he- all he was doing was complaining about his job but not really doing anything to change it. so now it seems like he's taking a stance. Now that he's quit his job in front of a live audience which I think will have some repercussions um just because it might be more difficult to find a job in the future after you making a scene out of yourself but I think it was worth it because um he needs to know his worth.,sub-1008,4.0,107
1008,7,4,we find out Randall has siblings. And he's looking for his biological father. Because his adoptive father is Jack.,sub-1008,3.0,108
1008,8,1,"I definitely feel bad about talking uh bad about Kevin earlier. But uh yeah I think he definitely has more substance. He knows his worth and he knows that he shouldn't be treated as a slab of meat. Um, especially when other actors are you know pursuing more deep roles and have more meaningful lives. And that's what he wants. Uh so yeah I think his goals are pretty clear. Um, he wants to make a name for himself that isn't associated with this y'know dumb uh sitcom. And I respect him for that.",sub-1008,4.0,109
1008,8,2,"I guess I learned you know Kate’s still um taking the relationship with Toby a little slow. Just 'cause at first she didn't want to let him in. She has hesitance towards the next step. Which you know as someone who's struggling with body image issues I can understand you don't want to um get your hopes up too high. But yeah it seems as though um this is kind of the introduction of Toby and Kate in the apartment. Um, but yeah uh nothing new has changed about Kate.",sub-1008,2.0,110
1008,8,3,"Uh, well now I have some reason to believe that Jack's wife definitely lost the third baby. Because it seems like something wrong was going on during the delivery. Uh, so yeah uh nothing really new changed about Jack's behavior. Um, I guess we um see again that he's a very attentive husband who's worried about her um and he takes note that she's in distress. So uh yeah nothing new.",sub-1008,1.0,111
1008,8,4,"Um, my thoughts about Randall. I think he was pretty fierce for going up to his father and saying all those things to him. It definitely seems true that he didn't need his father's influence to succeed. And I think it's very bold um but respectable move to tell his father that. Um it seems that he wants more than XXX 'cause he enters the building. So um yeah it was pretty understandable. You haven't seen your biological parents since they abandoned you. You don't want to just leave it at um telling them what they did wrong. But kind of get the explanation as to why. So I think that's what Randall's end goal is. So yeah um I am liking Randall's uh storyline.",sub-1008,3.0,112
1008,9,1,"I just realized Kate seems like a pretty good sister, you know, um being able to be there for her brother even though she's still on a date, um I think that's pretty selfless of her. Um, but yeah that's about it.",sub-1008,2.0,113
1008,9,2,"Uh, my thoughts on Randall. Um, I guess that we didn't, we haven't been seeing a lot of his parenting um style in these past clips. So it's just nice to see how attentive of a father he is. Um, and especially with his wife. It seems like they have a very good dynamic. Um, uh, yeah, it seems as though uh Randall's good parenting might have stemmed from the fact that his father was just not adequate and he wasn't there for him. So maybe he's um trying to make sure that his daughters have that father that they really need. Um, but yeah, I think Randall's a very good character. And uh yeah, it seems like he has a nice life for himself with his family.",sub-1008,3.0,114
1008,9,3,"Jack's a very attentive husband. Uh he seems to care for his wife. Um, I definitely feel for him at this moment. It must be hard to lose a child. Um, even though you know you have two other children, it's very difficult um loss, so. Uh, yeah, right now I'm feeling a little bit sad for him. Um, as for relationships with other characters, um I like the interaction between him and the doctor. I think it helps ease him in this, you know, um very tense moment, so, yeah.",sub-1008,1.0,115
1008,9,4,"My thoughts on Kevin. I think Kevin was pretty funny in these clips. Um, uh, just because Toby asked him to take off his shirt and he had this blank stare. Because that's the reason why um he made a scene at his um job and got fired. Because the producer had told him to take off his shirt. Um, so that comedic timing was funny. Um, but yeah, I definitely think that Kevin was in the right to uh, you know, leave that environment because it seems very um just superficial. Uh, but yeah, nothing much has changed about Kevin. I just think um it's good that he has a, a healthy relationship with his sister and that he can trust her. Um, yeah.",sub-1008,4.0,116
1008,10,1,"Jack seems like he was a very good father. Um, he took on this new baby you know because of the, the loss of his third baby which seems like a very noble act. Um, and yeah he definitely seems like a good um family man. He seems like he's going to be a good father. And yeah that's basically my whole thoughts on Jack.",sub-1008,1.0,117
1008,10,2,I think Kates a very resilient character. You know she's trying to make a change for herself. As seen from the many post it notes in the fridge which I thought was a very smart move because you know she ignored the first one and then uh past Kate reminds her not to eat the birthday cake. So yeah it seems like she's um going through this struggle but definitely wants to overcome it so I think she's a very strong character.,sub-1008,2.0,118
1008,10,3,"I wonder, I just wonder who the other actor in the scene was with him. He seems like a pretty big deal. Maybe someone that Kevin aspires to be or um wants to have the same amount of respect as that actor has. Um, but yeah that's about as much as I, um my thoughts on Kevin have changed.",sub-1008,4.0,119
1008,10,4,Still think that Randall's a very um well written character. You know although he has this bad relationship with his father. He does want him to meet his grandchildren. And it seems like uh his father um it seems like a good man to the grandchildren even though they don't know that he is their grandpa. But yeah I hope that you know that relationship is you know resolved and it's going to take time but it seems like there's something worthwhile in this man that Randall sees.,sub-1008,3.0,120
1011,1,1,Kevin seems like he cares about the people he knows. But maybe is unhappy in his professional life. It's strange that he's so prone to outbursts while he was caring for whoever Kate is to him.,sub-1011,4.0,121
1011,1,2,I don't have many thoughts about Randall at the moment. Seems like his father might have passed away too early and he misses him greatly.,sub-1011,3.0,122
1011,1,3,Kate seems like there are some changes that she wants in her life. Maybe she has struggled following through but is looking for support.,sub-1011,2.0,123
1011,1,4,Jack seems loving and affectionate towards his partner and I know him from another show.,sub-1011,1.0,124
1011,2,1,Kevin is having some difficulties with work. And maybe he's not satisfied. And he's having difficulty communicating with the people he works with about it.,sub-1011,4.0,125
1011,2,2,I don't know much about Randall other than he's a high professional and just turned 36.,sub-1011,3.0,126
1011,2,3,"I think that Kate still is just trying to make some changes, likely dietary changes in her life. And is finding that to be a struggle with all her social commitments.",sub-1011,2.0,127
1011,2,4,Jack’s very caring about his life and the future of his family.,sub-1011,1.0,128
1011,3,1,She cares about her brother who I think is now Kevin. And wants to see him through. She has kind of a big sister mentality with him so I think she might be older than him.,sub-1011,2.0,129
1011,3,2,Jack continues to go aggressively defend his family. And it seems like he will go to no end to protect them.,sub-1011,1.0,130
1011,3,3,"Kevin continues to be a little dramatic about his professional life. Maybe he's really, really unhappy and has been unhappy for a long time. It's sweet that he turns to who I think is his big sister Kate for help or advice. It seems they have a close relationship.",sub-1011,4.0,131
1011,3,4,Randall has changed. Some thoughts. He seems like he didn't know his father at all. He's always been curious. It's always been a cloud over his head that might affect his family life. But it seems like he's trying to be a good father.,sub-1011,3.0,132
1011,4,1,"I'm not sure yet what has happened with Jack's family. If something terrible happened, he seems more reserved than I thought he would have been concerning you know the news. I thought he might have been more outwardly angry. But we don't know the timeline of things yet.",sub-1011,1.0,133
1011,4,2,"Kate is looking for some kind of outside uh push to accomplish her goals. It seems like she's been trying to accomplish goals for a long time and hasn't been on herself. I'm not sure if she fully believes in herself or fully believes in what she wants to accomplish. It kind of bothers me that she needs somebody to tell her to do it. She needs to, in my opinion, want it herself before she can accomplish her goal.",sub-1011,2.0,134
1011,4,3,"Randall is having difficulty controlling his emotions, which is understandable. It's something he's been dealing with for almost all of his life. The unknown of his father or his parents. And he turns to his family, his wife, for help in this. So she knows that this has been something that's bothering him too. Maybe he doesn't know if he wants to find out more. Maybe he regrets finding out.",sub-1011,3.0,135
1011,4,4,Kevin cares about his sister a lot.,sub-1011,4.0,136
1011,5,1,"There's something deeper to Kevin that we haven't seen yet. I don't know why he's talking about the challenger explosion, but something in his childhood seems to be affecting him currently. I'm not quite sure what that has to do with his distaste for his current professional life.",sub-1011,4.0,137
1011,5,2,"Jack continues to uh behave as someone who cares a lot about his family. He cares about his wife's emotions and tries to joke around with her in order to make her feel better, which kind of sets up uh a tragedy for the viewer if something were to happen with the family during delivery.",sub-1011,1.0,138
1011,5,3,"It seems like Randall actually might have found his father and I'll make sure just to see how he'll further react here. I don't know if he wants to be more part of his father's life, if he wants to get to know him, he needs closure for something, but he needs to have this open discussion at least. This is something that's been bothering him for a long time.",sub-1011,3.0,139
1011,5,4,"We saw Kate in a support group here, so it lends credence to this idea that I think she's trying to work on herself, but also might need some outside support as well.",sub-1011,2.0,140
1011,6,1,Kate’s still looking for some outside validation to help motivate her through her personal goals.,sub-1011,2.0,141
1011,6,2,"My thoughts on Kevin have started to change a little bit with this scene, and he's very much projecting his disappointment in himself, he blames everybody, including the audience, for the field that he works in. So I haven't seen him take much responsibility for himself. So my thoughts of him have started to skew towards the negative.",sub-1011,4.0,142
1011,6,3,"My thoughts of Jack were slightly reinforced here. The doctor made a crude joke, and Jack didn't find it upsetting, and he didn't get angry about it. He cracked a smile because he saw that he was, the doctor, was just saying these things to make his wife feel better, and Jack seems like he'll do anything to protect his family.",sub-1011,1.0,143
1011,6,4,"Randall continues to show that he's very confused in his emotions, feeling a lot of things he hasn't felt before, but it's been building up for a long time. He wants to be angry at his father, but also desires to have his own father figure, because he's been missing that through his whole life.",sub-1011,3.0,144
1011,7,1,"Kate is the daughter of Jack, the sister of Kevin, and the, uh I guess, also adopted sister, sister of Randall.",sub-1011,2.0,145
1011,7,2,"Jack is very kind, and has a very open heart, cares about his family so much he'll do anything to support his wife, and he's very open in his kindness and wants to spread that to others around him. But, it's wild that we realize that Jack's events happened, I guess, thirty-six years before the events of the rest of the show.",sub-1011,1.0,146
1011,7,3,"My thoughts on Kevin have started to change a little bit with this scene, and he's very much projecting his disappointment in himself, he blames everybody, including the audience, for the field that he works in. So I haven't seen him take much responsibility for himself. So my thoughts of him have started to skew towards the negative.",sub-1011,4.0,147
1011,7,4,"Randall still doesn't know how to handle his emotions, but he wants so badly to know his father, that he's willing to, at least put to the side, his father's transgressions in attempt to form a relationship. He also seems like he has a very loving relationship with his immediate family. His wife has allowed Randall to bring this man, who is a stranger, into their home.",sub-1011,3.0,148
1011,8,1,"Kate um seems sort of reticent about accepting support from others. She might need a push, but she's not uh super against it.",sub-1011,2.0,149
1011,8,2,"Kevin is confusing in this scene. He seems very excited about a job well done on shoot. But his emotions quickly changed when he was asked to do something, uh maybe a little extra, including take off his shirt. There's something about that kind of request that rubbed him really the wrong way and led to his outburst and uh firing on set.",sub-1011,4.0,150
1011,8,3,"Randall has used his uh unfortunately traumatic childhood or I guess traumatic abandoning um as a driving force to do well in life and to provide for his family. He's upset about his circumstances, but would love to find a way to reconcile.",sub-1011,3.0,151
1011,8,4,Jack loves his family. He's very concerned and he needs to be a part of everything that's going on with his wife and children.,sub-1011,1.0,152
1011,9,1,Jack loves his family and his wife very much. He seems maybe upset that he can't be with her in a very important moment um and it's difficult for him to believe the events that are transpiring.,sub-1011,1.0,153
1011,9,2,Kate was willing to interrupt her own date to console her brother once he was upset about losing his job. So she cares about her brother very much.,sub-1011,2.0,154
1011,9,3,I just realized that Randall has more than one child.,sub-1011,3.0,155
1011,9,4,Kevin is beginning to confuse me. He is successful but still disappointed in perhaps himself or his career and I'm not sure why yet.,sub-1011,4.0,156
1011,10,1,"Randall deeply wants some sort of, not acceptance but reconciliation from his past and is willing to bring a stranger into his home. He has a great relationship with his wife and he's very understanding of Randall's uh kind of trauma and dilemmas. All in all Randall just wants a family and for everybody to be happy.",sub-1011,3.0,157
1011,10,2,"Kate is likely early in her journey for achieving her goals uh as evidenced by leaving notes around but not yet fully following through on things like just throwing out and cleaning out her fridge. Um, but maybe as she turns 36 that will be a, a, a you know, kind of achievable goal for her.",sub-1011,2.0,158
1011,10,3,Jack loves his family and his wife very much. He seems maybe upset that he can't be with her in a very important moment um and it's difficult for him to believe the events that are transpiring.,sub-1011,1.0,159
1011,10,4,"Kevin continues to confuse me. He seems excited about the scene. He was excited about the people he was working with. Uh, it's kind of clear that he has a strenuous relationship with somebody on their staff, XXX the writer but I'm not sure what drives Kevin and what motivates him.",sub-1011,4.0,160
1014,1,1,,sub-1014,3.0,161
1014,1,2,,sub-1014,2.0,162
1014,1,3,,sub-1014,4.0,163
1014,1,4,,sub-1014,1.0,164
1014,2,1,,sub-1014,3.0,165
1014,2,2,,sub-1014,4.0,166
1014,2,3,,sub-1014,1.0,167
1014,2,4,,sub-1014,2.0,168
1014,3,1,,sub-1014,4.0,169
1014,3,2,,sub-1014,1.0,170
1014,3,3,,sub-1014,2.0,171
1014,3,4,,sub-1014,3.0,172
1014,4,1,,sub-1014,4.0,173
1014,4,2,,sub-1014,2.0,174
1014,4,3,,sub-1014,1.0,175
1014,4,4,,sub-1014,3.0,176
1014,5,1,,sub-1014,1.0,177
1014,5,2,,sub-1014,2.0,178
1014,5,3,,sub-1014,4.0,179
1014,5,4,,sub-1014,3.0,180
1014,6,1,,sub-1014,2.0,181
1014,6,2,,sub-1014,4.0,182
1014,6,3,,sub-1014,3.0,183
1014,6,4,,sub-1014,1.0,184
1014,7,1,,sub-1014,3.0,185
1014,7,2,,sub-1014,2.0,186
1014,7,3,,sub-1014,4.0,187
1014,7,4,,sub-1014,1.0,188
1014,8,1,,sub-1014,2.0,189
1014,8,2,,sub-1014,1.0,190
1014,8,3,,sub-1014,3.0,191
1014,8,4,,sub-1014,4.0,192
1014,9,1,,sub-1014,1.0,193
1014,9,2,,sub-1014,3.0,194
1014,9,3,,sub-1014,2.0,195
1014,9,4,,sub-1014,4.0,196
1014,10,1,,sub-1014,3.0,197
1014,10,2,,sub-1014,2.0,198
1014,10,3,,sub-1014,4.0,199
1014,10,4,,sub-1014,1.0,200
1017,1,1,"At this moment I'm not really sure what I think about Randall as he only like was shown for a short period of time. Um, he seems emotional a bit because um he starts cry- I mean starts crying after, after a talk. Probably his dad means something to him because the other person mentioned um mentioned that, that his dad might be proud. Maybe there are clearly some issues there because um, yeah I don't know, usually people do not talk about father being proud, like maybe family or mum mostly. So maybe there are like issues, maybe that he's not there. So behavior, he was uh he was pretty calm the whole scene and um and he starts reacting emotionally after the other person left. So he, like he seems to be like a emotionally closed um character but also, but he is able to express his emotions. And relationship with the other guy, um he seems to be close but not close enough for him to, to um, make him stay or just express something more. So maybe like an old family friend or something.",sub-1017,3.0,201
1017,1,2,"Jack’s wife was kind of sweet at some point. Um, so I would rather say that um he is trying to make, make his wife or partner, feeling sexy even despite she is uh she's in labour. And XXX whole scene with him being naked, sitting on the, on the bed was kind of disturbing maybe because of the, I don't know, it was interesting to see that, the people looking, you know, she was doing everything for him for his birthday and he was like trying to make her feel comfortable with, with, in her state. So um, it seems nice, it seems like a nice relationship with uh the other character and um like he was insisting on something but not like being rude in it so I guess he seems like a nice guy right now.",sub-1017,1.0,202
1017,1,3,"So the scene when he is eating i- ice cream with uh with the other character, I'm, I wasn't very certain about this scene because in the previous one I saw that she was like throwing away all her food so I was thinking that maybe um he is the one that is pushing her um to eat, maybe not to eat but like to um ex-exchange the feelings of uh weakness, like when XXX like you know eating when you have stress or something. So, but they seem kind of close and even though despite she said about him that um he is not a nice guy, they still have a connection somewhere. So um he, he seems like someone who cares about other people, even that uh a very weird way of caring about others.",sub-1017,4.0,203
1017,1,4,"Right now Kate seems like a nice person, um a bit, a bit, a bit lost for sure. Um she um is forcing herself for some things that are not um really important, I mean, in, in life, that she is like throwing away the food maybe trying out a diet. Um, she is also like, she has a friend, so um she is eating ice cream with her friend so she must be a um a nice person. XXX lost because um because uh she was like crying on the, on the bathroom and just eating ice cream so just saying that she doesn't know where she is. So I was like um I was wondering what happened, why, why, why did she get there and why was this guy and um maybe because of the connection with the previous scene when she um when she uh was throwing away the food I was also thinking that she needs a bigger change in her life um XXX than only sitting on the bathroom floor and just sobbing.",sub-1017,2.0,204
1017,2,1,"relationship with the guy um, it was probably a date, um, so she seems, she seems a bit uncomfortable, I mean she is of course laughing at his jokes but um, I really appreciated the fact that she was um, stayed still with her, um, no, to dessert, it was like you know, a tiny thing that, um, it's making her like very, um, comf- like, comfortable with her own choices for a um, my thoughts for Kate changed? No, not really, not yet, um, she is definitely someone like committed to her choices, uh, I like wonder if that's just been before, I mean after, um, she throw away uh the food because it's, it's kind of connected because she sticks to her choices, which is great, and she didn't get anyone else influences her choices, um, yeah.",sub-1017,2.0,205
1017,2,2,"I still think he is a lost character right now, um, the scenes are, I kind of saw him from the side of a, of a working person, um, I'm not really sure why is he trying so hard to um get something in the, in his field, um, my thoughts, it's, it was kind of interesting to see that uh he is trying to, trying to explain his uh his behavior as a, as a committing to the character, um, so I wonder if he is like aware of his own feelings and emotions on the, on the stage or just trying to um let it go, like let it out, the feelings.",sub-1017,4.0,206
1017,2,3,"So, this scene at, at the office, it was kind of interesting for me because I was wondering if he uh if he is like a typical boss, that people are just entering his room and he is so busy, um, then he was the first interested in the email and he was uh working, I don't know, I thought like at the very first second that he is not happy about him turning thirty- uh thirty-six years old and also connected that maybe to the um thirty-six years old that Kate was saying about herself, that she is also thirty-six and she is lost and um Randall also like, his face didn't show like happiness or anything like, um, positive, he was mostly, um, okay he was busy and they like took him by surprise but it's not a, um, behavior I would expect with someone who is maybe giving you, uh making a surprise for you.",sub-1017,3.0,207
1017,2,4,"So, he's just still shown in the same environment with his wife, um, this is very uh sweet to see that he is trying to make her feel good about herself and, um, they are also laughing together even despite that she is really in pain because she is like just about to give a birth and, um, he seems to be like a nice guy still. I don't know, I just, I just have like thoughts about him that something is wrong about him but I don't know, maybe that's because of, uh you know, the XXX and the connection to the, the, the previous one.",sub-1017,1.0,208
1017,3,1,"So like for all these things he seems like a really sweet person and cares deeply about uh his wife and uh the XXX life and the kids and so right now he is very, very sweet. Um, but the only thing that is kind of worrying is maybe the fact um he doesn't want to talk about bad things. He's just denying what he see, what he hear, what he hears XXX. So yes, yes he's very sweet and and caring but at the same time he would rather wait and see the corpse. I mean, bad things can always happen if you just be prepared for them and he's not like ready for that yet. So I was like thinking that maybe he's not ready for being a father. I mean, he's a great partner for sure, he's very um, um, he's just next to her whenever she needs her, she needs him so he seems like a nice guy but with some XXX probably.",sub-1017,1.0,209
1017,3,2,"She's uh, I still see her in her scenes when she's like trying to um, um lose some weight or just checking out her weight or just eating everything. Um, I really like that, the relationship she has with the other character, like they are sitting together on the couch drinking and just talking about bad bad things XXX someone who cares about, about him. I mean, I kind of relate to the, the fact that she told him that uh he's not a good guy but she is still on his side so I wonder if she's just you know being um just the type of mean person that is like protects herself from being um um full of emotions and just and full of empathy or she is just uh she knows him well maybe. I don't know, but she seems fine so far.",sub-1017,2.0,210
1017,3,3,"I, so, right now I think he is a good actor. Just with his uh father, like recording, record his father. He seems like an intense actor and when he's like almost crying on the shoulder of Kate, he looks very vulnerable and he's like able to express emotions and um even despite you know the anger that he gets before, I still think and feel that he's a, he's a good person here too.",sub-1017,4.0,211
1017,3,4,"So, now I wonder if the person that was talking to him about uh you know his father being proud, uh the other guy, if that was the, the person he hired to find him. As I saw he was referring to his father as someone who was missing. I mean I, I'm pretty sure he is afraid of you know what things may come because he never met the dad and the dad left him without meeting him. So he's probably full of doubts and, and just scared about everything. But he's like very limited with emotions. I mean he seems very limited with emotions, maybe because his face is not showing a lot, a lot of them. Um, but when it was with, with the kid, it looked, it looked like a very sweet scene and he was like, XXX just after saying that his dad didn't care about him, didn't care about him, he cares about his child a lot. So it was kind of a very, a very positive person um situation. It was really nice to see him behave like this.",sub-1017,3.0,212
1017,4,1,"So this is very interesting character, mostly because he is very cliche. Um, all about, you know, he doesn't know his father, but he started behaving like a bad one after he found him. Um I like wonder what happened when he invited the dad to his life again and why it turns out bad. So I like to wonder what is going on there. But at the same time, um I understand that he has um, he's moved a lot after you know meeting with the dad because that what he said. And okay, he is not behaving well in front of his kids and wife, but I mean I understand that. I understand why he might be like this. Not, not every day you deal with situations like rejection and um getting back together with, with your family and people who you should love and they should love you back.",sub-1017,3.0,213
1017,4,2,"I really like this scene with him thinking that this stuff that he is recording are not right. Okay, he overreacted later, um you know, with um just the fact that he was like smashing the baby. It was, it was awful. But at the same time, he sensed weird things he believe in and the fact that someone like told him to, you know, breastfeed the baby. It was awful and I am really glad that he reacted, reacted uh pretty well for that. So I'm like, I'm trying to connect him to the Kate because, you know they are friends. So you know she is standing for stuff she believes in and he also like stands up for stuff he believes in. So I was like wondering, he, even like was open to lose a job after standing up for stuff that he believes in. So yeah, he is a nice character. I thought he is like overreacting, but after seeing this scene, maybe he just stands for XXX.",sub-1017,4.0,214
1017,4,3,"So she is like more vulnerable for sure in these scenes and she also has a really nice relationship with Kevin, which is, which isnice. And she is like showing her um, her self for sure. I was uh interesting in interested in her talking about her life, how she uh links that to, you know, happy life, future family and everything. So like wonder if there is like any medical issue that she is trying to refer to, like why is she trying to lose her weight now. Before, you know before I thought maybe about a guy, but now it is her own choice. So I like, I'm waiting to see what's in her mind about that.",sub-1017,2.0,215
1017,4,4,"So I was like thinking um that I am not surprised that he is sitting on the chair just feeling low and blue because something happened. And I don't know if it was either happened to his wife or kid or just, you know, he is stressed about the delivery because I. But maybe it will be like a point for him, like a change point in life when he will just start to think um about how to accept bad news. Not bad news about you know someone's death, but before he would be like more open to the possibility that something may go wrong. So maybe it will change him, so I really, I really hope that um after this very sad scene he will get better and maybe more open to advice from other people.",sub-1017,1.0,216
1017,5,1,"Yeah, so the thing is, I like still try to figure out if he's, like, behaving as a, being, you know, a bit less intelligent, or he really is just, you know, very emotional, and that just makes him, um, behave like, a bit like a kid maybe, because, you know, girls are, you know, there's these two girls, like, around him, like, very XXX trying to get him to bed, and he's just, um, ignoring them and talking about his own life and this movie, and it was interesting to see in general how he deals with situations that are very, um, straightforward, and he's not ready for them. This kind of was, like, a thought of his already, or, like, life, of maybe being, uh, maybe for being a star.",sub-1017,4.0,217
1017,5,2,"So nothing new about Jack here, because this is like a scene before, um, before, before um, you know, the talk about, um, issues with the pregnancy, but maybe one thought that he's a bit childish with his behavior, even despite that he's a good uh fathe- uh partner. Um, so yeah, I'm, like, waiting to see what's going to happen with him.",sub-1017,1.0,218
1017,5,3,"This scene was so intense and so sad in general, you know, his own dad doesn't remember why and where, and, I don't know how he left him, this was so sad in general, so, um, he is stressed in the, the scene, um, it was, it was, you know, easy to see that he was trying to force his dad to say anything, like, like even, I'm sorry, or, I love you, like, you know, XXX. So, he is both angry and stressed, but, um, but he got, like, offended by the fact that his dad, like, was trying to impose the idea that he's trying to, um, get the money from his dad or something, so it was like, it's a thing to see his reaction on that, because, as you can see, he doesn't really care, uh, he doesn't need money from, like, random person, he just wanted, um, tell emotions, like, positive emotions from his father, he doesn't even get, so, yeah, this scene was really sad and I was, like, feeling bad for him.",sub-1017,3.0,219
1017,5,4,"So, at this time I thought her relationship with the guy was a bit sweet, like, um, sour sweet, um, because they're, like, they went to the therapy together, which is great, so she is, like, showing her, you know, in the previous scene she was, like, she wanted to, her to lose weight, so she also, like, maybe invited her important person to go with her, so I'm, like, open to see that, uh, the whole XXX idea, like, together, or XXX join her, and I really like uh the fact that they, um, that they were laughing at the same joke, it was, like, you know, a small line between them. I was thinking that they, maybe they met on the, on the therapy, like, for therapy, or, you know, just making fun about the same things and just laughing at the same things, you know, you feel, relation, related to somebody, like, to feel relation. Um, I'm, I'm kind of waiting to see if that's, XXX little sparkle of their behavior, or will it change to something, or is it, like, before or after, I'm, like, trying to figure it out.",sub-1017,2.0,220
1017,6,1,"I really like that she is so committed um you know to losing her weight and the relationship with the other two of the guys. It was so sweet. I mean, you know, the exchange of these tiny was just adorable. And um she is like referring to him as being on the line where like she is living behind the line. So also pretty funny and she seems like a really um like funny character, like you know committed to her choices but also like open to other people and just ready to accept everything. And she is so honest actually because she like said in the very first sentence after meeting the guy that she is not able to be with someone who is fat. Probably because she want to, wants to um lose her weight so it might be more difficult if the other person is also having like issues with eating. So yeah, I'm like, I still think she is um, she's a nice person, like you know, funny and I really like her, I really like her point of views of everything, like being honest and funny and, and witty too.",sub-1017,2.0,221
1017,6,2,"There wasn't, there was not a lot of things about Jack that changed, because it was like the same scene, it was, you know, the story told, it was just him and his wife in a labour room, the delivery room. So I am just, I am waiting to see what is going to happen with them. But the, the doctor itself, he was really nice so, just trying to see connection there.",sub-1017,1.0,222
1017,6,3,"It was a really nice scene, like the same thing as I like mentioned, that he is so committed to his choices and to be a good person, not you know just flowing with his work. So, you know, he was also polite, cause he was like, when he left he was um all about saying that, oh thanks for working with me, at the same time he was referring to everyone that we should all get better. Which was, it was, really good scene and I really like the fact that he told his boss probably, that he will not hurt him, he is just angry at the fact that the plot is so bad that he cannot work with it. So I appreciate his behavior in the scene, um his emotions are under, under control because XXX before I thought that he was overreacting things, but after like I saw like in this scene I think he has, he's a nice behaving guy that was just trying to do good things in general.",sub-1017,4.0,223
1017,6,4,"I still think that Randall is very lost because, you know, dad just told him a lot of very sad things and just mean things in general and he just told him that he doesn't want to know him, he left and was something very unexpected. So I am like, you know that father doesn't want to be in your life because he left you, but at the same time he like never left and invited the guy you know to see his children, I mean the grandchildren XXX. So he is trying so hard to get back his father, but I mean I kind of suspect that it will XXX fail, so I'm like wondering how, how will, how will he deal with the fact that it will be very difficult, it was and will be difficult for him.",sub-1017,3.0,224
1017,7,1,"There's not much to add, I think, about him right now. Um, he's just feeling, right now he's feeling good with his sister and just they're both. So, yeah, it's just nice to see their relation and family.",sub-1017,4.0,225
1017,7,2,"Jack's great, he is a good guy, and that's amazing he even thought about it. I mean, maybe he was committed to the fact that he will have three kids. And you know before talking to the doctor, he was also like referring to that he will have three kids, no matter what you want to tell him. So it was lovely to see that he wants to adopt another kid. And it was like, I don't know, a fate or something. It was, it was pretty nice. And the relationship with his wife was pretty nice and like amazing because they both agree on the same idea, that they might adopt completely random kids that would just left just to make and have a family. It was incredible.",sub-1017,1.0,226
1017,7,3,"So I still have in mind that he said that um he invited the dad to this house and um later something happened, because there was like the the moment she was um I think wasted and he was talking to his wife or partner, and he said that it was a bad idea to invite him. I mean, that's still a nice idea, that he like showed his um hospitality, but at the same time it's very dangerous to do so because his dad just told him that he was uh um he was taking, he was taking drugs, probably XXX, because XXX on the streets or something. So like he doesn't see the possibility that the person he just invited to his life might might be a bad person, but it's still good to show some good to random people. So I don't know. I'm just hoping he will um heal from the situation.",sub-1017,3.0,227
1017,7,4,"I really like the relation that she has with his, with his brother, and that um he and her partner, or she and her partner are trying to um are trying to um have a healthy relationship, both healthy to food and healthy to each other. So, um I don't know, she's showing, um she shows that she cares about the brother, you know bringing the blanket and then leaving him, leaving him like to take some rest. It doesn't seem like he's like very um consistent of her being a good sister or XXX.",sub-1017,2.0,228
1017,8,1,"I mean, I was a bit surprised to see him in the, in the delivery room, which is kinda surprising for men in general. Um, but, yeah, relationship with wife is incredible and he shows that he really cares about her and her well-being, which is great.",sub-1017,1.0,229
1017,8,2,"So, it was a bit interesting scene because I wasn't sure that she is shy, maybe, or just insecure. Um, so, after a date she was like, she, um, she kept the door like not, not closed, not wide open either. And, I mean, I can see that obviously from the other scenes that she is very committed to her um own opinions, so if she would like to invite him then she wouldn't, but she did. So, it was like interesting to see her from the, from the side that she is um insecure and that she, that she was into the guy. I mean, looked like she invited him, I mean, accepted that he want, wanted to get inside. But, at the same time, I thought that this is interesting to see her behaving this way. And that, it's sounds rude XXX invite people in, but she was like, the very same second that he like left her at the door, she was like, okay, bye that was XXX just doesn't seem right. But, I feel like Kate XXX still a nice person.",sub-1017,2.0,230
1017,8,3,"I, I really like the, the fact that after, in this, in these scenes he um just got an information that his work was changed because of uh um some changes in the script. So, I don't know, I felt that he is a bit shocked with the fact that they XXX decided to change it. He later refers to that, he refers to the fact that the guy wrote the lighter scene himself, which is not the best script ever, maybe. And, I don't know, maybe that's why he reacted this way later and all that, after um learning the fact that they don't care about a good show. Because he was proud of himself before he gets to know that the script was going to change. So, I just think um he is um disappointed in the fact that uh the script is going to change for the worse. With some very silly jokes. And, I don't know, losing a shirt, that was just a XXX situation.",sub-1017,4.0,231
1017,8,4,"I still feel bad for him. Okay, he, he takes a bit like a douche because he is, you know, showing off with his, um I don't know, his fancy car and just his family and everything. But, at the same time, I can understand why he behaves like this. He is just trying to impress somebody that he may never see again. He is, you know, trying to reflect that um he doesn't care about his opinion, but I can clearly see that it's not true or I mean that's obvious and XXX no one would be surprised about that part. But, I really like the reaction of the dad. That he's just, instead of, you know, just fighting with him or just saying that, oh really, he just said maybe you should want to come in. It was, it was nice.",sub-1017,3.0,232
1017,9,1,"I'm just thinking that he's having a hard time because he's getting older and he does you know lots of jobs that he's famous for. Of course he's um unsuccessful in some ways but he doesn't have like other things in his life. Um so maybe that's why he didn't maybe care about the meaningless relations with you know the girls that were like approaching him. I mean, I feel kind of bad for him being in this situation but at the same time he's not dealing with it badly. He's just lost so... you know.",sub-1017,4.0,233
1017,9,2,"I was expecting that he might, I don't know, find a bad side of him somewhere but he just seems like a fairly sweet person, caring person and uh someone who's really um cautious about um his family and and um his wife and I really find him um appealing to XXX and I really appreciate the fact that he was just trying to get to his wife as soon as possible. So, he seems like a amazing person.",sub-1017,1.0,234
1017,9,3,"I don't really mention that his um behaviour to kids and the wife is really great and uh the only  concerning maybe a bit was that he... One of his kids, she doesn't want to play soccer for sure but uh they are still, you know, showing the affection to both teams to both kids XXX. It was a really um nice, adorable scene that they were like, switching sides to be for both of them so I think in terms of effort all this, was his dad good father.",sub-1017,3.0,235
1017,9,4,"I'm not sure if anything changed right now. She's just you know um, there was a scene that uh the brother was calling and she didn't pick up the phone but you know something happened so I don't think it has like changed the way I see her as a good person. Um, it seems like XXX stayed with the brother and they were like talking and she was like for him there. So yeah, I, I really like the relation they, that they have like XXX and her brother.",sub-1017,2.0,236
1017,10,1,"Not really, I just feel, um, that's not really, I mean, not much things changed about him because I feel really that he's a nice guy, caring and, and really, um, you know, just open-minded and just really nice for something.",sub-1017,1.0,237
1017,10,2,"I really like this part cause she was referring to her, I don't know, her self from the past, it was really interesting, so like she knows herself so well that she can lift the note and under the note another note, so it was, it was really nice to see that someone is planning like this. And, but it-, it wasn't, it was surprising because she was so committed to her decisions that it was like another um point of view for, for her. Um, but it was like a relationship uh XXX to Kate and that she is trying to be nicer to herself and trying to be healthy. So I really like the fact that she left the note and was like trying to get better.",sub-1017,2.0,238
1017,10,3,"He was so committed to this work and so nice to this guy that was just in the scene, that I felt bad for him, that for him, no for him that, you know for that the, the scene just changed completely and he just, from regular actor, he just become a good-looking guy, and just really and sad a bit. So I really like that he's polite and he was so committed to his work.",sub-1017,4.0,239
1017,10,4,"I wonder if he told his wife that he is bringing the, I mean I'm sure he didn't tell his wife that he is bringing the dad or the guy with him, but I wonder if he even like told her that he is uh trying to, to look for, for him and like look for him. I know he did like in the some of the previous scenes but like he is literally going today to find him and talk to him. And um, it was very interesting to see the way he like introduced the, the dad. It wasn't, he didn't use like the word grandfather so he's like cautious and he's uh careful with his choices. Like he didn't say grandpa, he didn't like say uncle, he just said a name so it's like a XXX version of introduction for kids but I but I can understand that.",sub-1017,3.0,240
1020,1,1,"from what I saw, I think Jack is very loving,, as he, as I can see they his wife slash girlfriend. he's kind of, I don't know, the fact that he was naked, um, he's kind of like, I want to say, very rambunctious and out there, especially regarding how he loves. And, yeah, that's all I have about Jack. I'm trying not to move, oh my goodness, okay. ",sub-1020,1.0,241
1020,1,2,"Kate, I feel like she's very not secure with how her life is going right now. but very few people, aka, Kevin, who she's close with, she cherishes that relationship. Um, and that's all I have about her. ",sub-1020,2.0,242
1020,1,3,"Randall, kind of how I said earlier, um, he definitely has the most tragic XXX backstory, I feel like he has a lot of sad tales within his life time. Um, and he is someone who is a very good friend and is very selfless and thinks about others, especially how he was depicted in that clip, with his friend.",sub-1020,3.0,243
1020,1,4,"Um, and I think Kevin is someone who, um, is very kind and, um, thinks about others while also good at comforting, especially how he helps Kate, not only with her slip, but also, um, XXX kind of cheesy, but with a heart, because it was with ice cream, and I thought that was really, um, very clever, um, and a good way to make someone feel better.",sub-1020,4.0,244
1020,2,1,"Um, I feel like Kevin, I still think he's, um, very kind and sweet. But definitely, it's more negative relationship with his work. Especially, feeling like he wants to do something more than take his shirt off and uh do whatever the executives tell him. Especially being told that he's very replaceable, which is a major red flag. ",sub-1020,4.0,245
1020,2,2,"Randall, um, again, uh not really much change. I just feel like he's a really good dude. Especially, as I said earlier, his whole cohort was um wishing him a happy birthday. And, yeah, just shows that he is a good dude. ",sub-1020,3.0,246
1020,2,3,"Um, Kate, I, I guess my thoughts have changed a little bit. Uh, it went from the first two clips from the last sequence, seeing that she kind of felt defeated. And then now, I kind of feel her trying to take control of her life in a way by going on that date. ",sub-1020,2.0,247
1020,2,4,"Um, my thoughts on Jack didn't really change. Uh, I still feel the same about him, um, the way he cherishes his wife. And, yeah, not much has changed since the last.",sub-1020,1.0,248
1020,3,1,"Um, my thoughts on Kate didn't really change. Um, the scene where she throws away a lot of food, compared to the scene where she checks her weight, once again kind of shows um, her relationship with physical appearance, and food, and calories, especially with her saying like, ""oh, this is so much calories"", after drinking that wine. Um, so far not much has changed, just XXX she is a good sibling and friend, while also trying to get her life together, um, the way that she envisioned it.",sub-1020,2.0,249
1020,3,2,"Um, Randall, I, I like him even more, because not only of his um, selfless personality, but also um, going to his workplace, and also him being a good dad, and breaking the cycle to him treating his kid, compared to how his dad treated him. Um, especially now, him wanting to have the relationship with his dad, find him, and maybe um, start that bond, kind of shows um, how good of a person he is, and yeah.",sub-1020,3.0,250
1020,3,3,"Um, Jack, again, didn't really change, just um, once again shows how much he loves his wife, especially how he reassures her, and he's telling the doctor that, you know, she's going to be okay, she's going to be fine, even though I feel like it's not gonna be fine, um, for the plot, but yeah, not much has changed. ",sub-1020,1.0,251
1020,3,4,"Um, I feel like my thoughts changed about Kevin a little bit, regarding um, the kind of things he wants to do with his career, obviously um, he was able to kind of stop the toxicity that his work was treating him in, um, but other than that, not much has changed.",sub-1020,4.0,252
1020,4,1,"Um, again, I don't think my thoughts on her changed a lot, just that she is more taking control of her life, and seeing progress. Um, and that she is, again, like seeing her on the date and XXX the date shows that it's kind of working. ",sub-1020,2.0,253
1020,4,2,"Um, once again, I don't think Randall my thoughts have changed that much. If anything, again, got more positive, especially showing that he invited his own dad, and the breakdown that he kind of had, um, shows how big of an event this is, but if done well, will change his family's life for the better, I believe. ",sub-1020,3.0,254
1020,4,3,"Um, I feel more bad for him, sorry for him, especially, um, seeing that his wife is officially gone, and he's going to have to be a lot more strong, especially taking care of triplets, which is no easy feat. Um, but, yeah. ",sub-1020,1.0,255
1020,4,4,"Um, Kevin, I feel like his behavior, um, in relationships, especially with Kate, again, shows how kind he is, thoughtful, but I'm still curious on why specifically this scene where he has to breastfeed a baby is, um warranted the breakdown that we saw earlier.",sub-1020,4.0,256
1020,5,1,"Um, I feel like my thoughts on Kevin kind of changed, but also not really. Um, the fact that he wants to change his path to something more meaningful, um, that's still up for debate, but he's definitely in the right direction according to him. And also that, again, he's a good brother.",sub-1020,4.0,257
1020,5,2,"Um, Randall, I feel like my thoughts have not changed much, again, just showing that the rocky relationship with his dad is now much shorter, especially from what I now know from the very first clip that was seen. ",sub-1020,3.0,258
1020,5,3,"Um, Kate, I feel like changed, again, for the positive. Showing that she's taking initiative, not only uh seeing who she went on a date with and how they met, which was the gathering of supportive groups for, um, women with a negative relationship in physical perception. ",sub-1020,2.0,259
1020,5,4,"Um, I feel like Jack, my thoughts on him didn't really change, um, just being a dedicated husband and, once again, um, about to be tasked with something very great, especially involving looking after, um, his wife and her pregnancy. And, uh, I guess now that he has a better relationship with the doctor, Dr. Schneider.",sub-1020,1.0,260
1020,6,1,"Um, my thoughts on Randall changed, um, again, the respect for him goes up even more, and I just realized, again, that scene where he asks his dad if he wants to meet his grandkids was probably right before, um, him having a breakdown and laughing slash crying in front of his wife and kids. Um, but yeah, it just shows that he is, once again, breaking the cycle and getting the whole family together in this precious moment on his father's borrowed time. ",sub-1020,3.0,261
1020,6,2,"Um, Jack, I feel like, no, not Jack, yes, Jack, he is still the same to me, once again, being supportive with his wife and doctor. ",sub-1020,1.0,262
1020,6,3,"Um, Kate, again, not much has changed, just more respect, um, I learned that she is definitely, um, on the goofy side, especially with that line to Toby, being that she's always on the line, while Toby crosses the line, um, it shows that she likes a good sense of humor. ",sub-1020,2.0,263
1020,6,4,"Um, Kevin, once again, I feel like not much has changed, um, from the last time. Just him wanting to be, um, on a more meaningful path, career. ",sub-1020,4.0,264
1020,7,1,"Um, I feel like this, once again, shows that the environment that you are lived in and raised is very important, especially because seeing that his behavior of being brought up in love influences that, and is why he was able to take his birth father back and then share the relationship with his own family. ",sub-1020,3.0,265
1020,7,2,"Kevin, um, I feel like, once again, um, I feel like not much has changed with Kevin. He's an all-around sweet guy, and about to change his XXX career. ",sub-1020,4.0,266
1020,7,3,"Um, Jack, I feel like it changed a little bit. It went from his devotion to his wife to now uh devotion to his overall family, especially um helping another life, even though he lost one of his own. And I think that was very beautiful, um how that all was sequenced.",sub-1020,1.0,267
1020,7,4,"Um, I feel like not much about Kate changed for me, just that, um, similar things with her brothers and, um, Toby. I was going in a positive direction with her taking back control of her life.",sub-1020,2.0,268
1020,8,1,"Um, I feel like my thoughts on Kevin, didn't really change. Again, it kind of just showed that he was, well, besides the fact that he was able to take initiative into changing the script of the show and the vibe. Um, and just the fact that, again, he wants to change his life trajectory into something more meaningful.",sub-1020,4.0,269
1020,8,2,"Um, again, I feel like Kate, my thoughts on her didn't really change, just the fact that she's more open to new things, especially new relationships. Um, seeing that she was hesitant on letting Toby in, and now that, well, right after, not too, too later, he was able to come inside her house. ",sub-1020,2.0,270
1020,8,3,"And then my thoughts on Randall did change, especially with, um, he did all that speech, um to kind of show off to his father, saying, haha, I'm living a great life. But as soon as his father asks him if he wants to come inside, he immediately obliges, kind of showing that deep inside, he wants to have closure, but also um reunite with his father in a positive manner.",sub-1020,3.0,271
1020,8,4,"And then Jack, um, XXX on that clip, my thoughts didn't really change, um, just that once again he is supportive with his wife.",sub-1020,1.0,272
1020,9,1,"Um, I feel like my thoughts on Randall didn't really change, again. Pretty similar, especially showing how supportive he is with his daughter, as I saw. And, um, yeah. ",sub-1020,3.0,273
1020,9,2,"Um, I don't think my thoughts on Jack changed, just that he's still taking it seriously or severely, especially how intense the news is. And, um, just showing again how much of a supportive husband he is, with his persistence of trying to see his wife, um, towards the doctor. ",sub-1020,1.0,274
1020,9,3,"Um, my thoughts on Kate didn't really change, just that she is kind of taking her life and molding it the way that she wants. And she's taking those good footsteps. Um, once again, seeing how she is with Toby and, um, support group. ",sub-1020,2.0,275
1020,9,4,"And my thoughts on Kevin, once again, they remain the same. Um, especially with his job and relationship with Kate.",sub-1020,4.0,276
1020,10,1,"Um, I feel like Randall once again my thoughts have stayed the same. How he was able to reconnect with his father and bring his family together in a full circle. Um, once again shows that despite his beginning, he was brought up in a home XXX full of love and good relationships. So he was able to break, um, I guess the troubled path that he had regarding his birth XXX.",sub-1020,3.0,277
1020,10,2,"I feel like my thoughts on Kate didn't really change, um, and still stayed the same regarding the relationship. Um, and just her taking control of that with the food.",sub-1020,2.0,278
1020,10,3,"Um, again, my thoughts on Kevin did not change. Still stayed the same on how he wanted to, um, change his kind of job outlook, especially with the change in the script that we saw in that clip.",sub-1020,4.0,279
1020,10,4,"And then my thoughts on Jack once again did not change, just merely grew. And it showed that, well, I guess it did change because he went from mostly caring about his wife, um, to XXX himself. Let's see, after that talk with the doctor, form a relationship with the doctor, and um, eventually taking home Randall, which changed Randall's life for the better.",sub-1020,1.0,280
1023,1,1,"Uh, Kate, um, I believe that she is hitting a difficult period in her life. Uh, she doesn't really have a direction where she's going, and uh she is taking a lot of time to deal with things. She doesn't really, hasn't really come to terms with that she's like an adult and getting older.",sub-1023,2.0,281
1023,1,2,"Uh, Randall, I-I believe he is uh a person who is very set in like things that are happening, and, uh, when things change, he is not really all that prepared to deal with that change, uh, as when the person he was talking to said he was sick and dying, he tried to just play it off as, oh, you're just sick, but yeah, he's dying.",sub-1023,3.0,282
1023,1,3,"Uh, Kevin, I believe he, uh, does things, well he did things for other people's benefit and tends to bottle things up, uh, but that bottling up does come to like a tipping point.",sub-1023,4.0,283
1023,1,4,"Uh, Jack, I think Jack is, uh, just a little self-centered. Uh, he kept pressuring his wife to do a little dancey dance, uh, even though she didn't really want to, but I think he's very set in what he wants to do.",sub-1023,1.0,284
1023,2,1,"Uh, my thoughts about Randall. Uh, they changed a, mmm, they didn't change persay, but it like expanded my view. He cares a lot about the people around him and in turn they care about him. So he builds a big community, which is probably why when that community is threatened, he, uh, is very upset about it.",sub-1023,3.0,285
1023,2,2,"With Jack, um, it didn't really change, but I got like a further insight into, uh, his like values about like family. He's very doting of his wife, but he doesn't seem to connect with her very well.",sub-1023,1.0,286
1023,2,3,"Uh with Kate, uh, my view on her was expanded a bit. Uh, I could see a little more of her struggle, uh, how she's moving into, uh, like relationships with people around her. How she still very much cares about her image and how age is also a very big part of her story.",sub-1023,2.0,287
1023,2,4,"Uh, with Kevin, uh, nothing much changed with my view of Kevin.",sub-1023,4.0,288
1023,3,1,,sub-1023,4.0,289
1023,3,2,,sub-1023,3.0,290
1023,3,3,,sub-1023,2.0,291
1023,3,4,,sub-1023,1.0,292
1023,4,1,"Uh, Kevin has become more, I see him as, like, more caring after this, like I think he cares about the world around him and the people and relationships he has, but it seems like he cares through, uh, very, very big XXX, uh, to the point where, uh, he's very passionate about what he does.",sub-1023,4.0,293
1023,4,2,"Uh, Randall, um, my views on Randall are, well, has changed to be that he usually sees himself as someone who, um, has his stuff figured out, but when something comes along and challenges that, he doesn't really know how to handle it if it's not, like, something that's not even laid out and planned out.",sub-1023,3.0,294
1023,4,3,"Uh, with Kate, uh, nothing's really changed, but her feelings of, like, uh, self-hatred and, uh, just, like, not being comfortable with who she is really, uh really seem to like shine through, and she, her, she's entering a little bit of a recovery. She has, uh, a good support network with her, I'm assuming her boyfriend and her brother, um, and I feel if she didn't have that support network, her behavior would be more self-destructive.",sub-1023,2.0,295
1023,4,4,"Uh, in Jack, um, I feel, especially with the scenes, that his behavior is a bit of a front. Uh, he is more, more worried about things than he, than he lets on, but he puts up this, like, no-nonsense, uh, figure so that, uh, no one can be let on.",sub-1023,1.0,296
1023,5,1,"Uh, with Kevin, uh, it changed a little. It shows that, uh, it more so reinforced his desire to be, like, natural, uh, and authentic. But, I think, XXX these scenes, it really, really showed that, uh, he hates, he's an actor, and he's performer but he hates performing. He hates putting on a front that isn't authentic to himself.",sub-1023,4.0,297
1023,5,2,"Uh, with Jack, uh, my thoughts are, uh, at the very first scene, I thought he was kind of, uh, a polite way to say this, kind of a crappy person, because he was very demanding. But I feel that it's less that he's an XXX egotistical person, and more so that he's a very worried person, and so he needs to have, um, he needs to feel that everything is okay, because, uh, he can't really have less than that.",sub-1023,1.0,298
1023,5,3,"Uh, with Randall, uh, I feel more so, with these last couple scenes, that he's the type of person that will just pretend everything is fine, even though it very clearly isn't. Uh, and he won't deal with anything that's wrong until he's confronted with it. Uh, if it is not right in front, if the problem isn't right in front of him, then he's gonna pretend that it's not there.",sub-1023,3.0,299
1023,5,4,"Uh, and with Kate, uh, I feel that she's become, uh, well, I know she's very concerned with her self-image and stuff, but I feel that, uh, I'm now seeing a new side of her that leads into her interactions with other people, and how she interacts with society and people in a similar position.",sub-1023,2.0,300
1023,6,1,"Uh, Randall, uh, at the very beginning, I thought he was kind of a, like, steady-headed person, but the more I watched him, the more I realized that he really just doesn't know what he's doing, and he, uh, especially when things change, he's just trying to keep, uh, that flow, but he's prone to impulse and prone to making very bad decisions when he doesn't know what to lean on. ",sub-1023,3.0,301
1023,6,2,"Uh, with Jack, uh, nothing really changed. He is still, he's a guy who puts on a front to, uh, hide his worry. ",sub-1023,1.0,302
1023,6,3,"With Kevin, uh, I realized that he's very, he's, um, it sort of reinforced that he's a very authentic person. Uh, he will stick to what he believes is true, uh, no matter who tries to make him act otherwise. ",sub-1023,4.0,303
1023,6,4,"Uh, and Kate, um, it sort of just reinforces her, like, self-centered nature and how she, uh, is always thinking about her own image and how that influences her, uh, self-doubt.",sub-1023,2.0,304
1023,7,1,"Uh, Kevin, uh, nothing's changed, but, uh, it shows that he is, um, yeah, nothing's changed with Kevin.",sub-1023,4.0,305
1023,7,2,"Uh, Randall, uh, I honestly wasn't expecting him to get over it, and get over his hang-up about, uh, his family structure collapsing, but it's good to see him get over it, and it's good to see him, uh, expand his family network, uh, to include his father, even though his father wronged him.",sub-1023,3.0,306
1023,7,3,"Uh, Kate, uh, it's good to know that she does get over, uh, her appearance, well, not get over her appearance, but doesn't let her issues with herself, uh, limit who she could be.",sub-1023,2.0,307
1023,7,4,"Uh, Jack, uh, it's good to see him be, uh, more open with himself.",sub-1023,1.0,308
1023,8,1,"Uh, Jack, uh, it hasn't really changed that much. It kind of just shows that he's more complex, I guess. ",sub-1023,1.0,309
1023,8,2,"Uh, with Randall, every scene, it becomes more and more evident that he is kind of, uh, he doesn't really think things through. Like, he went to confront his father, but the other scenes I know that not only did he not walk away like he planned, but he also invited his father into his life, which I could assume he definitely didn't plan. Uh, for better or for worse, Randall is, uh, someone who doesn't really, he's a very passionate person, but he sometimes lets that passion consume him.",sub-1023,3.0,310
1023,8,3,"Uh, with Kate, uh, I think something that I come to the conclusion of is even though she, uh, projects her feelings, she only projects to feel better about herself, and she doesn't really do it to, like, an extreme degree that I've seen so far. It's sort of just, like, uh, she wants to come to terms with the world around her, but she can't. ",sub-1023,2.0,311
1023,8,4,"Uh, and with Kevin, uh, I feel like even though his main thing is he wants XXX empathy, I feel like he's temporarily able to ignore his wants and needs for the sake of others, but I think that's something he shares with his sister in that, uh, they both ignore what they want for the sake of others into, like, an unhealthy degree, and so they both snap.",sub-1023,4.0,312
1023,9,1,"Uh, Jack, um, my view of Jack really flip-flopped a little bit because sometimes he appears a little put together or the more that goes on, the more childish he seems, so I think he has his moments, but I think he's very reliant on uh the world around him. He's trying to be authentic and he's trying to be real but he XXX sort of like comes off as naive a bit. Uh how he doesn't really realize that a lot of people, at least where he is, are fake about uh who they are to get, um, uh ahead in life.",sub-1023,1.0,313
1023,9,2,"Uh, uh, nothing's changed with Kevin.",sub-1023,4.0,314
1023,9,3,"Uh, with Randall, mmm, his support system's been, uh, this, this seems to really reinforce his support system stuff. And it just kind of shows, uh, that yeah, even though he doesn't think he would, uh, letting his father back into his life is something that he would probably do.",sub-1023,3.0,315
1023,9,4,"And then with Kate, uh, she, she has a lot of issues with her brother but I feel that she may have more tools to be able to get over it.",sub-1023,2.0,316
1023,10,1,"Kate, I believe Kate, uh, isn't as, like, helpless to her thoughts about herself as I initially thought. I think she knows what she needs to do and what she wants to do, but is afraid of the commitment it will take to do so.",sub-1023,2.0,317
1023,10,2,"Uh, Jack, I believe, um, he became set in his ways, but, throughout the experience of his wife giving birth, uh, has learned that while he values family, uh, he can't put it on this pedestal, and he needs to value the people and not the idea.",sub-1023,1.0,318
1023,10,3,"Uh, Randall, I believe, uh, has learned that, uh, while he has a family structure, uh, and he values family structures, and, uh, he shouldn't, how do I put it, Randall, uh, he learns to incorporate different parts of his family. Right, that not everything can stay set in stone, that he needs to grow and, uh, learn to accept new things and a new norm.",sub-1023,3.0,319
1023,10,4,"And then Kevin, uh, I believe he made a positive change, uh, in learning not to self-sacrifice and not to pretend that he is okay when he isn't. 'Cause he was not okay with the whole premise of the show, he kept doing it up to a certain point, because that's what people wanted, but then he just learned that the only person who really matters is me and the people I love. I don't need to change myself to cater to a bunch of strangers.",sub-1023,4.0,320
1026,1,1,"I think he is very caring and, um, he wants to help whoever he can help, like the old man. He's like a nice person in general.",sub-1026,3.0,321
1026,1,2,"Um, Jack, I think Jack is like Kate's cousin or like at least friend. I think he's also very caring to whoever he cares about.",sub-1026,1.0,322
1026,1,3,"Kate, um, I know Kate is not very in shape. Um, she probably wants to be more in shape because, um, she's like using her neighbor's dog shit to like, um, try not to eat the food. But otherwise, I don't know what she's doing. I think she's a little pessimistic of the future, her future, uh, because she says some very, um, depressing words like XXX.",sub-1026,2.0,323
1026,1,4,"Um, oh, Kevin is Kate's husband, I think. I think Jack is the one who asked his wife to do like the dancing. And so I think Kevin is more like caring to other people where, whereas like Jack is more funny.",sub-1026,4.0,324
1026,2,1,"Well I think he, uh, well, I just realized that Kevin's an actor and, um, I am not very sure about his relationship with Kate anymore, because I don't think they're husband and wife.",sub-1026,4.0,325
1026,2,2,"Um, Jack is like much more than 20. Um, he's actually sometimes not very um conforming to growth, and also, uh, I think he does many things for his personal pleasure, well, just regarding the feeling or state of others.",sub-1026,1.0,326
1026,2,3,"Um, well, previously I thought Randall is, like, some kind of secretary to the old man, but now, apparently, he's like a boss. Uh, I think he's a nice guy, otherwise, his employees won't be, like, throwing him a party, um, so he must be a nice boss.",sub-1026,3.0,327
1026,2,4,"Well, uh, she's having some kind of self-control. She does not want dessert, but apparently, it's very weak. Otherwise, uh, she'll be okay if she sees a dessert menu, but she was very opposing to, like, see the, see the dessert menu, suggesting that maybe her self-control is not that good.",sub-1026,2.0,328
1026,3,1,"Oh, um, this is where I realized how Kate, um, twisted her leg and fell to the ground. It was by, like, stepping on the weight.",sub-1026,2.0,329
1026,3,2,"I do not know what is happening here. Probably it's, like, part of his acting?",sub-1026,4.0,330
1026,3,3,"Wait. Why is this all black screen? Um, I'm not sure what's happening here.",sub-1026,3.0,331
1026,3,4,"Oh. Oh, about Jack. Um, I think Jack is too emotional, in a way, that I do not like him. Because, um, he was XXX, he was, like, disregarding the logical aspect of things, and prioritizing his own feelings over those more, like, important logistics. For example, like, it's his birthday, like, why does, why does it matter when his wife is giving birth to three babies that it's, like, his birthday? I think he should actually listen to the doctor, and should not like prioritize his feelings.",sub-1026,1.0,332
1026,4,1,"Um, Kevin. Uh, previously, I thought like, Kevin, um, get over with whatever problems he had. So apparently, he did not, and he asked to like cut in the middle of the play. Apparently, he had some kind of struggles as being, as being like an actor or as acting in the play.",sub-1026,4.0,333
1026,4,2,"Randall. Um, here is where I realized that the fact that Randall's dad left him at five years old was not easy for Randall. Um, previously Randall acted as if it was nothing, but apparently it really traumatized him, and he was, um, on the verge of like breaking down in front of his wife and his children.",sub-1026,3.0,334
1026,4,3,"Jack. Um, well, I think Jack deserves whatever happened to him. Like, he's too emotional, and he cannot think through things logically. Um, but the way Jack reacted to like the doctor, I feel like he's at least, at least polite. Because he was not blaming the doctor for whatever happened.",sub-1026,1.0,335
1026,4,4,"Um, I think Kate wants to change, but apparently losing weight is not like, or like eating less is not easy for her. And, um, I also realized that Kate and Kevin, they're probably like not, at least not husband and wife, maybe friends or like father and sister. Um, yep.",sub-1026,2.0,336
1026,5,1,"Um, I think Jack is still what I think he is. Very, a little immature, emotional, prioritizing himself, thinking about the birthday and not thinking about his wife. Although he does, he is responsible to his wife in terms of, like, trying to relieve her pain while, um, she is having pain.",sub-1026,1.0,337
1026,5,2,"Uh, I think Kate is also, like, has a very dark sense of humor, just like the man she is dating, um, because they both laugh at, like, the, um, stomach-stapler.",sub-1026,2.0,338
1026,5,3,"Oh, um, I think Randall is a little, is a little harsh on his father because it appears that his father was also, like, struggling because his father was, like, maybe doing drugs. And, um, Randall seems to be understanding his father at the end of the conversation. Um, he was not, like, talking or, like, blaming his father at the very end when, like, he understand the reasons why his father ditched him at the fire station.",sub-1026,3.0,339
1026,5,4,"Kevin. Um, well I think Kevin is a bit of, like, a playboy, but not very so because, like, there's two very hot girls next to him. So, like, talking about, like, how he started acting, his dreams, um, passions and XXX. So, I think Kevin is, like, has some inner struggles.",sub-1026,4.0,340
1026,6,1,"Well, I think Randall is very, um, he is also very struggling with, like, relationship with his like father who abandoned him XXX. On the one hand, he obviously hated him for his decision. But on the other hand, um, he is a very nice person and he was trying to, like, understand his father. And at the end, he proposed to, like, let his father to see his grandchildren.",sub-1026,3.0,341
1026,6,2,"Well, Kate is, like, fun and humorous in a way. She said, like, she live across the line. And, um, she has this, like, determination to lose weight. But, we'll see how that goes.",sub-1026,2.0,342
1026,6,3,"Jack. There's not much about Jack in this scene. It's mostly about, like, the doctor and XXX wife. So I do not know, there's not much change happening.",sub-1026,1.0,343
1026,6,4,"Kevin. Oh, um, well, I respect Kevin more for, like, not calling for money, but, like, instead have some, like, higher objectives in his life. And, um, I also respect, like, the courage to, like, walk out in front of all the audiences and the director, um, saying that he'll quit. But, on the other hand, I think it also shows some kind of immaturity, um, in terms of, like, it's a very nice paying job, and the way he acted, probably no other director or audiences will ever want him again.",sub-1026,4.0,344
1026,7,1,"Kevin. Um, not much. I just kind of realized that Kevin is probably very famous in a way because I thought, because I think I saw Kevin taking a photo with Randall. There's like a photo of Kevin with someone at Kevin or like Randall's place. Oh, I think it was, it was at Randall's house where there's like a poster Kevin's Manny and also, um, a picture they took together. So maybe Kevin and Randall know each other.",sub-1026,4.0,345
1026,7,2,"Well, I just realized that Randall has this relationship with Jack and his wife in the way that Randall seems to be their adopted son. Um, and also, um, apparently Randall's relationship with his father gets better because like he invited his father, his biological father, to his house and also offering him clothes, probably asking him to stay over for the night.",sub-1026,3.0,346
1026,7,3,"Um, Jack is actually very nice uh in the way that he accepted the other like abandoned child at a hospital as their third son. But I cannot tell if that's like out of altruism or just out of like he, he wants three babies and um, reality kind of failed his expectations. So he was trying to like, trying to use the other baby as like the filler. So overall, a nice person.",sub-1026,1.0,347
1026,7,4,"Well, Kate is very caring and when like his brother Kevin is down, she was trying to like comfort him and make him feel better.",sub-1026,2.0,348
1026,8,1,"Oh, Jack is still very emotional, and um, he was panicking when like, his wife has to be like, um, heading to the operation room and to like pull the other two babies out. Otherwise, there's not much change. Uh, but from Randall's perspective, apparently Jack and his wife are amazing parents.",sub-1026,1.0,349
1026,8,2,"Well, here I realized that Randall is very successful. Well, I guess I know that cause like he was the boss, but here it kind of confirms my idea about Randall, like he's been very successful, and although he like, did not start it the way like a normal kid, but turns out to be, uh, very, XXX he turns out to have a lot of money.",sub-1026,3.0,350
1026,8,3,"Oh, this part is a little confusing. I think like, this is the part where before Kevin left the, like the play or the movie or the show, um, this is where um, he just acted very impressively. Um, after, like after the scene of like chasing his father, like the act- acting father away, and everyone was very approved by his acting skills, but then like the director made some other requests that kind of like upset him. It kind of like foreshadowed why he wants to like leave the play.",sub-1026,4.0,351
1026,8,4,"Well, here I realized that Kate is like, um, takes relationships seriously, because they just had dinner, but Kate did not made the initiative to like invite the man home. Instead, it was like the man being like very, uh, passionate and enthusiastic about Kate. But Kate, on the other hand, is a little cold, um, but Kate is very polite, and right now, apparently, Kate's pri-priority is about losing weight other than like being in a relationship or other things. And Kate is probably like dating the other man.",sub-1026,2.0,352
1026,9,1,"Well, uh, in this scene, I see that Randall is, like, a very, a little, a parent that has expectations for his children. Um, in the play, Randall's girl was, like, braiding another girl's hair, and Randall's very frustrated, because, like, his daughter was not playing, so, like, Randall's wife takes it more lightly, and they, like, they're making friends.",sub-1026,3.0,353
1026,9,2,"Um, here is where I realized that Kevin is kind of afraid of getting old. He's also 36. Uh, he and Kate, they might be, like, twin brother and twin sister, because they have the same age. They're all, they're both 36. And from his behavior, he is famous. This is confirmed, because, like, the man Kate brings back to their house apparently recognized Kevin as, like, a character, as a actor for Manny. And, um, he is probably stressed, because, like, he's making a scene, and XXX recording him. Um, I can't tell if he regrets his actions, but he is definitely very stressed by whatever happens, due to he, um, storming away from the show.",sub-1026,4.0,354
1026,9,3,"Well, Kate is a caring sister, but, um, she's not very up to date with the news. Um, she does not check her phone very often. Um, and Kate is apparently surprised by Kevin's behavior. But, um, she did not, like, condemn Kevin for whatever he did, so she is a supporting sister.",sub-1026,2.0,355
1026,9,4,"Jack is very emotional. Um, it takes time for him to process these very big, emotional um, or stressful information. But maybe it's what it feels like being a first time dad. Um, yeah.",sub-1026,1.0,356
1026,10,1,"Well Jack did not talk alot, so, like, he was listening to the old doctor's, um, speech on parenting and life. So, like, he's apparently, like, a good listener who listened to, like, other people's, um, wisdom.",sub-1026,1.0,357
1026,10,2,"Um, here I can see that Kevin is very respectful of, like, the other old famous ac- actor. But, um, not much of the other things. ",sub-1026,4.0,358
1026,10,3,"Um, um, Randall did not introduce his biological father as the grandfather for the kids. But he did introduce them. He did introduce, like, his biological father to the kids. Suggesting that, um, I think Randall is more XXX. Although, like, he hates his, he has many reasons to hate his biological father. But he still wants his biological father to have a taste of, like, home-ness and, like, grandchildren. ",sub-1026,3.0,359
1026,10,4,"Well, here I can see that Kate has very poor self-control, which is not surprising, because otherwise she won't, she won't eat so much and, um, become obese. Uh, cause, like, in this scene, Kate was, like, trying to eat the cake. Uh, she actually, like, tear off the first layer of the label and then see the second layer and then stop and then close the fridge. And, um, she is very smart in the way that she has, like, labeling systems that try to, like, stop her from overeating. The labels are actually kind of cute. Um, but, like, she definitely have to work on her self-control.",sub-1026,2.0,360
1029,1,1,,sub-1029,3.0,361
1029,1,2,,sub-1029,4.0,362
1029,1,3,,sub-1029,2.0,363
1029,1,4,,sub-1029,1.0,364
1029,2,1,,sub-1029,1.0,365
1029,2,2,,sub-1029,2.0,366
1029,2,3,,sub-1029,4.0,367
1029,2,4,,sub-1029,3.0,368
1029,3,1,,sub-1029,4.0,369
1029,3,2,,sub-1029,1.0,370
1029,3,3,,sub-1029,2.0,371
1029,3,4,,sub-1029,3.0,372
1029,4,1,,sub-1029,3.0,373
1029,4,2,,sub-1029,2.0,374
1029,4,3,,sub-1029,1.0,375
1029,4,4,,sub-1029,4.0,376
1029,5,1,,sub-1029,4.0,377
1029,5,2,,sub-1029,1.0,378
1029,5,3,,sub-1029,3.0,379
1029,5,4,,sub-1029,2.0,380
1029,6,1,,sub-1029,1.0,381
1029,6,2,,sub-1029,3.0,382
1029,6,3,,sub-1029,4.0,383
1029,6,4,,sub-1029,2.0,384
1029,7,1,,sub-1029,4.0,385
1029,7,2,,sub-1029,3.0,386
1029,7,3,,sub-1029,2.0,387
1029,7,4,,sub-1029,1.0,388
1029,8,1,,sub-1029,3.0,389
1029,8,2,,sub-1029,2.0,390
1029,8,3,,sub-1029,1.0,391
1029,8,4,,sub-1029,4.0,392
1029,9,1,,sub-1029,2.0,393
1029,9,2,,sub-1029,4.0,394
1029,9,3,,sub-1029,3.0,395
1029,9,4,,sub-1029,1.0,396
1029,10,1,,sub-1029,3.0,397
1029,10,2,,sub-1029,1.0,398
1029,10,3,,sub-1029,2.0,399
1029,10,4,,sub-1029,4.0,400
1033,1,1,"Um, I think Kate is at a point in her life when she's kind of reaching middle age, maybe having a sort of midlife crisis, uh, I saw that she was, like, sitting on the bathroom floor with her boyfriend, thinking about this, thinking about her life, she seems to have a good relationship with her boyfriend, but, like I said, probably is having some sort of midlife crisis.",sub-1033,2.0,401
1033,1,2,"Um, I don't know much about Jack, but he seems to have a good relationship with his wife, I believe, um, yeah, there's definitely more to be seen about Jack.",sub-1033,1.0,402
1033,1,3,"Randall seems, I'm not really sure about Randall yet, um, it seems like he didn't know his father was dying, so maybe he doesn't have a good relationship with him.",sub-1033,3.0,403
1033,1,4,"Kevin seems kind of like Kate, maybe having some sort of midlife crisis. I don't really know what was going on with the, uh, child scene, um, I thought it was kind of funny, but yeah, he seems to have, be having some sort of crisis as well.",sub-1033,4.0,404
1033,2,1,"Um, yeah, my thoughts about Jack changed a little bit just because I realized he is an actor. Maybe he's not having a crisis, maybe he was just acting like he was. I'm not really sure though.",sub-1033,1.0,405
1033,2,2,"Um, my thoughts about Kate have not changed just because I still think she's having some sort of midlife crisis. Um. When the waiter asked if they wanted dessert, she said no, and she was very insistent on it. Maybe she's trying to live healthier, uh, trying to change her life for the better.",sub-1033,2.0,406
1033,2,3,"Uh, no, Kevin still seems like a devoted husband. Um, I mean like, he was being intimate with his wife, even though she might not be conventionally attractive, which is nice.",sub-1033,4.0,407
1033,2,4,"Um, Randall, uh, I kind of forgot about this character. Uh, yeah, I mean, it does, I did get the confirmation that he's kind of approaching his midlife, so maybe he is having some sort of crisis.",sub-1033,3.0,408
1033,3,1,"Uh, my thoughts about Randall, um, I'm still a little indifferent towards Randall just because I don't know a lot about him. Um, maybe he had a rougher upbringing just because like his father was not in his life. He mentioned his mom was not a very good mom also, so maybe, um, I need to see more about him.",sub-1033,3.0,409
1033,3,2,"With Jack, I still feel the same about Jack. He seems like a devoted father, uh, or a future father, and a good uh husband overall to his wife.",sub-1033,1.0,410
1033,3,3,"Uh, yeah, with Kevin, I don't know, I'm still a little confused about his character. He seems like he's an actor, but I can't really tell what scenes he's acting in versus which ones, uh, are more like relevant to his character overall. Like when he was acting with the father in that one scene, it kind of seemed like he wasn't really acting, maybe he was projecting something.",sub-1033,4.0,411
1033,3,4,"Yeah, with Kate, I still think she's having a midlife crisis, but I think she has people like in her circle that kind of help with that, like with, for example, her brother, Kevin.",sub-1033,2.0,412
1033,4,1,"My thoughts about Kate have not changed. Um, I do think that maybe she, uh, I gave, I didn't give her enough credit to begin with. I think she seems like she really wants to, uh, change. Maybe she's very driven, trying to take initiative. I don't think I thought that initially about her, but maybe, uh, I should have, uh, I misunderstood.",sub-1033,2.0,413
1033,4,2,"Jack, um, no, my thoughts about Jack have not changed.",sub-1033,1.0,414
1033,4,3,"Randall, I still need to see more of Randall. I still don't exactly know what his story is in this movie. Um, he seems to be having, he seems to have invited someone, I think maybe his father, to the home, but his wife and children didn't like the way he was acting about it.",sub-1033,3.0,415
1033,4,4,"My thoughts about Kevin have not changed. I think he still has some sort of inner turmoil, um, that maybe I'm starting to see a little clearer.",sub-1033,4.0,416
1033,5,1,"My thoughts about Randall, um, I still need to see more of him, but in general I think he did have the XXX upbringing, but he seems to be doing pretty well for himself. I mean, he has a family, he has a wife and children, um, but there seems to be just like this, he needs some sort of closure. I think that's why he wanted to reach out to his father, even though he doesn't necessarily want to forgive him.",sub-1033,3.0,417
1033,5,2,"Uh, Jack, no, he seems- he seems like a nice guy. He's there for his wife. Uh I thought it was interesting that his children seem to be having the same birthday as him, um, but I don't think that the children actually survive the childbirth. Maybe one of the triplets, I'm not really sure yet, but he seems to be taking it kind of hard.",sub-1033,1.0,418
1033,5,3,"Yeah, with Kevin, he's kind of like at a point in his life, kind of like his sister Kate, where he's having like this inner turmoil, crisis. My thoughts about him haven't really changed.",sub-1033,4.0,419
1033,5,4,"My thoughts about Kate, kind of like Kevin, have not really changed. I do think that they have a very strong relationship, maybe stronger than I thought it was initially.",sub-1033,2.0,420
1033,6,1,"Yeah, my thoughts about Jack have not changed.",sub-1033,1.0,421
1033,6,2,"My thoughts about Kevin, um, I think they did change significantly. Um, like I mentioned during my aha moment, he seems to be very into the idea that acting is an art, but he's kind of stuck in a place where he doesn't want to be in, which is like a more sitcom type role. He wants to make, uh, more art with his acting.",sub-1033,4.0,422
1033,6,3,"Yeah, with Randall, I do think that he is a very good person in his heart. Um, he wants his father in his life now, even though his father wasn't in his life before. I think that shows that he's, uh, he has a very good character and he believes that people can change.",sub-1033,3.0,423
1033,6,4,"My thoughts about Kate have not changed, um, for the most part, but I do think she has kind of like this, uh, maybe more extreme form of body dysmorphia, um, just because she doesn't, she seems very unhappy with her current appearance, um, as opposed to the man that she was speaking with in that former scene. Um, she, she just doesn't seem happy with herself at all, which I think is very significant to her character.",sub-1033,2.0,424
1033,7,1,"My thoughts, uh, about Kate have not significantly changed. ",sub-1033,2.0,425
1033,7,2,My thoughts about Kevin have not significantly changed either.,sub-1033,4.0,426
1033,7,3,"My thoughts about Randall, uh, they haven't exactly changed, but I do see that he has that relationship with, uh, Kevin and Kate as that third sibling, and his father, uh, his father, even though he has a biological father, was not really a father to him, but Jack, uh, the character that I thought was very devoted, in the beginning, is probably was the father figure to him more so.",sub-1033,3.0,427
1033,7,4,"My thoughts about Jack changed slightly, um, just because I see that, well they haven't really changed, but it's more like building upon that idea that he's a very good man. Um, just because he did, I guess, adopt that third child even though he lost one, I think that was really noble and very nice for his character to do.",sub-1033,1.0,428
1033,8,1,"My thoughts about Kate, um. Well, her relationship, like I kind of mentioned, with that man seems to be very good for her. It seems that he really, um, loves her for the person that she is, which I think is great for her, especially right now, just going through a crisis.",sub-1033,2.0,429
1033,8,2,"My thoughts about Kevin? Um, I do feel a lot of sympathy for him in general. It seems that, uh, he's not really given the opportunity to create this, uh, artful expression uh in acting that he wants to. It seems like the company that he works for isn't really letting him have that, uh, artistic creativity or freedom.",sub-1033,4.0,430
1033,8,3,"My thoughts about Randall? Um, I, I do think, uh, that Randall is very, is a very interesting character. At first I thought he was more one dimensional, but now, uh, I see kind of what he's gone through. Uh, he's been able to have a loving family, really build up his career. He's doing really well for himself, but he does have that uh path that he like kind of wants closure on. ",sub-1033,3.0,431
1033,8,4,"My thoughts about Jack, um have not changed.",sub-1033,1.0,432
1033,9,1,"My thoughts about Kate have not um significantly changed. I do think that she has a good relationship with her siblings and probably with that man that she, um, is seeing.",sub-1033,2.0,433
1033,9,2,"My thoughts about Kevin, I still, I feel a burding, uh, a building sense of sympathy um for Kevin just because I saw that, I mean, like, of course his meltdown was recorded and posted on the internet. It's probably, like, kind of a laughing stock right now. I feel really bad for him, um, just because I know that he wants to do so much more.",sub-1033,4.0,434
1033,9,3,"I do think Randall goes out of his way to be a good father, uh, as I mentioned, just because of his backstory and how his father left him.",sub-1033,3.0,435
1033,9,4,"I feel really bad for Jack, but I do think that he really, really, uh, loves his wife, and I mean, even when the doctor asks him uh if he was okay with processing the news of losing the third child, he immediately asked about his wife, so I think he does have, like, a very close relationship with her.",sub-1033,1.0,436
1033,10,1,"Yeah, with Kevin, I still feel a lot of sympathy for him just because, uh, he seems to be at a point of his life when, uh when he wants to, you know, do, do more. I think his colleague, uh the other actor he was speaking with, I think he sees him sort of as a role model, uh, as someone he wants to be more like but he can't necessarily have that in the role he's currently in so I feel bad.",sub-1033,4.0,437
1033,10,2,"Yeah, with Jack, I think he has, uh, a very good circle of people in this story. I think the doctor was very inspirational to him specifically.",sub-1033,1.0,438
1033,10,3,"With Kate, I, I feel a lot of sympathy for Kate too. I feel like Kate is very mean to herself. She, uh she has like all these sticky notes of the food she can't eat because she wants to lose weight but I think in the process, she's just being a little too mean to herself. Yeah, and I think that the relationship she has with the man that she met in the support group will actually help her for the better.",sub-1033,2.0,439
1033,10,4,"Yeah, with Randall, I think that XXX hopefully he gets his closure. I do feel bad but I do think that he built a very good life for himself with his loving family, uh, and all his other things like the car and the office and the job and all that. I think he's doing really well off.",sub-1033,3.0,440
1039,1,1,"Kevin, I think is really considerate. I think he's a good friend uh to Kate.",sub-1039,4.0,441
1039,1,2,Kate. Um. I don't know why XXX dog poop XXX.,sub-1039,2.0,442
1039,1,3,"Jack, I think he's a little humorous and also a good, uh, husband.",sub-1039,1.0,443
1039,1,4,"Randall, I think he's also really considerate and I can see that he was well educated when he XXX. But I think he has a... XXX, I think he's really appreciative of his parents.",sub-1039,3.0,444
1039,2,1,"Um, I think he's really affectionate.",sub-1039,1.0,445
1039,2,2,"He seems like a successful XXX professional who forgets about his birthday. But I think he's a good person based on, like, how other employees take care of him.",sub-1039,3.0,446
1039,2,3,"Kevin, um, I think Kevin is bad tempered, I guess.",sub-1039,4.0,447
1039,2,4,"Kate seems like a good person. Easy to get along with, down to Earth.",sub-1039,2.0,448
1039,3,1,"Kevin's acting is pretty good so, um, now I can really understand what his concerns are like and I guess his concerns about his career. And I feel more kind of XXX.",sub-1039,4.0,449
1039,3,2,"Jack. Jack, uh, my thoughts about Jack didn't really change. I think he's a really good husband. He articulates himself well. He's a XXX companion.",sub-1039,1.0,450
1039,3,3,"Randall, he's a good father, based on how he's looking at his daughter, soccer game, his daughter's soccer game. Um, and I can see that he's kind of scarred by his past like how his parents, um, discarded him.",sub-1039,3.0,451
1039,3,4,"Kate is obsessive, kind of like obsessed about, like diet, how much she XXX, um losing weight.",sub-1039,2.0,452
1039,4,1,Jack is still just a good husband for me. ,sub-1039,1.0,453
1039,4,2,"Kevin, Kevin he, he's a really good friend. Also, I can see that he has the ego and, like, confidence in himself, that, um, he doesn't want to be laughed at by people on the stage, like he wants to be a real actor. ",sub-1039,4.0,454
1039,4,3,"Randall, um, I think he's really deeply hurt by his past. ",sub-1039,3.0,455
1039,4,4,"Kate, um, she's really, she's really not satisfied with, like, how things are with her life, but I don't understand why she can't just lose her weight, and I guess I'm wondering, like, what her career is, so.",sub-1039,2.0,456
1039,5,1,"Kate? Oh, Kate? I think she, I think she is, um, I don't know, she... my thoughts about Kate didn't really change.",sub-1039,2.0,457
1039,5,2,"Randall. Ra- Randall, the fact that, like, he actually actively, like, tries to find his parents and actually mee- meets up with his dad, really shows that he, in fact, misses him, or misses, like, his parents.",sub-1039,3.0,458
1039,5,3,"I think Kevin is really caught up with that, like, thought, or, like, yeah, thought about, like, his career, and, um, that's, like, all he really thinks about throughout the day, even, like, at the party. I think he has some regrets.",sub-1039,4.0,459
1039,5,4,Jack? He's still just a good husband.,sub-1039,1.0,460
1039,6,1,Jack is really supportive of his wife.,sub-1039,1.0,461
1039,6,2,"Randall. He's a really good person and I can see that he will eventually forgive his parents, parents. Um, I think deep down he understands his dad.",sub-1039,3.0,462
1039,6,3,"Kevin, he kind of, he lacks that self-control and that's actually a good thing for him and I guess like he has the XXX like he's really coura- courageous in the sense that, to say those things to his director.",sub-1039,4.0,463
1039,6,4,"Kate, um, I think she should be more confident, um, being fat doesn't really define everything about her and like the guy, I think he was more, um, he had more personality, he was more confident about himself even though he's fat, so I think Kate should, Kate can be the same.",sub-1039,2.0,464
1039,7,1,"Kevin, he's a good brother, um.",sub-1039,4.0,465
1039,7,2,"Randall, although he seems really mad at his dad, um, we can see that he actually cares about his dad.",sub-1039,3.0,466
1039,7,3,"Kate. Um, yeah, I have no thoughts on Kate.",sub-1039,2.0,467
1039,7,4,"Jack, I think it's really, um, it's really considerate of, them, to adopt a kid that was abandoned.",sub-1039,1.0,468
1039,8,1,"Jack, um, I can see that he, um, got really hurt by how, like, I don't know, the director or the writer, um how, how like he wanted Jack to, um, to like take off his shirt just to, you know, like entertain the audience and like the people, uh, with, his body, not like with his acting.",sub-1039,1.0,469
1039,8,2,"Kate, I think the guy, Tony, is a good person, so. Kate, I think she will change a lot with uh with the guy. Like, as they say, I think her mentality would, um, would become better. ",sub-1039,2.0,470
1039,8,3,"Oh, Kevin, yeah, actually my comment for Jack was for Kevin. I can see that he got hurt by the director's comment. ",sub-1039,4.0,471
1039,8,4,"Randall, Randall, I can see that he's been really waiting. He's been waiting to see his, his dad. Um, although he says that he came just to say those words, but I know that he really wanted to see his biological dad. And things that he said might be true, but, um, yeah.",sub-1039,3.0,472
1039,9,1,"Randall, um, I think he's such a good father, and part of the reason why- might be because he was raised by really affectionate parents, got a lot of love from them.",sub-1039,3.0,473
1039,9,2,"Kate, she really wants to lose, um, lose weight, um, the speaker was not that skinny, but she didn't even laugh, she was actually thinking that she was skinny, probably because she was skinnier than Kate. So from that scene, I could see that she really was skinny, or lose some weight.",sub-1039,2.0,474
1039,9,3,"Jack seems pretty shocked by the death of the third child, um, but I think he cares about his wife more, like, her health.",sub-1039,1.0,475
1039,9,4,"Kevin is also not really satisfied with where he is in his life, it was his birthday, um, but he was not happy.",sub-1039,4.0,476
1039,10,1,"Kate. Kate knows herself, like she would, like she knew that she would get rid of the first post-it, and that's why she XXX the second post-it. And I feel like, um, she's making a big effort into losing weight. ",sub-1039,2.0,477
1039,10,2,"Jack, Jack really knows how to control his emotions.",sub-1039,1.0,478
1039,10,3,"Um, I have no thoughts on Kevin.",sub-1039,4.0,479
1039,10,4,"Um, I think Randall is a really good man. Um, I don't know why he's not that close to the other two siblings. Um, compared to like how Kate and Kevin, they always, they're always like together. Maybe because he has his own family, I think that comparison XXX kind of stood out to me.",sub-1039,3.0,480
2006,1,1,"Jack, who I think is the guy with long hair who's just become a father. That he's seems quite emotional which is fair enough, XXX children. And he has, what seems to be a deeper relationship with, who I think is the doctor, uh a deeper relationship than having just met him. So I think they know each other before this.",sub-2006,1.0,481
2006,1,2,Kevin who I think is the white guy in the movie set. I don't really have any thoughts on him other than he is not as confident as XXX and then went out on stage XXX still learning. XXX.,sub-2006,4.0,482
2006,1,3,"Kate XXX herself down. And, she's trying to XXX what she thinks is the right thing and that is eat healthier. And she is currently struggling with that internally.",sub-2006,2.0,483
2006,1,4,"Randall, I am assuming at this point has XXX about the older gentleman's father XXX issues and a complex relationship there and that XXX in the second scene Randall sort to cancel, clear his afternoon and then the scene panned to a picture of his father XXX father. And I assume that is his father, that's what I XXX.",sub-2006,3.0,484
2006,2,1,"I respect Randall for looking for his father, and I think that's a hard thing to do, especially when he turned back round and offers for his, to introduce his father to his children.",sub-2006,3.0,485
2006,2,2,"I think it's weird for Kate to say she wouldn't date a fat person. Yeah, that's really it.",sub-2006,2.0,486
2006,2,3,"I think Kevin has courage, I suppose, for saying what he thought, but also that he's slightly unhinged, even if he did think that he could have waited until the end and done that more discreetly.",sub-2006,4.0,487
2006,2,4,I have no new thoughts on Jack. He wasn't speaking in any of the scenes that I just saw.,sub-2006,1.0,488
2006,3,1,"I respect Randall for having made it so far in life and he's clearly got a lot of emotion regarding his father, he's clearly not had any closure with it which is why he's gone to see his father.",sub-2006,3.0,489
2006,3,2,I respect Kate more for going back on her weird statement of saying she doesn't want to sleep with- XXX someone who is fat. I have no other opinions on this other than she seems like somebody who's quite nice.,sub-2006,2.0,490
2006,3,3,"Kevin clearly loves his partner very much, the one who was giving birth and he's clearly distressed by the news that there's been a complication, besides that I have no other thoughts.",sub-2006,4.0,491
2006,3,4,"And, Jack clearly enjoyed doing the serious scene and the realisation that what he was doing was something that he's not proud of was a fair enough realisation. I'm still not sure the reaction from him was deserving though.",sub-2006,1.0,492
2006,4,1,"Kate is there for her brother, so I think that's really quite empathetic. And given that she did not ask her date to leave when Kevin turned up, I think that she could potentially have a long relationship with the guy she went on a date with.",sub-2006,2.0,493
2006,4,2,"Kevin is clearly having a bit of a midlife crisis, and he's relying on those closely around him to help him out with ideas about what to do.",sub-2006,4.0,494
2006,4,3,"Jack, I think, is clearly quite worried about what could happen, and he's failed to grapple with the situation for the better or worse.",sub-2006,1.0,495
2006,4,4,"I think Randall is confused himself, which explains why he didn't tell who I think is his wife, and now he's reaching out to others to help him decide what he should do, and whether he should reach out to his father.",sub-2006,3.0,496
2006,5,1,"My thoughts on Jack have not changed entirely, other than he is simply caring XXX of his wife.",sub-2006,1.0,497
2006,5,2,"I respect Kate more for sticking to what she promised herself that she would, which was to stay to her diet, and that is it.",sub-2006,2.0,498
2006,5,3,"Uh, Randall is clearly very successful, being in such a nice office only at the age of 36, and clearly knows XXX they threw him a small birthday surprise.",sub-2006,3.0,499
2006,5,4,"Kevin clearly has high aspirations, that is, having to realise that he, that he is clearly not in the correct career, and this explains his outburst later on, and justifies it more.",sub-2006,4.0,500
2006,6,1,"My thoughts about Jack did not particularly change other than that he really is, he really does care about his family and that he is clearly in a state of shock which explains why he had to be told repeatedly what exactly had happened.",sub-2006,1.0,501
2006,6,2,"My, I have a better thought of Randall. He is clearly a family man and has been scarred by XXX when he was younger in his upbringing and he really does not want to repeat this again with his children and that explains why he seems to be such a good father.",sub-2006,3.0,502
2006,6,3,Kate seems to be there for her brother which is nice and beyond that I don't have any other thoughts.,sub-2006,2.0,503
2006,6,4,My thoughts about Kevin haven't really moved forward other than that he clearly was very successful in his career and now he is going to have to pretty much start again which takes a lot of courage.,sub-2006,4.0,504
2006,7,1,"My thoughts on Kate have not changed too, other than that I know that she is the biological twin of Kevin and the adopted twin of Randall.",sub-2006,2.0,505
2006,7,2,"Same with Kevin, just know that they're one family, otherwise I've had my opinion hasn't changed.",sub-2006,4.0,506
2006,7,3,"Jack, I respect him deeply for deciding so quickly to take on a third child even though he had been expecting one and to raise him as his own in what seems to be a very loving family so I respect him for that.",sub-2006,1.0,507
2006,7,4,And for Randall I can understand how he got to where he was being in such a loving family. I can also understand his reservations about his father having not known him at all.,sub-2006,3.0,508
2006,8,1,My thoughts about Kevin again did not particularly change other than that he is XXX caring father.,sub-2006,4.0,509
2006,8,2,Randall seemed to be more understanding after he realised the XXX situation in which his father did not want him to be brought up in. I think that shows a fair degree of empathy to be able to relate to his father despite what he did.,sub-2006,3.0,510
2006,8,3,"And for Jack, I don't have any extra thoughts on him particularly. Other than that he's XXX caring.",sub-2006,1.0,511
2006,8,4,"And Kate seems to find XXX humor funny and while not necessarily not finding him serious, see the light side of things especially in other people's stories which are particularly bad.",sub-2006,2.0,512
2006,9,1,"My thoughts on Kate did not change at all, other than that she is also struggling to come to terms with where she is in life, similar to Kevin.",sub-2006,2.0,513
2006,9,2,"My thoughts on Randall are, I empathize with the character. He is clearly struggling with what is happening right now. And that there doesn't seem to be any easy option for him XXX getting to know his father really quickly, which might be a mistake. Or potentially missing out the opportunity to know him at all.",sub-2006,3.0,514
2006,9,3,"Kevin seems to be there for his sister, which is sweet, although he fails to see that she is trying to lose weight, as evident by the ice cream that he brings her.",sub-2006,4.0,515
2006,9,4,"And Jack, just again, pretty one dimensional character seems to love his wife. Yeah, that's about it.",sub-2006,1.0,516
2006,10,1,"I have, I hold Kevin in high regard now seeing that he can be there for his sister even when she's hit a XXX low moment in her life. And that he also has the courage to do what he did, XXX quit his career.",sub-2006,4.0,517
2006,10,2,My thoughts on Randall are that he doesn't necessarily always thinks things through but he's doing what he thinks he needs to.,sub-2006,3.0,518
2006,10,3,"And again, Jack, I don't get much from him besides him adopting the child which is XXX. He doesn't seem to do anything for the rest of the movie.",sub-2006,1.0,519
2006,10,4,"Kate, at that moment seems to be in self-pity but she seems to be getting through to herself and that will lead her on to bin all of the bad food into the bin.",sub-2006,2.0,520
2009,1,1,"Kate seems to have an issue with food where she has to remind herself not to eat. I feel bad for Kate but I sympathize XXX. Um, so far we haven't seen Kate talk to other characters um but so far yeah I like Kate.",sub-2009,2.0,521
2009,1,2,"Kevin, not a lot of Kevin either. Kevin seems to be an actor um he has not interacted with the other characters. Uh, yeah, no feelings about Kevin yet.",sub-2009,4.0,522
2009,1,3,"Jack just went through something emotional with his wife in the hospital. Something about childbirth. I think he just had two kids or something. Little confused about the losing children monologue that the doctor had. Um, we'll figure that out later but I like Jack. I know this actor from the Gilmore Girls.",sub-2009,1.0,523
2009,1,4,"Randall. I believe that's his father. I like Randall. Um. He has I think, uh, I think, his father left him at an early age and is trying to reconnect with him but I'm not entirely sure if I'm correct. Um, yeah I also like this actor from other things that I've seen him in.",sub-2009,3.0,524
2009,2,1,"Uh, it didn't really change. I still like Randall. Randall's behavior makes sense. I empathize. I, um, yeah he's trying to re- repair a fractured relationship with his father. Um, yeah, I still like Randall.",sub-2009,3.0,525
2009,2,2,"Kate. Um, looks like Kate is seeking help for her weight related issues through a support group. And it's, it's nice, I, yeah, still like Kate. It's nice that she's meeting people that... Yeah, I don't know, I like Kate. Kate's good.",sub-2009,2.0,526
2009,2,3,"Kevin. I honestly thought that was really funny. I tried not to laugh during that scene. But, uh, I'm, I'm honestly really interested in what happens to Kevin next. I still don't, I, I think I like Kevin. Um, but I'm intrigued to see what happens. Um, yeah.",sub-2009,4.0,527
2009,2,4,"Jack didn't really do much in that scene. Nothing's really changed of my opinion of Jack. Um, yeah, we'll see what happens.",sub-2009,1.0,528
2009,3,1,"I think Kate's really funny, I like the chemistry she has with this man, um, thoughts about Kate haven't really changed, yeah she's nice. Her relationship with the man is entertaining, it's funny, their, uh, I like their relationship. Yeah, I think that's XXX.",sub-2009,2.0,529
2009,3,2,"Jack seems to very much care about his wife, they have a very loving relationship, he seems like a nice guy. Um, obviously the triplet pregnancy is pretty intense, and as a result he's pretty stressed out. But yeah, I like Jack.",sub-2009,1.0,530
2009,3,3,"Kevin, I still think is the most interesting character so far. I really want to understand what's going on in that show. I uh, yeah I, I like Kevin, but just wanna, yeah I'm really interested to see where this goes.",sub-2009,4.0,531
2009,3,4,"Randall, um no, honest- I- Randall's cool, sucks what happened with his dad. Um, yeah nothing like, I'm glad that they're reconnecting and that his father and that he's going to XXX his grandchildren but yeah.",sub-2009,3.0,532
2009,4,1,"Kate, I feel for Kate. The scene where she slips off the scale kind- is yeah is kind of brutal. Um, seems like a nice sister. Very supportive. I like Kate.",sub-2009,2.0,533
2009,4,2,"Jack, uh Jack is uh understandably very stressed out. And wants to have a healthy, three baby delivery. And, no, my thoughts about Jack haven't changed. His relationship with his wife is very strong. I like Jack. Yeah.",sub-2009,1.0,534
2009,4,3,"No, uh my thoughts about Kevin haven't really changed. I, I kind of was expecting something more dramatic. But maybe there's more to see that I, I haven't seen yet. Um, but no, yeah, he's got a nice relationship with his sister Kate. He seems like a nice guy. Like, like Kevin. Um, yeah.",sub-2009,4.0,535
2009,4,4,"Randall. My thoughts about Randall aren't changing. I just, I just think the storyline is a little cliche and overdone. XXX, I know that's not about Randall. It's not Randall's fault. I like Randall though. Um, seems like a nice dad. Um, yeah, he's got a cute family. Yeah.",sub-2009,3.0,536
2009,5,1,"Kate, no, uh still like Kate. Kate's date. Um, I think she's having a nice time. I've learned, obviously, she's very conscious about what she eats because um, the uh XXX, she's trying to lose weight and um when she says earlier that she can't fall for a fat person right now it's because she's worried that they will enable her to XXX.",sub-2009,2.0,537
2009,5,2,"Jack, no, nothing really changed with Jack. Um just that he was surprised and the doctor that was supposed to deliver was not the one that ended up XXX stressful situation.",sub-2009,1.0,538
2009,5,3,"Um, nothing we just learned more about Kevin as a struggling actor. Um but he seems to have artistic integrity, XXX I guess. And, yeah, I like Kevin um and the writer of the show uh that he's working on is kind of annoying, but yeah.",sub-2009,4.0,539
2009,5,4,"Um, we learned that it's his birthday which probably means he's more emotional than usual. Which means, which probably is one of the reasons he decides to go meet his father even though he said he wasn't going to. Um, and then we see also that he's like presumably a stockbroker or something financially related. We see a bunch of marketing streams on his laptop or computer. Um, yeah, another thing, he, he's really rich and that he really want us to know that.",sub-2009,3.0,540
2009,6,1,"Um, nothing. This scene with him and his wife and his two kids was cute. They seem to, uh yeah they seem to be nice parents. And their daughter especially was very adorable. Um, uh yeah, I like Randall. His behavior, no, nothing was really significant in that scene, but it was nice to see him with his family.",sub-2009,3.0,541
2009,6,2,"Uh, it's clear that XXX, so Kevin, we see Kevin at I think his house with attractive woman near him. Clearly he's having some sort of like a midlife crisis, questioning his career. XXX he's been like sexualized, objectified. He's thinks he can do more. Um, it seems like he's talking to his sister about that. He mentions that she would be proud of him. Which indicates that they've talked about uh, XXX.",sub-2009,4.0,542
2009,6,3,"Kate, um, no, nothing really happens with Kate. Just, uh, yeah, she's here at the support group. They, they talk about their relationship with their partners. By they I mean the other people in the group. Um, yeah, it's clear that having issues related, related to eating can be difficult in a relationship. And, yeah, that's it.",sub-2009,2.0,543
2009,6,4,"Um, Jack is clearly emotionally devastated by losing that third kid. He's also really concerned about his wife. He's having trouble processing what happened, but he seems to have a XXX grip with what occurred by the end of the clip. But, yeah, still like Jack, feel bad for him. Yeah.",sub-2009,1.0,544
2009,7,1,"Um, no it's cool that he adopted Randall, Randall earlier referenced having two really nice parents. And we now know that he's talking about Jack and Mandy Moore. Um, yeah, Jack, Jack's a, clearly just a great father and a nice character, I like Jack.",sub-2009,1.0,545
2009,7,2,"Um, honestly nothing my thoughts about Randall did not change at all. Yeah I mean we, we learn that he's Jack's kid, um and that Jack is adopted. But we already knew that. Uh, yeah.",sub-2009,3.0,546
2009,7,3,"No, K- thoughts on Kevin didn't change either. Um, yeah, he clearly has a very loving relationship with his sister, but um. Yeah, he's Jack's kid.",sub-2009,4.0,547
2009,7,4,"And Kate is also Jack's kid and um yeah he clearly cares, she clearly cares about um Kevin, and yeah they're a loving XXX.",sub-2009,2.0,548
2009,8,1,"Nothing changed about my thoughts about Jack. Uh, behavior, thoughts, feelings um. Yeah, nothing he's uh just stressed out his kids are six weeks premature on top of being um triplets, obviously stressful, adds to the tension and the doctor does a good job of trying to relieve the tension by being funny.",sub-2009,1.0,549
2009,8,2,"Randall, Randall doesn't really have a plan. He doesn't really know what he wants from his estranged father. So, um yeah, he's, he's clearly disoriented when he's there and it's probably pretty devastating to hear that his father doesn't remember leaving him. But, yeah, uh I feel bad for Randall. I feel bad for his father. Uh, but, yeah, I like Randall.",sub-2009,3.0,550
2009,8,3,"Um, nothing really, uh just more of the same. XXX changed. Kevin's bored he's having a midlife crisis. Clearly very wealthy and famous but he's finding it meaningless and he's trying to um pinpoint where his life went astray.",sub-2009,4.0,551
2009,8,4,"Kate, Kate finds the man funny. Um, nothing really happened there wasn't a lot of Kate in that clip but yeah. XXX.",sub-2009,2.0,552
2009,9,1,"Uh, no, just more, more sympathy for Randall, just met his biological father who's sadly passing away soon. Um, yeah, I, I still like Randall.",sub-2009,3.0,553
2009,9,2,"More sympathy for Kate as well. Um, it's a pretty humiliating position to be, where she was, but the fact that she has a nice, a close relationship with her brother. I'm curious as to what the relationship between the two of them and Randall is, but we haven't seen that yet. Um, yeah.",sub-2009,2.0,554
2009,9,3,"Uh, no Kevin, Kev- it was nice for Kevin to be there for his sister, he was being very supportive, and uh later we see her being supportive for him. So, yeah, yeah I like Kevin and Kate.",sub-2009,4.0,555
2009,9,4,"Jack, uh no just, Jack is ripped in the film. Uh, yeah, I like Jack. XXX.",sub-2009,1.0,556
2009,10,1,"Nothing the scene where Randall sort of freaks out is very understandable. Really like Randall. Naturally. Uh, understandably he doesn't know what he wants out of reaching out to his father. But yeah, uh it's nice that he did. I like Randall.",sub-2009,3.0,557
2009,10,2,"Jack. Um, no- nothing really changed. Uh, we've already kind of seen Jack in that exact situation. In the first scene but, yeah, you, we see uh, we see Kate talk about her father in a nice way. Which means they all probably liked him. But yeah. XXX.",sub-2009,1.0,558
2009,10,3,"Kate. Yeah this uh, I think this might have, the scene between XXX her and Kevin, might have like motivated her to join a support group to try to lose the weight, throw out all the food. Um, yeah, I mean, I feel sorry for Kate. Uh, but I like her, yeah.",sub-2009,2.0,559
2009,10,4,"Uh, nothing really changed with Kevin. Yeah, the breastfeeding scene is pretty humiliating so it's understandable as to why he feels objectified. Um, yeah. Uh, I like Kevin XXX.",sub-2009,4.0,560
2012,1,1,"I really don't know much about Kevin so far, character-wise.",sub-2012,4.0,561
2012,1,2,"Uh, same goes for Randall, honestly. I, I don't know too much about his character yet.",sub-2012,3.0,562
2012,1,3,"I definitely feel bad for Jack. Um, obviously, I mean, he's just lost someone in the hospital. Uh, yeah.",sub-2012,1.0,563
2012,1,4,"Kate is obviously...uh she seems like she's not doing too well in life. She looks like she's trying to lose weight, but can't or something. I feel bad for her as well.",sub-2012,2.0,564
2012,2,1,"My thoughts about Jack didn't change much. This just kind of confirmed the earlier scene I saw about Jack. Uh, this was just him in the hospital, and yeah, I know that later I think he loses his wife, so I still just feel bad for him.",sub-2012,1.0,565
2012,2,2,"My thoughts about Kate also didn't change too much. She does seem more like she wants to lose the weight now. Uh, yeah.",sub-2012,2.0,566
2012,2,3,"Randall... I guess I... uh, I'm just, Randall's interesting. I, I don't have too much to say about Randall. He seems like a pretty reasonable person. I guess I'll have to figure out later like the whole story with his dad, but for now, yeah, he seems reasonable.",sub-2012,3.0,567
2012,2,4,"Uh, Kevin seems kind of annoying. Uh, it seems like him storming out of the show maybe wasn't justified. I don't know why he did that.",sub-2012,4.0,568
2012,3,1,"Uh, this scene kind of confused me about Kevin. I couldn't really tell what's going on with him. In this scene he seemed fine so I'm just kind of confused about what happens between this scene and that other scene where he runs away to like, I don't know, make him want to leave the show.",sub-2012,4.0,569
2012,3,2,"Kate seems pretty nice now uh, but other than that my feelings haven't really changed.",sub-2012,2.0,570
2012,3,3,"I still just feel bad for Jack. Uh, this didn't really change that at all.",sub-2012,1.0,571
2012,3,4,Randall seemed kind of annoying in this scene. I guess it was kind of fair of him to be angry at his biological dad but I don't know. His reaction to meeting him still seemed a little intense.,sub-2012,3.0,572
2012,4,1,"Uh, my thoughts about Jack still really haven't changed that much. All these scenes just lead up to him losing his wife later. He did seem, he came across as a little annoying to the doctor in this scene, but I can forgive him for that, I guess. I still feel bad for him.",sub-2012,1.0,573
2012,4,2,"My thoughts about Randall also didn't change too much. Uh, he still just seems like a pretty reasonable person. Although I guess it was interesting that he said he didn't know why he tried to find his dad. But, I don't know what to make of that.",sub-2012,3.0,574
2012,4,3,"Uh, Kate seems supportive of Kevin, which I like, so yeah. She seems like a pretty good person, I guess. But, other than that, uh, my, my feelings about her didn't change too much.",sub-2012,2.0,575
2012,4,4,"Uh, I feel a little bad for Kevin now, but it does seem like this was self-inflicted. Like he chose to storm out of the show. So I don't feel too bad for him yet, I guess.",sub-2012,4.0,576
2012,5,1,"Uh, Kevin. I guess I feel a little bit better for Kevin now. Uh, 'cause, I, I don't know, I kind of understand his motives a little better. But I still feel like, I still don't fully sympathize with him, I feel like he could have kept, kept doing the show for longer.",sub-2012,4.0,577
2012,5,2,"Randall, my thoughts about Randall didn't really change from this scene. To be honest, there wasn't that much about him.",sub-2012,3.0,578
2012,5,3,"Uh, yeah, Kate still just seems like a nice, good person who's you know trying to lose weight. Uh, yeah, my thoughts didn't really change.",sub-2012,2.0,579
2012,5,4,"My thoughts about Jack also didn't change too much. He just seems like a, a good person. I just still feel bad for him about the stuff that's going to happen to him later.",sub-2012,1.0,580
2012,6,1,"Jack, I still feel bad for Jack, although maybe a little less so, knowing that his wife's fine and she still has two healthy babies. Although earlier the doctor did say he'd be going home with three babies, so I don't know what exactly that means. But yeah, I still just feel, feel bad for Jack, although uh a little, a little happier for him now that his wife's okay.",sub-2012,1.0,581
2012,6,2,"I sympathize with Kevin a little more now, uh he seemed like he was tired of just kind of being the like I, I don't know attractive lead character of his show, although I still feel like he could have just handled the whole situation a bit better. But he does seem sad now, so I kind of feel bad for him about that.",sub-2012,4.0,582
2012,6,3,"Yeah, my thoughts about Randall didn't change too much, he just kind of seems like a, a good father, a reasonable person, I don't know.",sub-2012,3.0,583
2012,6,4,"My thoughts about Kate also didn't change too much, uh I learned that she's going to this like support group for losing weight, but I kind of already knew that from something Toby said earlier, and yeah, she just seems like a pretty, pretty good person, I don't know.",sub-2012,2.0,584
2012,7,1,"My thoughts about Randall still didn't change much. I guess it's interesting to learn that he's the third sibling, but other than that, I don't know, he still just seems like a, a solid person. I guess he seems even nicer now, given as he's like or his family's like uh giving the grandfather, or Randall's dad, a place to stay and being nice to him.",sub-2012,3.0,585
2012,7,2,"Jack seems like a great person now. I already liked Jack quite a bit, but uh learning that he adopted Randall just... I don't know, he seems great, uh yeah.",sub-2012,1.0,586
2012,7,3,"My thoughts about Kate also didn't change too much actually. I guess it's interesting to see like how different of a path she's on from Kevin and Randall, but yeah, she just seems like a, a fine person still. Uh, she's caring for Kevin, which is good to see, so. Yeah, she just seems nice.",sub-2012,2.0,587
2012,7,4,"Uh, Kevin wasn't in this scene that much, so my thoughts about him didn't change too much.",sub-2012,4.0,588
2012,8,1,"Uh, yeah, I, my thoughts about Randall still haven't changed too much, honestly. I guess now he seems like, he seems kind of, I don't like how he handled the situation with his dad in this scene. But, uh it's understandable.",sub-2012,3.0,589
2012,8,2,"Uh, my thoughts about Kate didn't change too much in this scene, she was barely in it. Um, but, yeah.",sub-2012,2.0,590
2012,8,3,"Uh, similar with Jack, wi- it was just another scene of him at the hospital, which was kind of, not really anything I didn't already know about him.",sub-2012,1.0,591
2012,8,4,"I kind of feel a little worse for Kevin now, he seems like he kind of wanted to be, so like he- he has like interesting things to say, when people aren't really listening to him. Uh, he seems like he feels misunderstood, and that being the manny was like a bad choice for him.",sub-2012,4.0,592
2012,9,1,"Uh, Kate, I didn't see too much of Kate, but she seems kind of sad about like the person she's become, I guess. Uh, which I guess I kind of already knew though. So, yeah, my feelings haven't changed too much.",sub-2012,2.0,593
2012,9,2,"Jack still just seems like a great person. Uh, I don't have too much to say about him.",sub-2012,1.0,594
2012,9,3,"Kevin XXX seems, Kevin seems nice. He's like helping out Kate, uh. I uh, my thoughts about him didn't change too much either. Yeah, I guess he seems, I guess except that he seems like a more caring person than I initially thought.",sub-2012,4.0,595
2012,9,4,"My thoughts about Randall also are pretty unchanged, but I guess like, yeah, he just seems like a, like nice person and he's being nice to his dad even though the dad doesn't necessarily deserve it. I just, yeah, I think Randall's good, good person.",sub-2012,3.0,596
2012,10,1,"I, I like Kevin a lot now. He seems like a, a sort of well-intentioned person. Um, he seems very supportive of his sister and I guess like yeah it makes sense why he left the show. I, I still think there might have been a better way for him to handle that but I don't know not too big of an issue.",sub-2012,4.0,597
2012,10,2,"Uh, Randall, my thoughts about Randall didn't change too much to be honest. Still just seems nice but I guess, yeah he seemed a little like confused about this whole situation with his dad but that makes sense, yeah.",sub-2012,3.0,598
2012,10,3,"Jack. I don't think we, there was only one little scene with Jack in this section I think and yeah I was just kind of like explaining something from earlier. It was a conversation with the doctor. It didn't really change my thoughts about Jack at all. Uh, this was just kind of stuff I knew already.",sub-2012,1.0,599
2012,10,4,"Uh, I guess I learned that Kate wants, Kate wanted a different life for herself but she seemed like she wasn't motivated enough yet but maybe is now or like maybe the scene with Kevin has motivated her to lose weight a bit more. Uh, I'm not really sure, my thoughts about her didn't change too much either.",sub-2012,2.0,600
2015,1,1,,sub-2015,2.0,601
2015,1,2,,sub-2015,1.0,602
2015,1,3,,sub-2015,3.0,603
2015,1,4,,sub-2015,4.0,604
2015,2,1,,sub-2015,4.0,605
2015,2,2,,sub-2015,3.0,606
2015,2,3,,sub-2015,2.0,607
2015,2,4,,sub-2015,1.0,608
2015,3,1,,sub-2015,1.0,609
2015,3,2,,sub-2015,4.0,610
2015,3,3,,sub-2015,3.0,611
2015,3,4,,sub-2015,2.0,612
2015,4,1,,sub-2015,4.0,613
2015,4,2,,sub-2015,1.0,614
2015,4,3,,sub-2015,2.0,615
2015,4,4,,sub-2015,3.0,616
2015,5,1,,sub-2015,1.0,617
2015,5,2,,sub-2015,3.0,618
2015,5,3,,sub-2015,4.0,619
2015,5,4,,sub-2015,2.0,620
2015,6,1,,sub-2015,4.0,621
2015,6,2,,sub-2015,3.0,622
2015,6,3,,sub-2015,2.0,623
2015,6,4,,sub-2015,1.0,624
2015,7,1,,sub-2015,4.0,625
2015,7,2,,sub-2015,1.0,626
2015,7,3,,sub-2015,2.0,627
2015,7,4,,sub-2015,3.0,628
2015,8,1,,sub-2015,2.0,629
2015,8,2,,sub-2015,3.0,630
2015,8,3,,sub-2015,4.0,631
2015,8,4,,sub-2015,1.0,632
2015,9,1,,sub-2015,2.0,633
2015,9,2,,sub-2015,3.0,634
2015,9,3,,sub-2015,4.0,635
2015,9,4,,sub-2015,1.0,636
2015,10,1,,sub-2015,4.0,637
2015,10,2,,sub-2015,2.0,638
2015,10,3,,sub-2015,3.0,639
2015,10,4,,sub-2015,1.0,640
2018,1,1,"Um, I don't really have much of an impression about Jack yet. We really haven't gotten to know him all that much. Uh, he seems like he's had a rough time, so I empathize with that.",sub-2018,1.0,641
2018,1,2,"Um, Kate, you know, again, a lot of self-loathing. That's not great. I-I feel bad for her. Um, hopefully we get to see her be happy at her birthday party, because, you know, she really doesn't deserve to be in that dark of a place all the time.",sub-2018,2.0,642
2018,1,3,"Uh, Kevin. I don't really have thoughts on Kevin yet. He seems cool. I hope that whatever favor he called in with this guy doesn't come back and blow up in his face. Again, hopefully it's an ending scene, so like the big problem was before and not a beginning scene, and there's about to be a problem because of his favor.",sub-2018,4.0,643
2018,1,4,"Uh, Randall, I think, I have the most exposure with. He seems like a good guy, you know, like someone who you'd want on your side. XXX he was obviously willing to help William, even though it seemed like they weren't super close. Um, so I hope that works out well for Randall, because he seems like a good guy, and yeah.",sub-2018,3.0,644
2018,2,1,"Kevin, um, so unfortunately, Kevin seems to be a bit of a jerk, um, seems to be a little bit on drugs, uh, so maybe that's just making him a jerk, but yeah, um, respectfully to Kevin, screw Kevin.",sub-2018,4.0,645
2018,2,2,"Uh, Jack, you know, he seems really supportive, he XXX there for his wife, uh, don't really know much about Jack yet, so we'll see, but he seems to really love his wife, and that's definitely something, and you know, he seems to be very concerned about the health of the children, which is also good.",sub-2018,1.0,646
2018,2,3,"Randall, still love Randall, Randall's quickly becoming a favorite. Um, he seems very compassionate, and like, he's really trying to like, heal his relationship with his dad, or, I don't know, I realized he was like, I'm not going to forgive you, but he was still willing to like, come back and give his dad a chance, so like, props to Randall.",sub-2018,3.0,647
2018,2,4,"And Kate, I mean, I don't really have much of a read on Kate right now, she seems in the meeting to be in a better place than she was at during the uh, the, the fridge scene, so hopefully that's more of her tone, because I still really like Kate, I still think she deserves better.",sub-2018,2.0,648
2018,3,1,"Jack, um, still cool, still like him, uh, if his wife dies on his birthday, or on her birthday, that's really rough, I hope that doesn't happen, 'cause he seems like a good guy.",sub-2018,1.0,649
2018,3,2,"Uh, Randall, very cool, um, a little angrier than I thought he was, but like if he was really like abandoned as a baby, then I kind of get where that anger is coming from, uh it's kind of like a dignity thing. Uh, yeah, not too much of a change, other than I hope that, well not even a hope, I just feel like he might be holding onto a grudge.",sub-2018,3.0,650
2018,3,3,"Kevin, I take back what I said, um, it's no longer screw Kevin, I kind of see where Kevin's coming from now, so, yeah.",sub-2018,4.0,651
2018,3,4,"Kate, um, I hope her new guy is treating her well, um, and I really hope that this date happened after the cake scene, because if it happened before, the guy might have something to do with it, and I'd feel bad for her.",sub-2018,2.0,652
2018,4,1,"Kate, um, you know, she's a really good sister. If I had to guess, I would say she's the older one. Um, you know, I, I'm still trying to figure out, like, the order of her plot lines, because it kind of changes everything, whether her like scenes of her struggling with her weight, are before or after the date, and her brother coming over. If it's after, then, like, it sucks, because she probably just doesn't confide in her brother the way she could. If it's before, then, you know, it's just, like, her trajectory is getting better, which is nice.",sub-2018,2.0,653
2018,4,2,"Jack, uh, not a huge change, you know. He's about to have a bad day, so, like, sucks to be him.",sub-2018,1.0,654
2018,4,3,"Kevin, uh, again, no longer think he's the worst. I kind of see where he's coming from, and he's does seem like a really good actor, so I understand why he's upset that he can't do that, and I understand why he's, like, opposed to getting, like, sexualized or, like, commodified for TV.",sub-2018,4.0,655
2018,4,4,"Randall, um, huge fan of Randall, still. Glad he communicates with his wife. Um, I am curious to see why changed his mind on meeting his dad, but still one of my favorites.",sub-2018,3.0,656
2018,5,1,"Randall, um, well, the fact that it's his birthday helped us explain why he was, like, so into going to see his dad. 'Cause like, you know, you're getting older, you're realizing, like, what, um, like, you're putting your life into perspective. And so it kind of makes sense that that makes him want to go talk to his dad.",sub-2018,3.0,657
2018,5,2,"Jack, um, not much to add there.",sub-2018,1.0,658
2018,5,3,"Kate, um, she seems very, like, reserved, I guess. Um, and, like, very intent on losing weight in a way that, like, the date guy isn't. So that's interesting. Um, we'll see how that, like, shakes out and which one of the two ends up influencing the other.",sub-2018,2.0,659
2018,5,4,"Um, Kevin, um, you know, I'm glad that he's against his character being kind of an idiot. Uh, and I understand his desire to, like, be in, um, a serious role. But if it really is his second role, then, like, I guess it also makes sense that they kind of just want him as eye candy, as sucky as that is for him.",sub-2018,4.0,660
2018,6,1,"Jack, um, I feel like Jack's not really changing. Um, you know, he is reacting, I think, the way most normal people would, and I still like him a lot.",sub-2018,1.0,661
2018,6,2,"Randall, um, the more I see of Randall with his wife and his kids, the more I like him. He's just a really good guy, and it kind of helps conceptualize why he wants to meet his dad. It's because, like, he has a good relationship with his family now, and I can see how it would kind of be, like, a little unthinkable to not try to have that relationship with someone you're biologically related to.",sub-2018,3.0,662
2018,6,3,"Ooh, I moved there, I'm sorry. Uh, Kate, just that, like, she's not really getting support on, like, any side, because Toby is kind of, like, not really into her whole, like, weight loss journey, and Kevin is, like, kind of insensitive to her life and her feelings. Um, and that doesn't mean that they don't both like her, but it does mean that they're not really doing much to support her.",sub-2018,2.0,663
2018,6,4,"And Kevin, I mean, other than the fact that he's a bit of a jerk to his sister, I do empathize with him, so I do kinda get it.",sub-2018,4.0,664
2018,7,1,"Uh, Kevin, Kevin, Kevin, okay Kevin. Not much, uh, he's still a little selfish when it comes to his sister, but it's cool that, um, I guess like where they're setting him up to start, if it's either the start of the season or the start of the show, like where his arc is gonna go from here.",sub-2018,4.0,665
2018,7,2,"Jack, love Jack. Uh, huge fan of Jack now. Love that he adopted Randall. Um, and how he was like just so ready to take that on. Um, yeah. I would love to see more interactions between these three kids as adults, but I'm assuming like that's what the rest of the show is about.",sub-2018,1.0,666
2018,7,3,"Kate, still love Kate. Interesting with how her relationship with Toby would go. Um, yeah, I feel like a lot of her like inner conflicts have kind of pushed aside in this show. You know, at least in this episode in comparison to like Randall or Kevin, but hopefully she has more time to grow, um, as the season develops.",sub-2018,2.0,667
2018,7,4,"Randall, a huge fan of Randall still. Glad he accepts his dad, and lets him stay. Interested in how he interacts with his siblings. We haven't really seen that yet.",sub-2018,3.0,668
2018,8,1,"Kate, um, you know, I'm glad that she's able to kind of be a little lighthearted. I would still be a little cautious on her relationship with Toby, just because Toby, I don't really know why he was at that meeting. He wasn't really taking it seriously, and like it's weird to be there, and then just like kind of screw around the whole time. Like as much as I think it might be good for Kate to have someone who like is not pressuring her to lose weight, I can see like with who her family is that being an issue. I think it's weird that Toby's like so against it, considering where he met Kate.",sub-2018,2.0,669
2018,8,2,"Randall, um, still a fan, you know. Uh, he is holding a grudge against his dad, but I can't really be like, ugh, how dare he, because like it sucks. Um, yeah, and I can see it being tough. Like, I don't know, Randall's like only, the only black person in his family, and like you don't really have that support from your community. It can also be really hard.",sub-2018,3.0,670
2018,8,3,"Jack, uh, no real change other than like love Jack, so there we go.",sub-2018,1.0,671
2018,8,4,"And Kevin, um, interesting that they introduced him as like kind of the doofus that he's trying to break out from, and then I guess you learn more of his stuff as it goes on. Uh, his existential crisis is like a little amusing, uh, but also just like really shows that he's in a bad place, so I hope that like over the course of the show he gets to a better one.",sub-2018,4.0,672
2018,9,1,"Randall, um, you know, if Jack just died, that would really make sense as to why he's seeking out his biological father. If Jack didn't just die, then, um, I guess, again, the whole birthday thing XXX talk to his siblings and had that moment. But, um, yeah, still a huge fan of Randall.",sub-2018,3.0,673
2018,9,2,"Jack, uh, yeah, no real new feelings, other than like, nope, that's about it.",sub-2018,1.0,674
2018,9,3,"Kevin, um, like Kevin, like that he drops everything to go talk with his sister. I wish he were a little more sensitive to her, but I understand that he's also going through kind of a lot right now.",sub-2018,4.0,675
2018,9,4,"And then Kate, uh, not much, other than like, she really was at a low point at the start of the show, so hopefully she gets better.",sub-2018,2.0,676
2018,10,1,"Randall, um, not a huge change, I liked him in the beginning, I like him now. I guess my only, um, thing is that, uh, I, I now understand how, how his breakdown works, like, they start all the characters off with a breakdown, and, and I'm starting to get his with this scene.",sub-2018,3.0,677
2018,10,2,"Kate, uh, I like that her going to weight loss is a self-motivated thing, as much as her brother helped.",sub-2018,2.0,678
2018,10,3,"And Kevin, uh, I like Kevin a lot actually, we had kind of a low point at the beginning there, but, you know, he's much better.",sub-2018,4.0,679
2018,10,4,"Jack, uh, no huge change, but XXX do like Jack, um.",sub-2018,1.0,680
2021,1,1,"It seems like Randall was looking for somebody, and he eventually found them, and he has a family. He cares about his kids and his wife as well.",sub-2021,3.0,681
2021,1,2,Kate seems to be a nice person. She seems to be going through something right now with her family. Um. I think she has a lot of potential for development in the show.,sub-2021,2.0,682
2021,1,3,"I didn't really see much about Kevin except that he was acting, and he seems to know a few people, and he seems to be a little more wealthy than most of the characters.",sub-2021,4.0,683
2021,1,4,"Jack seems like a family man. He was in the hospital, and he seems to be able to talk to people he just met as well.",sub-2021,1.0,684
2021,2,1,"I noticed that Kate was actually more determined than I originally thought. I thought she was stuck more in the slumps, but it actually seems like she actually wanted to make a change for herself.",sub-2021,2.0,685
2021,2,2,"I noticed that Randall actually had a goal instead of just randomly meeting someone that might have been his brother or his father, and he actually cares about the man, regardless of what happened.",sub-2021,3.0,686
2021,2,3,"My thoughts for Jack didn't change that much, just because he's still kind of the same situation he was before.",sub-2021,1.0,687
2021,2,4,"I noticed that Kevin seemed pretty passionate about everything and what he was doing was pretty important, until that moment where he actually ended up quitting instead.",sub-2021,4.0,688
2021,3,1,Not much has changed about Jack except that I notice that he's a lot more worried and concerned about his wife than I originally thought.,sub-2021,1.0,689
2021,3,2,My thoughts for Kate haven't really changed but I did notice that she ended up actually going on a date with a guy rather than initially denying him in the beginning.,sub-2021,2.0,690
2021,3,3,At first I thought Randall was looking for someone because he wanted to help them or because he cared about them but I realized it was actually because he wanted to know who his father was and he still had some unresolved pain and hurt from his father abandoning him and abandoning him.,sub-2021,3.0,691
2021,3,4,I'm not entirely sure yet why Kevin was upset. I just know that at first he was still very glad and something caused him to be very upset about the set and the place they were at.,sub-2021,4.0,692
2021,4,1,"My thoughts on Kate changed a little bit. I noticed the relationship here with Kevin more. Because of what I previously watched, being that all three of them now, Kate, Kevin, and the man she's with, were hanging out together.",sub-2021,2.0,693
2021,4,2,I noticed that Kevin was just in the heat of the moment when he gets mad. XXX job that he's actually regretting it a little bit now. XXX but he's not sure what to do XXX at this moment.,sub-2021,4.0,694
2021,4,3,"Jack's behavior in most clips has kind of been the same so far. He is very nervous about his wife, but he's trying to keep a very positive attitude about it. XXX.",sub-2021,1.0,695
2021,4,4,It's kind of been the same with Randall so far. Except that XXX tell his wife more stuff. XXX kind of shows me that he and his wife have a good relationship.,sub-2021,3.0,696
2021,5,1,I just noticed that for his relationships it seems like he has a good work relationship at his job.,sub-2021,3.0,697
2021,5,2,My thoughts on Kevin changed cause it seemed at first that he was passionate and up for anything for his job but the more I watched I realized that he actually was just taking what he could and playing the bare minimum role.,sub-2021,4.0,698
2021,5,3,For Kate I just noticed that she ended up talking to that guy more than she is interested in him but it doesn't seem like she is 100% set with him yet.,sub-2021,2.0,699
2021,5,4,"Jack seems a little bit more upset. It seems, or expresses himself, more upset than his actual wife which shows he's just really worried about her and the three children they're gonna have.",sub-2021,1.0,700
2021,6,1,"I noticed that Jack is- was more concerned about his wife and the actual children he was birthing. Um, not that he didn't care at all about them, but he just was more concerned about his wife than anything else.",sub-2021,1.0,701
2021,6,2,"I noticed that Kevin's actually a very lonely character, and he's worked hard for his career, but doesn't have much else to get back from it besides money and fame.",sub-2021,4.0,702
2021,6,3,"Only thing that I've noticed about Randall so far is that he has a good relationship with his moth- I mean his wife, and his kids, and that he really wants to be the father that he didn't have or wasn't given when he was younger.",sub-2021,3.0,703
2021,6,4,"It's, this is just more reinforcement for Kate. I noticed that she not only has a different, tryna live a different lifestyle, but she also goes to group meetings as well, and she's trying to find communities and social networks that can help her change her lifestyle.",sub-2021,2.0,704
2021,7,1,"My thoughts on Kevin and his behavior are still a little bit the same from last time, just because there wasn't much about him this time, except that I was su- right about him and Kate being siblings. I just didn't know that him and Randall were siblings as well.",sub-2021,4.0,705
2021,7,2,"I noticed that Kate and her, the man she's with's relationship has grown a little bit, and that she also cares about Kevin a lot more than I anticipated as well.",sub-2021,2.0,706
2021,7,3,"I noticed that Randall's behavior towards his biological father became a little bit better. He provided him a room in his own home, and some clothing as well.",sub-2021,3.0,707
2021,7,4,"For Jack, I noticed that he br- brought in a child that had no parents, because he had lost one of his own. And I kind of liked that his character did that. It showed that his feelings of empathy looked past, that it wasn't biological.",sub-2021,1.0,708
2021,8,1,"Jack seems nervous still about everything, um, he's just trying to make his wife feel better and he's not trying to take anything to heart whether she says something during labor or not.",sub-2021,1.0,709
2021,8,2,"I just noticed that Kevin has, still has a really good relationship with his sister more so than his stepbrother and that he wishes he could do more with his life, he wanted to change the world and he likes to talk a lot as well.",sub-2021,4.0,710
2021,8,3,Kate seems to be growing in relationship with the man she's talking to and I believe it's also making her a little happier as well helping her embrace herself.,sub-2021,2.0,711
2021,8,4,"I think Randall's, Randall's bitterness towards his biological father is a little bit justified but it's also good that he tried to recover from it and give him a home. I think his intentions at first were just to tell him off but the longer he talked to him the more he actually just wanted closure from his father.",sub-2021,3.0,712
2021,9,1,"I believe that for Kate, her intentions have grown stronger. She's trying really hard to lose weight and change how she eats and her behavior is XXX change her behavior and she has really strong thoughts on how she wants to look.",sub-2021,2.0,713
2021,9,2,Jack just has proved to me that he really cares about his wife and that he loves his kids a lot and tries directing all of them into a good future.,sub-2021,1.0,714
2021,9,3,"I noticed that Randall's behavior towards his father didn't really change that much at first he was upset and, but he actually showed that he truly did love him. I noticed that he didn't have much of a relationship with the other characters, including his siblings or his mom and dad.",sub-2021,3.0,715
2021,9,4,"My thoughts for Kevin changed a little bit. Um, at first I saw him going to his sister because he needed support, but then I also saw him going to his sister for support to support her. So I saw that their relationship is equal and that he helps them, he helps each other out.",sub-2021,4.0,716
2021,10,1,"Randall's behavior, thoughts, feelings weren't that different, in my opinion, from now until the last time, but I still am not sure how his relationship with the other characters are.",sub-2021,3.0,717
2021,10,2,"Kevin just seems to wanna help and change the world. He wants to do something for himself, and he wants to do things the right way. He also cares about his sister a lot and he wants to make sure she's happy.",sub-2021,4.0,718
2021,10,3,"Kate seems to be really close with her brother, and she also seems to want to have someone to care about, like a pa-partner, but she's also a little bit insecure about it and not sure 100% either.",sub-2021,2.0,719
2021,10,4,Jack seems to have had a bit of a relationship change with the doctor when they've related with him about a father losing a child and how his wife died from cancer the year before that.,sub-2021,1.0,720
2024,1,1,"I'm not sure what to think about Randall so far, he seems like a caring person, he has two daughters. I've learned that there's more to him than just coming home and being with his family, he works a nice office job and seems to have a soft spot for the man he brought home even though his wife wasn't necessarily happy about it and I have no idea what his relationship is to the other three characters.",sub-2024,3.0,721
2024,1,2,"Kevin seems to be some sort of famous person, I haven't learned too much about his behavior or thoughts, it seems like he's trying to make it big and I, I don't know his relationship with the other characters except for this one man who uh is older than him but possibly in a similar famous sort of situation.",sub-2024,4.0,722
2024,1,3,"Jack seems to be in a tough position, he's experiencing some sort of loss, he hasn't necessarily said anything yet but he is clearly very upset and trying to work out how to handle it.",sub-2024,1.0,723
2024,1,4,I've learned that Kate is struggling with body image issues and she has set up this system for herself with the sticky notes to try and curb her behavior but it's clearly having trouble finding a system that helps her work through her problems so far. But she has good intentions.,sub-2024,2.0,724
2024,2,1,,sub-2024,3.0,725
2024,2,2,,sub-2024,1.0,726
2024,2,3,,sub-2024,2.0,727
2024,2,4,,sub-2024,4.0,728
2024,3,1,"I think I'm most interested in Randall as a character. Each new scene adds complexity to his character. I've learned that even though he's a self-made man, he, he is really curious about his biological father even though he abandoned him. And he, he wants to establish a relationship there even though it, it may be difficult for him to admit to himself.",sub-2024,3.0,729
2024,3,2,"My thoughts about Kevin are more complex. Again, beforehand he seems like he just had this angry outburst like a temperamental actor but now I'm realizing that it could be he takes his craft seriously and feels he does a good job. But other people may be interested in him for maybe his good looks, telling him to lose the shirt, um, and and only want to please him in a superficial way. So I feel like I can understand him better. Maybe he's craving something deeper and having difficulty finding it.",sub-2024,4.0,730
2024,3,3,My thoughts about Jack have not changed too much. We gained some insight into his background but it's all tracking with what I have expected so far.,sub-2024,1.0,731
2024,3,4,"Similarly my thoughts about Kate have not changed too much. Most of her story seems to arc around her desire to improve her weight. And, perhaps in this scene I gain more confirmation about her good intentions and trying to lose weight and focus on herself and yet her tendency to let go of those goals when she has impulses for things that aren't necessarily good for her, for example her relationship with this man.",sub-2024,2.0,732
2024,4,1,"My thoughts about Jack are a bit more negative now. Clearly he's going through a really tough situation, but we gained this insight into what happens before his wife goes into distress. And, he, it seems like he could have prepared better for this moment. And, I don't know if that would have changed the outcome or not, but it, it leaves this sense of longing for him to plan better.",sub-2024,1.0,733
2024,4,2,"My thoughts about Kate are pretty much the same. I did learn that she is siblings with Kevin and she can clearly be very sensitive and caring for Kevin. It's possible her brother, who's very conventionally attractive, muscles, fit, might be enabling her a bit, mentioning, oh, don't worry about that glass of wine, but it's not clear how typical that is for their relationship.",sub-2024,2.0,734
2024,4,3,"My thoughts about Randall are also about the same, although we gained more insight into his relationship with his wife, although it seems in the very first scene already that his wife wasn't fully aware of how much Randall was searching for his biological father. An- um, and she seems not particularly pleased, but I don't know if she's negative about his search. And that's about the same after seeing this scene.",sub-2024,3.0,735
2024,4,4,"My thoughts about Kevin are also about the same, although we gain insight into his relationship with other characters, specifically that he has his sister Kate and I have a suspicion he has other siblings as well.",sub-2024,4.0,736
2024,5,1,I'm becoming more sympathetic to Kate. It seems similar to before where she wants to change her behavior with food and her relationship with eating but it's hard for her to make these changes when she's around bad influences like the guy she's dating.,sub-2024,2.0,737
2024,5,2,"My thoughts about Randall, his character are about the same. Although I'm more interested in his relationship with other characters, even though I haven't seen him interact with the three others, I hypothesize that the, the four of them are all siblings.",sub-2024,3.0,738
2024,5,3,"My thoughts about Kevin are pretty much the same. Uh, I, I think all of the scenes we saw here are similar to the ones before. Perhaps we learn a little bit more about the magnitude of this job. Um, it seems this is the biggest job he's had.",sub-2024,4.0,739
2024,5,4,My thoughts about Jack are pretty much the same as well. Although now we have some more insight into this doctor change before his wife goes into distress.,sub-2024,1.0,740
2024,6,1,"I think I feel more sympathetic towards Kevin. All of the scenes I've seen after his meltdown have supported that his main thing he's upset with is how everyone values him for his body, and he, he feels some shame towards his behavior, or at the very least at tanking his career, but his, he, he values his craft and wants to be successful in, in that way.",sub-2024,4.0,741
2024,6,2,"I feel more sympathetic towards Jack. I feel like when we see these scenes where he's very upset, and something horrible has happened to him. It's natural to feel more sad and sympathetic towards him. Um, and, we've learned Jack is really in disbelief here at the beginning of the day, before his wife went into labor, he found it impossible that anything negative could happen, and now he's in shock trying to cope with it.",sub-2024,1.0,742
2024,6,3,"My, my thoughts about Randall, now I'm wondering about his competitive side, clearly values, from the previous scene, he values is self-made man, character, his wealth, probably some competitiveness because he works in stocks or finances, and now we see his two daughters. Both of them he seems to be very supportive of, but he especially values the competitiveness of his one daughter.",sub-2024,3.0,743
2024,6,4,"My, my thoughts about Kate have not changed so much. We get to see her in her fat support group, um, and we learn that many others struggle with the same issues that she is working with. I guess I'm also thinking more about this theme of characters' relationships with their bodies. It seems to be a, a parallel between Kate and Kevin, but in opposite ways.",sub-2024,2.0,744
2024,7,1,"In the previous scene there was some point where we saw Randall's father being handed some blankets and in the house. So it seems like Randall has invited his biological father into his home. So this makes me think Randall is, is caring and warm even though he has this complicated relationship with his past and his father.",sub-2024,3.0,745
2024,7,2,"We, we learned a, a key outcome of Jack's behavior which is adopting the third child paralleling his own relationship with his siblings. And this, is a cute way of wrapping up the whole story. And so this does confirm to me that he has trouble facing reality in a way. He said he had three cribs at home, he's going to be, bring three babies home. And this is his way of, of forcing that reality to be true even after a tragedy. But it happens in sort of a beautiful way where you want to forgive Jack for being so obstinate.",sub-2024,1.0,746
2024,7,3,"I don't think I learned too much about Kate in the previous scene, so I feel about the same towards her.",sub-2024,2.0,747
2024,7,4,"I also think I, I don't learn too much about Kevin in the previous scene. We, we still know they're all siblings and he's asleep on Kate's couch, we know that they're close and we see the picture of the three of them.",sub-2024,4.0,748
2024,8,1,"Um, I feel like I didn't learn too much about Kate in these past scenes, so my thoughts about her didn't really change.",sub-2024,2.0,749
2024,8,2,"My thoughts about Randall also didn't really change. The scene we saw with him, it's so similar to the one beforehand. I feel like I learned more about his father than I did about Randall specifically. But XXX just to rehash it, I, I feel like you can tell he has this longing for his father to have some sort of regret about leaving Randall behind, especially related to his current success.",sub-2024,3.0,750
2024,8,3,"In the past scene, we learned Kevin has this historical event that he considers a turning point in his relationship with excellence and this desire to be great, which is sort of interesting. A lot of his character so far has involved how other people want him for his body or how attractive he is. And he has this side to him that craves excellence and even remembers these great historical events in detail and he reflects on them in a philosophical sort of way, which is an interesting contrast to how the world views him.",sub-2024,4.0,751
2024,8,4,"Um, my thoughts about Jack are about the same in the last scene. Rather than get the sympathetic side, you get this more cocky side that comes out occasionally.",sub-2024,1.0,752
2024,9,1,"I've learned that in, in regards to Randall's relationship with his parents, his adoptive parents, it's possible they may be dead. I don't know. We've also learned that his biological father, who we found, may also be dead soon because he's dying which suggests to me now I'm wondering maybe he searched for his biological father due to his parents' death or at the very least he's seeking out this parental relationship and looking even more for this resolution.",sub-2024,3.0,753
2024,9,2,"Uh, my thoughts about Kevin are about the same. We've seen a few more scenes that confirm his previous behavior and frustrations and so that's interesting to watch but everything tracks with what I've suspected so far.",sub-2024,4.0,754
2024,9,3,"Um, in the last scene, I probably feel more positively about Kate and optimistic for her trying to make positive change in her life by throwing out all of her sweets. Possibly this is due to the fact that her date is no longer around. He seems to be a, a bad influence on her in general.",sub-2024,2.0,755
2024,9,4,"Um, my thoughts about Jack are about the same as well. We get to see a bit more, uh, of his negative behavior, I would say, and pushing his wife but nothing too horrible about the same as what we've already seen.",sub-2024,1.0,756
2024,10,1,"My thoughts about Kate changed a little bit. I'm wondering what her job is that she doesn't think it's a real job. I'm wondering what if it has to do with her image and perhaps that's why she feels she can't have that sort of job or career the way she wishes. I've learned that she really wants to have a family and a relationship like her parents, which makes me more sympathetic to her starting to date this man she's met at her fat support group. Maybe that's why she's more willing to try dating him, even though she knows he's a bad influence for her, trying to lose her weight. And we also get to see how her goals possibly deepen her bond with Kevin, who also wants to be great. So we learn a bit more about her relationship with Kevin in that way.",sub-2024,2.0,757
2024,10,2,"In one of the scenes, we hear Kevin mention the, the teacher launched into space that happened in the second grade and he jokes with Kate about being more of a nerd. That might have been the last time, I can't remember, but it just reinforces this idea of Kevin's complexity and how he wants to be loved and praised more for these intellectual components that we didn't see before. We also in the scene with him, uh, acting, we see these three triplets in the audience. Uh, in their shared crib, and so I'm wondering whose kids those are and what the relationship is with that. If it was just a chance audience member and it's a, a random aspect of the triplet motif or if he has a deeper relationship with these babies.",sub-2024,4.0,758
2024,10,3,"My thoughts about Randall are about the same. Clearly he's coping with his adoption as a baby. Um, and we get to see a little bit more about how he interacts with his wife in this way, but his distressed reaction at bringing his father home is pretty much what I expected and we saw hints of that before already.",sub-2024,3.0,759
2024,10,4,"My thoughts about Jack are more or less the same. I don't think the scenes we saw revealed too much about Jack's behavior specifically, but more so about the doctor who was delivering his child. Um, and we get to learn a bit more about the parallels between their stories. So maybe this reveals a bit more about his relationship with this doctor and the way they're similar and he takes them very seriously.",sub-2024,1.0,760
2027,1,1,"Oh Kate. Um, I don't know XXX my thoughts were about Kate of just like oh great another movie of like fat phobia and a woman trying to lose weight like I don't know. So I guess it was just like I don't know sadness and compassion for Kate and annoyance for the movie.",sub-2027,2.0,761
2027,1,2,"Randall. Um, once again my thoughts here are curiosity. Um, see if like this older guy is maybe his dad. Why doesn't he have a relationship? Why the choice of like not telling, uh, the kids who this guy is? Um. Yeah. There's some secrecy in his past that that I'm curious about.",sub-2027,3.0,762
2027,1,3,"Kevin. I feel like there wasl the least about this guy. Um, but also just curiosity so far of like who's this older guy to him? Why isn't he on stage? Yeah. Too early to tell.",sub-2027,4.0,763
2027,1,4,"Jack. Um, also compassion it sounds like his wife just gave labor and didn't go as planned. Um, I thought it was great healthy masculinity. He's crying. And um, and just yeah feeling compassion for him.",sub-2027,1.0,764
2027,2,1,"I guess XXX confrontation of like, she, like, is trying really hard to lose this weight and also internalized fatphobia. Um, and I guess it's affecting how she relates to other characters in that, like, I can't fall for a fat person right now. Um, so it's still just like curiosity and compassion.",sub-2027,2.0,765
2027,2,2,"Jack, um, nothing's changed. He's by his wife's side, um, so maybe like, okay, I guess he's a good husband. Um, yeah, and that's about it.",sub-2027,1.0,766
2027,2,3,"Kevin. Definitely learned more. Um, maybe some judgments, of, okay, another like, this white male having an outburst and being angry publicly and without accountability, question mark. Um, also just curiosity on why and like, is he taking it XXX for himself XXX. So, just question XXX judgement. And, yeah.",sub-2027,4.0,767
2027,2,4,"I think it makes sense if you're just meeting your father for the first time, there might be some anger. Um, but then he has compassion for him and for his father and I guess I have compassion for Randall of like, you know, whatever is happening he's willing to meet him and bring him home to his kids. So, curiosity on where that will go.",sub-2027,3.0,768
2027,3,1,"Um, I guess maybe now that I think about it, not that there XXX some provocation, but like, his relationship with the writer might be a little bit more complicated, and maybe he doesn't have that much agency, um, so maybe now I have a little bit more compassion for him.",sub-2027,4.0,769
2027,3,2,"Kate. No not really, nothing changed, like, what did I, uh, nothing really in terms of like, how my thoughts changed, and then what I learned, this has to be like an early 2000s movie or something, like, I don't know, it was just like, ugh, the socialization of like, women owe nothing to men, but that behavior is being shown here, so it's just like, annoyance.",sub-2027,2.0,770
2027,3,3,"Jack, um, I don't know, did my thoughts change, not really, oh I learned he's 36, that was an, ugh that was another earlier aha moment I forgot about Randall's also 36. Thoughts about Jack, I don't know, playing up the, stereotype of dudes being like, very sexual, um, XXX an eye roll here, but no change or thoughts about him.",sub-2027,1.0,771
2027,3,4,"Randall, yeah, definitely learned a lot more context, um, definitely think he's a little arrogant, um, like, I get it, he's angry, but, I don't know, that's a, a weird detail to like, blast that XXX that you bought your expensive car in cash, but okay, and he definitely accepted the invitation to go in very fast, so, that surprised me.",sub-2027,3.0,772
2027,4,1,"Thoughts on Randall, um, well we learned like, he's paid a lot of money for this investigator, he probably has a healthy relationship with his wife. At least somewhat and he's like sharing his feelings after and like, you know, after looking for his dad, um, and I think something's motivating him he doesn't fully understand. Cause, he doesn't know why he reached out, um, but, I don't know, it's just XXX I guess. And like, XXX juggling his personal stuff, with his relationship, with his kids. This is happening at one of the soccer games.",sub-2027,3.0,773
2027,4,2,"Yeah, so my thoughts definitely changed about Jack, like oh this guy's also a little arrogant. Um, and just like, I don't know, just a little like, ugh, maybe disgust? Of, like, why is he so strong on just like doesn't even want to hear the, awful complications, it just seems like unrealistic. Especially knowing what I know that shit doesn't go as planned. Um, but, I don't know, his wife's into it. Um, and, yeah. Yeah, just learned all that.",sub-2027,1.0,774
2027,4,3,"Kevin, um, he's just XXX here, and, okay, um, Kate is his sister, and that something, I don't know, I know something happened about with his parents as well. Um, I guess I learned he goes to his sister when he's sad and just to deal with emotions.",sub-2027,4.0,775
2027,4,4,"And then Kate. Um, well, before I knew that was her brother, I was like, why can't this guy be a love interest? And then, that's her brother, um, so, I don't know, she's there for her family, there for her brother, they have a good relationship. Wonder if she was in the middle of something, and that's why her love interest showed up. So maybe she drops everything for family.",sub-2027,2.0,776
2027,5,1,"Yup, I think I unfairly judged him a little too harshly in the beginning. Um, it's complicated with this like rude writer on his show. He's trying hard and, yeah. This white male is also hurt. Um, feel like I'm just learning more about my life too. Um, and that yeah we learned he really does care and just like his workplace is probably a little toxic too.",sub-2027,4.0,777
2027,5,2,"Um, maybe I learned more about his wife than him. And that now I'm like well why didn't he butt in earlier about the doctor other than just like oh is this a bad joke, like. Now I feel like I'm more judgy towards this guy.",sub-2027,1.0,778
2027,5,3,"And then, all of the, what I learned, like, they this is her birthday dinner too, and, I don't know XXX strange and like XXX, is still like, food is always on her mind it seems.",sub-2027,2.0,779
2027,5,4,"And, Randall. I guess just like, well I saw the email about like it's your birthday XXX, so. I don't know maybe he doesn't celebrate himself in the workplace. Although, he had all that like self celebratory arrogance energy at his father so. Yeah, just learning more context.",sub-2027,3.0,780
2027,6,1,"Um, I think nothing like my thoughts about Randall did not change. And just learned he's a team with his wife so that's great. And like intentions, um, oh yeah he I don't know I wonder if he like favors the daughter that's more competitive and into the sports.",sub-2027,3.0,781
2027,6,2,"And Jack just like having some more compassion. Um I know somebody who was in this similar situation hence my like one tear that ran out, um, and I don't know just like compassion for this guy cause this is really rough.",sub-2027,1.0,782
2027,6,3,"Kevin. XXX probably using women to like cope with his existential crises or whatever that birthdays are times when these things come to a head and they can. Um, so that's what I learned about him.",sub-2027,4.0,783
2027,6,4,And Kate. I just feel like this is the character that's like and maybe this is my just my own annoyance like all we know about her is like she's a sibling to Kevin and wants to lose weight but not much dimensino there.,sub-2027,2.0,784
2027,7,1,"Ugh, yeah, some of that masculinity stuff is explained in like, this is, ugh, I don't know what, decade, but Iran stuff happened. I wanna say the seventies based on all their wide collars, um, so, XXX hipster, but, XXX fashion has come back. Um, so yeah, just a little bit more understanding of like, oh, I guess he's a little bit a product of his time, but also like, that's really like, sweet of him to like, take in this third child. I feel like I'm still a little jaded of like, this guy also has an ego of like, aw shit, sorry, XXX, um, you know, there's gonna be three babies! And, just like, okay, well there were three babies in the end, he was right. I didn't want to give him that satisfaction.",sub-2027,1.0,785
2027,7,2,"Randall, um, just like the big realization of like, oh, and like, that's also how he's like, you know, was so successful having the support and like, I don't know. I mean, awful things are easier, but just like, got really lucky by being taken into a white family.",sub-2027,3.0,786
2027,7,3,"And Kate. Um, I don't know, I still feel like she's the one I got the least about. Even though she's one of the three, still seems like a side character.",sub-2027,2.0,787
2027,7,4,"Um, no, nothing really changed, just like, okay, he's one of the three now, and, well, maybe like, oh, there's a big poster of him that's signed for his nieces, or, I don't know, the children that. Actually no. Oh right, yeah, for Randall's kids, that was for Randall's kids, yeah. I guess I was also like, why aren't they reaching out to Randall on his birthday? Well that's maybe for everyone, not just Kevin.",sub-2027,4.0,788
2027,8,1,"Um, her relationship, like she's really into Toby. It's coming out in these subtle ways, and I don't know, I still feel like we learned more about Toby. And, also could not suppress an eye roll in that scene. Um, my thoughts about Kate are about the same.",sub-2027,2.0,789
2027,8,2,"Thoughts about Jack. No, stayed about the same. This is like, you know, he realized the twins are gonna have the same birthday. I think like, is that meant to show like, he's trying to be funny or he's a little bit aloof? Um, but just like, I don't know, realizing stuff. And like, leading the situation head on and not thinking ahead to like, ramifications, XXX.",sub-2027,1.0,790
2027,8,3,And then Kevin. This guy just hasn't processed his feelings or thoughts before. So I think that's about what I was thinking earlier.,sub-2027,4.0,791
2027,8,4,"And then Randall, um... Well maybe now that I know like, he grew up with Kevin, so maybe the theme is just like, going and not always stopping to think. Yeah.",sub-2027,3.0,792
2027,9,1,"Um, I don't think any of my thoughts changed. It's like he is figuring it out in real time. Of like, how he feels about this guy. And I think he just, you see him navigating that. Like, you know, he's happy how his life turned out and now he;s trying to figure out how he feels about his biological father. And then it's like, oh shit he's actually dying. So just like compassion of like, Randall's in it and we see it.",sub-2027,3.0,793
2027,9,2,"And Kate. XXX just a little sad and like, her character is not given much. It's just like, food and no willpower and just like, I don't know, compassion for her and annoyance at the writers of this movie. I don't know. It's just like, ugh, yeah. It's more annoyance of just like, why do you have to ask about the dog poop like that.",sub-2027,2.0,794
2027,9,3,"And Jack. I don't know. He's a little bit more judgy than when I started. We learned like, he's a little stubborn and has this big ego and gets what he wants. And not like in a bad abusive way. It's just like, well that's how he is. In a little bit of an eye roll way. Eye roll.",sub-2027,1.0,795
2027,9,4,"And Kevin. Oh it's nice that he shows up for his sister after she hurt her ankle. Um, and I guess like, he's a little softie on the inside and some compassion for him there. And that yeah, he has a healthy, question mark relationship with his sister. At least they're there for each other.",sub-2027,4.0,796
2027,10,1,"Um, no nothing really changed in terms of my thoughts about Jack uh. What did I learn? Like maybe this guy didn't have good examples of I don't know masculinity accepting emotion this is me getting way too into this movie I think um but in a moment of weakness he's open to hearing somebody else's thoughts. He's a little arrogant earlier I think he's open to it here.",sub-2027,1.0,797
2027,10,2,Thoughts about Kate just learning like oh she did have like dreams um it's just that same like you know you know internalized fat phobia um. Further confirmation that Kevin and Kate support each other in the ways that they are capable.,sub-2027,2.0,798
2027,10,3,Thoughts about Kevin. Just more curiosity like once XXX real babies and then the fact that there are three. Part of some curiosity of like why did the three babies reflect them three or is it three babies 'cause babies are fussy.,sub-2027,4.0,799
2027,10,4,"Randall, um, just seeing like okay he definitely like picked up similar coping strategies as his adopted father and Kevin in terms of like going and maybe not stopping to think of not think but just like process and then it's all piling up. He also has an outburst like Kevin like different impact not as like career impactful but like maybe impactful on a personal level so they're both having these like outbursts.",sub-2027,3.0,800
2030,1,1,"Um, so Randall, I don't know much about him at this point. Uh, he and his wife, I think named Beth, he and Beth shared a look at the end of the first scene where she was like what did you just do and he was like I know you're mad. So he's acting and making kind of, some kind of big decision bringing this old guy into their house, uh, without ask- uh asking his wife if, if it's okay. Um, so, XXX yeah that's really all I know about Randall. Is he's got a wife and kids. He's clearly got a very well paying like corporate job. He has a very nice house and, um, he's made some kind of big decision to, uh, involve this strange, uh, new man in their home, uh, without making sure it's okay with his, his wife.",sub-2030,3.0,801
2030,1,2,"Um, Kate we learned has like I said, uh, a bad relationship with food. She's full of shame and negative thoughts about her weight and, uh, she's using Post-It notes to try and, uh, keep herself from overeating. Also we learned that, uh, it's her birthday and she's not happy about it being her birthday.",sub-2030,2.0,802
2030,1,3,"Kevin. Um, so Kevin is an actor and, uh, yeah honestly that's all we really know about him at this point. Um, he was barely in that scene at all. Um, he's I guess an up and coming actor. Uh, so the other guy Alan Thicke kind of treats him like a, like a XXX newcomer to the scene. Like, like you'll get there one day kid. Um, so he's an up and coming actor. Maybe he's struggling. Uh, it's not clear if this show that he's on is like his first big break or maybe it's like a step down in his career. Um, but he's not like a super successful actor.",sub-2030,4.0,803
2030,1,4,"Jack we've learned, um, is going through a very emotional experience. His wife has just given birth to children. Sounds like triplets maybe. And, um, apparently she's not doing well. Like I think she's in surgery or in recovery from surgery, um, and Jack's clearly very distraught about that. I think he cares about his wife I'm sure. And that's all we know about Jack.",sub-2030,1.0,804
2030,2,1,"So we learned that Kate um not only is she like giving herself little post-it notes she is attending some kind of support group to get help with her whole like body image issue. Um, we, she seems like kind of a lonely person like she doesn't have another friend that she's already talking to there. Um, and when this new guy tries to introduce himself to her she kind of like you know kind of blows him off with this like weird comment about like I'm not going to date a fat person. Um, so she seems to be like very awkward with people and, um, not very willing or interested in just like forming friendships and having conversations. Um, she's just very negative about herself.",sub-2030,2.0,805
2030,2,2,"So Kevin we learned a little bit more about the show that he's on. We learned that he feels negatively about being on this show. He doesn't like this show. Um, he thinks it's like a bad move in his career. It's not what he wants to be doing with his art. We learned that his relationship with the director is that they're brothers. Um, and uh we learned that yeah actually that's, that's what I got.",sub-2030,4.0,806
2030,2,3,"So we learned that Randall, uh, is tracking down his father to confront him over whatever bad stuff he did in the past. Um, and that despite Randall's, um, anger at his father whatever he did is not so bad that Randall doesn't want to connect with him. Uh, he, you know, softened at the very end of the scene and told him hey why don't you come meet your grandkids.",sub-2030,3.0,807
2030,2,4,"Um, I don't think my thoughts about Jack really changed at all. And I didn't really learn much about Jack, um, 'cause like this scene was really just the doctor talking to the wife. Um, I mean Jack loves his wife clearly. I knew that in the first scene although. Um, he's nervous about the, uh, birth that's about to happen but that's not really like, I already kind of would expect that. Um, yeah Jack, uh, hasn't really done much. He's just been kind of like, uh, listening to the doctor monologue at this point.",sub-2030,1.0,808
2030,3,1,"Thoughts about Kevin. So, um, we learned that Kevin, um cares deeply about his, uh, art of acting and that he, um, really does not like being forced into like this cheesy sitcom. We learned that his relationship with the director, um, like the director is kind of like feeding him a line of like, Hey man, that was really great, but I need this, you know, silly scene. I need you to do a lighter version. So like the director is kind of like manipulating him and like kind of telling Kevin what he wants to hear, but also trying to like get Kevin to do stuff he doesn't want to do. Which is what makes Kevin kind of act out is that like Kevin doesn't like being treated that way, um. So I still think he and the director are brothers. I feel like Kevin called him brother in an earlier scene, um, but it's clear that the director is, uh, not being really forthcoming and honest with Kevin about where the show is going. Um, so that kind of changed my view of like their relationship with each other.",sub-2030,4.0,809
2030,3,2,"Um, my thoughts on Kate changed, I guess, um, she likes Toby more than I thought in the previous scene. I thought she kind of brushed him off in the previous scene. But here we see that she's willing to kind of go on a date and get to know him better. Um, she seems to like his sense of humor, which I mentioned is like kind of crude. Um, but I guess maybe I guess uh she's so like buttoned up and reserved and, um, concerned about how she looks and how she comes across to people, maybe it appeals to her that Toby is so carefree and unpretentious and, uh, at ease with himself.",sub-2030,2.0,810
2030,3,3,"Thoughts about Randall, uh we learned more about his backstory. Um, we, he like basically just says like, you know, I live my life and I achieved this success because I have all this shame about being abandoned. Um, but he makes it pretty clear, uh like this is my character, this is my motivation. Um, so that's what we learned about Randall.",sub-2030,3.0,811
2030,3,4,"Jack, honestly like, Jack is still kind of a- an enigma, I guess. Like, not really a compelling character, not really much of a presence in the scenes at all. Like, yeah, he loves his life. He's nervous about the pregnancy. Um, yeah, that's, that's all I know about him, he's yeah.",sub-2030,1.0,812
2030,4,1,"So like I mentioned, um, yeah Jack, uh, we, we see more of his character here. It's pretty dark. He's, uh, kind of aggressively in denial. He refuses to hear the concerns of the doctor. He's not even really listening to like his wife or like interested in her feelings or thoughts. He's not interested in the doctor's advice. He just wants everyone to tell him that it's going to be okay and he refuses to hear otherwise. Um, he seems like kind of a jerk. Um, he's kind of arrogant. And, uh, yeah, not a great guy.",sub-2030,1.0,813
2030,4,2,"So Kate, um, she had that one scene on the scale. I meant to hit a button at the very end, but I think I, I didn't hit it until it, before it, uh, cut off. Uh, so like that scene where she's struggling to get on the scale and falling off it's like. You see that she really does have this like almost physical phobia of the scale and her weight. Um, we also learn that she's, uh, continuing to date Toby, so she likes him. Uh, we learn that she has a brother, Kevin. And that she and Kevin seem to have a good relationship. They love each other. They support each other.",sub-2030,2.0,814
2030,4,3,"Kevin, um, I don't think I had any change of opinion about him. Um, I just learned that he's a brother of Kate. Um, yeah.",sub-2030,4.0,815
2030,4,4,"Randall, my thoughts about Randall. So I learned that, uh, he did tell his wife that he was reaching out to his father. So, um, I learned that, um, even he is not really sure why he's reaching out to his father. It's clearly a very broad emotional thing that he's doing. And he's just kind of like acting out of like pure emotion without really like considering the next step of every- anything. He's like, I don't know why I reached out to him. I don't know what I'm going to do when I see him.",sub-2030,3.0,816
2030,5,1,"So, um, yeah I learned that Kevin's relationship with the showrunner, I'm starting to doubt whether or not they're brothers, I think I was wrong about that. Um, and, uh, yeah, he's uh, their relationship is more antagonistic, the showrunner is not happy that Kevin is trying to be like a serious actor, he wants Kevin to take his shirt off. Um, yeah.",sub-2030,4.0,817
2030,5,2,"Thoughts about Randall? Um, I mean, I don't think I had any change of thought about Randall. I didn't really learn anything except that it's his birthday and that he's a stock trader. Um, yeah, so nothing major.",sub-2030,3.0,818
2030,5,3,"Um, no big changes with Kate either, just that, uh, she's continuing to date Toby and that, um, Toby and her have different attitudes about food, which was kind of hinted at earlier but this one kind of makes it more clear.",sub-2030,2.0,819
2030,5,4,"Thoughts about Jack, um, no changes with Jack, um, yeah the only big thing we learned is that that's not their original doctor and that they're nervous and worried because he's like a substitute brought in at the last minute.",sub-2030,1.0,820
2030,6,1,"Um, I yeah, I had no aha moments in that scene in the fat support group. I don't think I really learned anything new about Kate. Um, yeah, uh it just seemed like kind of a filler scene.",sub-2030,2.0,821
2030,6,2,"Thoughts about Kevin. Um, I learned more about his show and how it's like a big deal and how he's actually very famous. Um, I learned that, um, he doesn't like fame. That he doesn't enjoy the adulation of like Toby or those women. Um, and that he feels glum about everything. And maybe because it's his birthday and he's 36, which is old for like a leading man type actor, he probably feels like he's, uh, reached the end of his career and, uh, it's not what he wants.",sub-2030,4.0,822
2030,6,3,"Thoughts about Jack. Um, I don't think my thoughts about Jack changed at all. Um, it was really just to kind of learn that one of his children died. Um, yeah.",sub-2030,1.0,823
2030,6,4,"Thoughts about Randall. Uh, the scene at the soccer field is cute 'cause like him and his wife are working together to like watch two games at once. So you see that, uh, he and his wife have like a good relationship where they like you know, laugh and joke and enjoy their children, um, and support their children and they work together to do that. Um, so it's like a good side of Randall that like he's a good husband and a good father.",sub-2030,3.0,824
2030,7,1,"Um, so yeah, uh, Randall we learn, uh, that he's related to Kate and Kevin, uh, we see that he has softened his attitude towards his father and is continuing to reconcile with him.",sub-2030,3.0,825
2030,7,2,"Jack, um, we learned is, uh, living in the 70s and we learn that Jack is, um, the father of Randall, Kate, and Kevin.",sub-2030,1.0,826
2030,7,3,"Kevin we learned is, uh, the brother of Randall and, um, we already knew he was Kate's brother of course. Um, I think that's all I really learned about Kevin.",sub-2030,4.0,827
2030,7,4,"And Kate, uh, we learned has, um, continued to develop this relationship with Toby. She is overcoming, uh, personal barriers about like physical intimacy with Toby, through that kiss that they had. Uh, we learned that Kate is the, uh, sister of Randall.",sub-2030,2.0,828
2030,8,1,"Thoughts about Kevin, um, you see that he has been, uh, upset about this show for a long time and complaining to anyone who will listen even, uh at inappropriate moments. Uh, he's got a temper and he's not really good at controlling his emotions.",sub-2030,4.0,829
2030,8,2,"Thoughts about Jack, um, honestly I, I don't think I had any change of opinion about Jack. The only thing we literally learn new is that the birth was premature.",sub-2030,1.0,830
2030,8,3,"Thoughts about Kate, um, I guess we see her laugh at Toby's jokes. Um, but that's all I really saw of Kate, I, I, I didn't really change much about her.",sub-2030,2.0,831
2030,8,4,"Thoughts about Randall, um, I mean we don't really learn so much about Randall but we learn about his father in that scene and I guess Randall's reaction to his father's revelation. Um, XXX it seems like Randall, when he learned that his father didn't remember giving him up, that maybe is why Randall decided to like bring him home because it was like, oh, my dad's not this like cruel, selfish guy, he was just like so completely blacked out of it that he didn't even know what he was doing. And he's very different now and Randall seems to kind of see that and, um, not just want to yell at his dad, he wants to kind of learn more about his dad.",sub-2030,3.0,832
2030,9,1,"Thoughts about Kevin. He seems fixated on the challenger explosion for some reason. And, um, in that scene where we see more of his like meltdown on set, I obviously was like, come on dude, like give me a break. Like, of course the baby's fake. Of course the suitcase doesn't have stuff in it. You're an actor on a TV show. Like you've been doing this long enough, like you're really upset about this? I don't know like. I know he's upset about the material that he has to perform, but it's like a little much.",sub-2030,4.0,833
2030,9,2,"Thoughts about Randall, um, he, he seems happy to have his dad in his home. He's encouraging his dad to stay over. Um, he wants to continue to connect with his dad, and when his dad kind of drops the big news on him that he's dying, and when his dad just like, just leaves again, Randall seems pretty sad about that.",sub-2030,3.0,834
2030,9,3,"Thoughts about Kate, um. We learned that she's really upset about being 36 and getting older, and she's not happy in where she is in her life.",sub-2030,2.0,835
2030,9,4,"Um, yeah no change here with Jack. Uh, we just learned that the birthday tradition is his wife dancing, and we learned that they live in Philadelphia.",sub-2030,1.0,836
2030,10,1,"Uh, we learned more about Kate's, uh, feelings about her life. She's not just upset about her weight, she's upset about her career, her relationship. She's upset that she's getting older. Uh, we see more of her interaction with her brother Kevin and how they support each other emotionally.",sub-2030,2.0,837
2030,10,2,"Thoughts about Jack. Um, no changes, honestly. We just saw more of that doctor's monologue. Um, yeah.",sub-2030,1.0,838
2030,10,3,"Thoughts about Kevin, um. We saw him supporting his sister Kate, so we know he's like a good brother who takes care of his sister, um.",sub-2030,4.0,839
2030,10,4,"And thoughts about Randall. Uh, we see that, uh, I mean, kind of as I expected, as I thought, from previous scenes, he, uh, makes it very clear that he's acting very impulsively when he brings his father to his home. He tells his wife, like, I don't know why I'm doing this, I'm cracking up. Um, yeah.",sub-2030,3.0,840
2034,1,1,"I think that Randall has compassion. I'm not really sure what significance the older gentleman he brought to his house has, but it seems like Randall was helping the older gentleman out with something. Um, so I'm thinking based off of what I've seen so far, Randall is exuding compassion and kindness. Um, and it was clear that his wife was surpris- was like surprised and not shocked that Randall had brought someone home. So, seemed like his intentions were pure.",sub-2034,3.0,841
2034,1,2,"Kate seems like she has, um, negative feelings about like body image and her weight. Um, and it's clear that her, her behaviors are her attempting to try to create a better relationship with food, but she's going about it in the wrong way. Um, I'm not sure what her relationship with the other characters are, but as of right now it looks like her storyline or her actions right now reflect like having to fix her health.",sub-2034,2.0,842
2034,1,3,"Um, in the few clips that we saw of Jack, I think that he, it looks like he's going through something, but I can't necessarily read what it is just yet. Or like, how he's feeling is maybe sadness is something that I got from it. When he was sitting with the older gentleman, it was clear that he's going through something. They made mentions of children, so I don't know if he was getting ready to have a child, which is why he was at the hospital. Um.",sub-2034,1.0,843
2034,1,4,"I don't have many thoughts on Kevin right now, if that's okay. I don't remember much of anything sticking out like regarding Kevin's storyline or behaviors or anything of that sort just yet.",sub-2034,4.0,844
2034,2,1,"At first I thought Randall was like, doing a good deed and was like, helping someone that he didn't know out, my thoughts had changed, and so it's like, okay, Randall probably was going through a lot of hurt and pain and not knowing who his father was, and probably had been searching for his father for a while, so he might have felt anger, and so my, my change is like in realizing how Randall's feeling, like, okay, he felt anger, he felt confusion, he probably felt, um, excitement knowing that he finally found his father, and is sitting there with him, um, and it explains, there's a change in explanation of like Randall's relationship with his father, now I know that it's his father, um, and his intentions are probably to rebuild a relationship with his father.",sub-2034,3.0,845
2034,2,2,"Um, my thoughts on Kate haven't changed, it's clear that she is wanting to still do better for herself, um, and is, maybe in this scene it kind of made it see- show, the scene showed, okay, she's feeling more supported, or wants to feel more supported, um, and even the scene where she was talking with the guy and they were flirting a little bit, like, okay, she's looking for love or wants to feel love.",sub-2034,2.0,846
2034,2,3,"Um, Jack is now okay, he's now becoming a father, so there's some type of, I think, XXX could tell that he was nervous, but also excited and happy, um, I got to see his, the person that he is gonna to co-parent with, I don't know what type of relationship they have, but it seemed like they had a decent relationship. Um, yeah.",sub-2034,1.0,847
2034,2,4,"Okay, so my thoughts on Kevin have changed quite a bit, it's clear Kevin is very upset about how he's either being treated at his, at- uh so on the set that he was working at, um, yeah, he was really, really upset and angry, um, and kind of aggressive with his castmates, and then he quit, so I'm not sure what type of relationship he has now, uh but you could tell that he was really upset and almost like fed up with whatever circumstances that he previously were in, well, circumstances that he was in, it was his job.",sub-2034,4.0,848
2034,3,1,"Um, I think the things that changed about Kate is she's more open than I thought she would be in wanting a relationship with a guy because she was hesitant at first but then she welcomed him into her home so maybe she is open to finding love and having some type of relationship.",sub-2034,2.0,849
2034,3,2,"Kevin I'm still unsure about I think, um, at first my thoughts were okay Kevin is like I think I said aggressive and like angry about something and I was thinking maybe some level of entitlement like a movie star entitlement but I think now I'm seeing okay something's going on with Kevin of like the set or what he's being asked to do is making him really uncomfortable and it's creating like an unhealthy environment for him that probably has existed, um, for some time so now he's realizing that he doesn't want to be in that space anymore and is - that's probably why he quits so I, I think I'm learning that so my thoughts on Kevin have like shifted from like ew to kind of like being okay I think I'm understanding why he reacted the way he acted and I'm learning okay maybe he doesn't have, he doesn't have a good relationship with the people on his cast. Um, and he's feeling XXX uncomfortable and overwhelmed about what he's being asked to do and it's not sitting well with him which is why he lashed out.",sub-2034,4.0,850
2034,3,3,"Um, I'm getting more sad for Jack I think something bad is going to happen and it's clear that Jack like was a present husband and really cared about wanting to take care of his wife, um which I didn't, those weren't thoughts that I had prior to the last few clips so yeah I'm starting to feel a little sad for Jack and realizing okay he has really good intentions of being a good father, a good husband, um, and yeah I'm nervous of what's gonna come from this.",sub-2034,1.0,851
2034,3,4,"Um, I think my thoughts of, from Randall from the clips of seeing him talk to his father is clear I thought okay maybe he wanted it to be like a happy occasion when he first met his fa- father but I'm realizing he had a lot of, um, anger towards his father but at the same time is still a child that wants to know his father so, um, has some level of curiosity XXX and care, um, especially when his father asks him to come upstairs.",sub-2034,3.0,852
2034,4,1,"Um, I think now I kind of like, am starting to like Jack a lot more knowing that just in the way that he responded to that like, whole scene with XXX the doctor and his wife, knowing what could happen but still trying to remain positive and still have a good mindset and still being encouraging. Um, and you can even see how like it not only calms his wife down but also the doctor. So yeah, I'm starting to really like Jack. You can see that he definitely is level-headed, tries to, um, really take care of the people that he loves, um, and stay positive. So, yup.",sub-2034,1.0,853
2034,4,2,I wouldn't say my thoughts about Kate have changed um right now.,sub-2034,2.0,854
2034,4,3,"Kevin I'm realizing is more emotional than I thought. Um, yeah, I thought that Kevin was like a little bit of a hothead but I'm realizing, you know, he's a lot more emotional, um, and now I'm realizing he has this good relationship with his sister. Yeah.",sub-2034,4.0,855
2034,4,4,"And Randall, I'm realizing that he's less sure of what he wants. At first I thought he was a little bit courageous for trying to find his father but now I'm seeing that, yeah, there's a sense of courageousness but also uncertainty and confusion even more so so I don't think he knew what he wanted. He was just doing what felt right in the moment but it, his thoughts and feelings were always changing.",sub-2034,3.0,856
2034,5,1,"Um, as of right now my XXX last two clips, my thoughts on Randall haven't changed much. Yeah.",sub-2034,3.0,857
2034,5,2,"Um, my thoughts on Jack haven't changed much either, but I'm learning that Jack is, um, is really in love with his wife. Um, you can tell that like, even despite the fact that she's super pregnant, like, he still really loves her, still wants to like be with her. Yeah.",sub-2034,1.0,858
2034,5,3,"Kevin, um, as the clips go on and on, I'm realizing more and more that he like has a really good heart and really is committed to the work that he's doing and like wants to do it well, but also wants to do it in a way that like showcases his talents well. And it's clear that he's not in a position where he can do that. And it seems like he doesn't like to defy, um, like authority or like be super confrontational, but he might be at his wits end.",sub-2034,4.0,859
2034,5,4,"Um, no thoughts really changed about Kate. What I learned from the last cli- clip about her behavior is that she's super serious about the losing weight. Um, she didn't even want to see the dessert menu, whereas the guy she's dating wanted to, so yeah.",sub-2034,2.0,860
2034,6,1,"Um, I wouldn't say any thoughts about Kate have changed or anything new has been learned about Kate right now.",sub-2034,2.0,861
2034,6,2,"Jack, um, you could tell that he really was excited about having triplets and that, you know, he wanted everyone in his family to be happy and healthy. And that was really stressing him out and like weighing on him heavy. Um, and so by his behaviors and by like his tears and everything, you could see that he definitely, um, was feeling a lot of emotions about being happy that his wife is okay. But also knowing that he lost a child, um, and you could see like in his face that he was beginning to mourn that child that he lost.",sub-2034,1.0,862
2034,6,3,"Kevin, um, yeah, I can tell that he like is hurting a lot from the fact that he is losing his job and like is embarrassed about what happened and has some sort of remorse for what he did and how he reacted, um, in the moment. But, yeah.",sub-2034,4.0,863
2034,6,4,"Randall, um, you can see that he is a super involved father, has a great relationship with his kids and his wife. Um, and you can tell that like he wants to be the father that he probably never had. Um, and so just by his behaviors in the last clip, you can tell that he is really intentional in trying to be a present and good father.",sub-2034,3.0,864
2034,7,1,"Uh, my thoughts on Randall I'm now realizing that he has a brother and sister relationship with the other two characters. Realizing now that he really is intentional about wanting his father involved in his life despite what has happened. Um yeah.",sub-2034,3.0,865
2034,7,2,"Jack, now I'm seeing that his behavior is, is consistent. you know. He is a super compassionate guy that cares a lot about people. And you could tell by the way that he realized that one of the, that Randall was left on the doorstep of the fire station and took him in and raised him. So that just like really confirms all that has kind of been revealed about Jack throughout the clips that he is super intentional, super compassionate, um, and caring and a kind person that really takes care of people that he loves.",sub-2034,1.0,866
2034,7,3,"Um, Kevin. You could tell that he's going through a lot, feelings wise. I'm learning that he is really upset, uh, and also realize that he is probably brothers with Randall.",sub-2034,4.0,867
2034,7,4,"And then Kate, um you can see that the relationship is developing with the guy that she met at the support group. And that she's starting to really like him and that she is like a huge support system for her, uh, brother Kevin. Um, that yeah, she's a good support for him and she's there for him and, um, and is caring for him as he goes through difficult time.",sub-2034,2.0,868
2034,8,1,"Um, I think if anything, more thoughts I've had about Jack is that he's just a strong individual, um, yeah, and really knows how to be calm in really difficult situations.",sub-2034,1.0,869
2034,8,2,"Um, no thoughts on Randall have really changed after these, this group of clips.",sub-2034,3.0,870
2034,8,3,"Kate, um I would say you could tell that by her behavior, um, in the last clip, she's humorous and you know like is okay with making light of the situation that she's in. Um, and I learned that from this, that's kind of how she built her relationship with the guy that she's dating.",sub-2034,2.0,871
2034,8,4,"Kevin, my thoughts on him have definitely changed. I'm thinking he's a lot less mature than maybe I initially thought he was, just in the way that he copes and in the way that he, um, tries to, yeah, just cope with what has happened. Um, he didn't do a great job of finding people to confide in, which is why he was sitting on the bed with two random girls. Um, so you can see that his, his feelings are all over the place and his behaviors aren't reflecting what he needs to do to get better.",sub-2034,4.0,872
2034,9,1,"Um, I wouldn't say any of my thoughts about Jack have changed, but just learning more and more that like Jack, again, is just like a character that really wants to make sure everyone around him feels good. And so he does whatever he can to make sure, like, keeping the tradition alive with his wife, even though she was super pregnant and she probably didn't feel confident, he created a space for her to feel that confidence. So, he's just very intentional in the type of spaces and how he makes people feel.",sub-2034,1.0,873
2034,9,2,"Um, my thoughts on Kevin haven't changed much, especially since the recent change of like realizing he might be a little more immature than I thought. But I learned from this, I'm wondering why Kevin got so upset that, in the way that he did. Um, was it the shirt that tipped him over? Was it the taking off his shirt that was, was what it was? Was it because he didn't like what he was doing? Um, yeah, just trying to see what about Kevin is making him feel the way that he's feeling.",sub-2034,4.0,874
2034,9,3,"Randall, you could see the brokenness of his heart, like you could tell that he's a little heartbroken by finding out that his father is gonna be dying soon especially because he just met his father. So, yeah, learning that maybe Randall is gonna really be feeling some type of sadness because the relationship with his father will not be able to be what it has been or what he expected it to be now that he has met him.",sub-2034,3.0,875
2034,9,4,"Um, I wouldn't say any of my thoughts on Kate have changed from the last clip.",sub-2034,2.0,876
2034,10,1,"The very last clip with Kevin I guess changed some of my thoughts because it showed some level of maturity, um, in the way that he handled the conversation with his twin sister um and it's clear that they have a very loving relationship. So I'm learning I guess I learned about Kevin's behavior that he is, um, someone that has some type of emotional intelligence, um, but just had a breakdown for, within himself.",sub-2034,4.0,877
2034,10,2,"I think not much has changed from my progression of like learning about Jack, um, and I think the clips just confirmed yeah that you know he definitely was having a hard time with losing a, a baby and it kind of made me think about okay maybe that's another reason why he took in Randall because he lost one baby and was really hoping for triplets and so he filled that void with Randall.",sub-2034,1.0,878
2034,10,3,"Kate I guess my thoughts have changed a little bit of like okay she's not as far along as I thought she was in her journey of losing weight. Um, you can tell by the way that she just talks with the guy that she's dating and then also with her brother like she still is really high in emotion about body image and insecurity.",sub-2034,2.0,879
2034,10,4,"Randall, um, yeah just that his emotions are all over the place that he didn't really know what he wanted even up until the point of his father coming to his home. Um, you can tell that Randall's behaviors were very like quick and not super thought out, uh, because his feelings and thoughts were moving around so quickly and so fast and changing at any given moment as well.",sub-2034,3.0,880
2038,1,1,"I think Jack is, I think Jack so far seems like he cared a lot about his family, from that one scene with the doctor and I think I need more information on him, but so far he's a good listener and able to open up.",sub-2038,1.0,881
2038,1,2,"Randall seems like he has some stuff going on, some secrets, uh, because his wife was surprised to see someone in the house with a hole in his pants and so I think also because he lives in that li- works in a, in, like an office and and XXX like a corporate job that his wife doesn't know as much as she thinks about him and, but I think he's a good character and he's doing this to help the other guy that he brought to the house because he has a picture of him on the laptop, so there's more to learn about him.",sub-2038,3.0,882
2038,1,3,"Uh, Kevin from the opening scene, he seems a, a little heated in this conversation and like, he knows what he wants, um, but I think he was comfortable with the guy he was talking to and I have more to learn about Kevin.",sub-2038,4.0,883
2038,1,4,"For Kate, I felt pretty bad for her. She had a lot of notes written on a lot of food, saying things about her weight and I think she's just having a lot of internal struggles, um, and I think she has the intention to eat healthier but a lot of temptation because the sugar was everywhere and it was all, her refrigerator was stuffed with food and junk food so again, I have more to learn but so far, yeah, she seems like she just wants to get better.",sub-2038,2.0,884
2038,2,1,"Um, I still feel bad for Kate. I think she just wants to lose the weight, which she said when she was talking to the boy or the man, um, and she seems like she's afraid to love people right now, especially someone who's overweight too because she doesn't want to get worse and like gain more weight. She seems like she wants to just lose weight, but these other outside factors will hurt her and distract her from that.",sub-2038,2.0,885
2038,2,2,"Uh, my thoughts on Randall did not change. I just, I think, yeah, he's upset for the right reasons. His, uh, dad hurt him, and his dad didn't really seem to understand, or he did seem to understand, but just didn't know how to, like, respond. So, uh, I think like Randall though surprised me when he was like, do you want to go see my grand- or do you want to see your chi- grandchildren? Because he was just mad, so it was a big switch up. But I think, yeah, he was just trying to figure things out.",sub-2038,3.0,886
2038,2,3,"I think Kevin, I just feel bad for him. He seems outraged and seems like he wanted more with his life and he felt bad for being, like, under the spotlight and just wanted change.",sub-2038,4.0,887
2038,2,4,"I think Jack was super sweet. He was, he's been very quiet most of this. There hasn't been much, much dialogue between him and any of the other characters. It's mainly just the doctor talking and his wife giving birth. But I think he's, yeah just quiet. He seems like he's a good listener, but also stressed. So he might not be who he truly is right now, but he's going to be a good dad. He seems like he's really emotional because he's crying and he's holding, he's like he was right by his wife's side and like not panicking, but still showing his emotions because of how he felt. So he seems like he's just a trustworthy guy.",sub-2038,1.0,888
2038,3,1,"Um, I thought Kate was, I, I was just expecting that to happen because they seemed like they had a lot of tension so I think she's just scared still but also like in denial and doesn't want, like is more connected to him than she thinks.",sub-2038,2.0,889
2038,3,2,"Um, I think Kevin I have the same thoughts because there wasn't much told about him but I think yeah he still, he's still like very open to share how he's feeling especially in front of a lot of people so.",sub-2038,4.0,890
2038,3,3,"And then Randall I think now I understand more about him now that he's successful but I'm assuming he possibly had some issues in his marriage or with his father in some way because he's upset about what his dad did to him when he was a baby by leaving him so I think that maybe this is providing closure and helping him but I get a general idea now that his dad left him and now he's trying to find out who he is and, uh, answer more questions.",sub-2038,3.0,891
2038,3,4,"And Jack I think he's just a romantic, he really loves his wife and, um, in the scene when he was with the cupcake the aha moment was just, I don't really know if that was an aha moment. I think, I learned more about him and so maybe that just had to do with like XXX quiet he was during it all.",sub-2038,1.0,892
2038,4,1,"Yeah, I think Kevin has a temper, I think now knowing that he has an older sister or just a sister that um, it just changes things, and I think because he has a temper and she has like an eating issue, they did have issues with their parents, and it's just showing in different ways.",sub-2038,4.0,893
2038,4,2,"And then Kate, knowing that she's related to Kevin, um, is just interesting, and I think like maybe the reason why she struggles too to have relationships is because she has trust issues or family issues, and I felt bad for her when she fell off the scale. Cause she was taking everything off, like absolutely everything even her earrings to make sure her weight was as low as it could be.",sub-2038,2.0,894
2038,4,3,"And Jack, I think he is, again, a romantic and just loves his wife so much, and now his baby, he seems like a family man, that he is, that's, that's why he gave that little speech, and that's why the doctor likes him so much, he had that talk with him.",sub-2038,1.0,895
2038,4,4,"And then Randall, uh, the same as before, just wanting to know more about his past, and he did include his wife, so that's good to know.",sub-2038,3.0,896
2038,5,1,"Uh, I think Kevin, I'm still unsure. Seems like he's upset about his script and, like, his general role in the Hollywood industry and, like, he's taking his role for granted and he was just being a jerk to the director.",sub-2038,4.0,897
2038,5,2,"Um, I think Kate is the same.",sub-2038,2.0,898
2038,5,3,"I think Jack is, um, yeah, just a romantic still and he really loves his wife.",sub-2038,1.0,899
2038,5,4,"Oh, I think I confused one of the characters by accident. I meant to say something else to one of the characters. So I think Randall, um, I think he is, oh yeah, sorry, I was right. Randall is powerful, I think. He has a lot of power because he's in a single office and it's huge and everyone came into his office with cake, like, two different cakes with 36 on it. They look like they were made at, like, a really nice bakery. Everyone came in, like, a big group and it seems like he's just very set, like, has a lot of money and established and used his, like, bad past as motivation to do better and treat his kids and his wife better than his dad did.",sub-2038,3.0,900
2038,6,1,"I think Kevin is still a jerk, um but he also doesn't have like, I don't have enough history on him to understand why he's this way, but it seems like he's just going through a lot right now.",sub-2038,4.0,901
2038,6,2,"Kate, I think she, I think the same stuff that I said before about her too.",sub-2038,2.0,902
2038,6,3,"Randall, um it just keeps showing like the soccer scenes right now and I think that he's just a good dad. Him and his wife are just funny together and like they're a good couple and they really love each other and his girls are like adorable.",sub-2038,3.0,903
2038,6,4,"And then Jack, I think he's yeah, he cares a lot about his wife and just seems really conflicted and XXX he's just an emotional guy and that's why he couldn't like process the third baby dying and like he needed to sit down and he needed to see his wife like very in touch with his emotions and is willing to show them too.",sub-2038,1.0,904
2038,7,1,"Uh I think Jack, yeah, it's just, it's cool to know now, like, where his kids are. Um, and Jack is the dad of Kevin, Randall, and Kate and adopted uh Randall that night, even though he lost a baby.",sub-2038,1.0,905
2038,7,2,"And then Randall, I think, yeah, he said that when he was at the door when he was talking to his dad, he said he has the two best parents he could ever ask for. And I think that was um more insight on them because they did seem like they were really in love and they wanted three babies and they could afford it and they prepared for it. So, I think Randall was just exploring now. And, yeah.",sub-2038,3.0,906
2038,7,3,"And then Kate, I think it's just cool to know that she's the sister um and her and her significant other are working out.",sub-2038,2.0,907
2038,7,4,"And then Kevin, yeah, he still seems like he's just figuring things out, like he has issues. Um, and he wants more out of life than just being famous. And, yeah.",sub-2038,4.0,908
2038,8,1,"Um, my thoughts haven't really been changed I think Rand- like all the other scenes gave enough insight so I still think the same as before.",sub-2038,3.0,909
2038,8,2,"Jack I think he's um, yeah the same thoughts as before too.",sub-2038,1.0,910
2038,8,3,"Kate I think she wants love but she's just letting her like visual of herself like her idea of herself stop her uh, but yeah she, she wants to be with someone and uh yeah.",sub-2038,2.0,911
2038,8,4,I think Kevin just wants to be heard and when he was talking about like intense things with these girls XXX just wanted to hook up. I just think he wants to talk and like he wants more out of life and said when you want to make a change things will just blow up all over Florida just like that um like space launch and so he seems like he's lost right now and he doesn't want to be famous and he wants like more out of life,sub-2038,4.0,912
2038,9,1,"So I think Kate, um, oh this just seemed like that was what caused her to change. Like when she fell and it maybe caused her to go to get help with a support group.",sub-2038,2.0,913
2038,9,2,"And then Kevin, he's like yeah he just doesn't want to be sexualized because I think I remember like if I remember correctly the writer was like, lift up your shirt to hold the baby so like showing off his stomach and he just doesn't want to be by fake people anymore and bad writing and just be sexualized. He just um also seems like pretty traumatized by that second grade incident when the space craft blew up.",sub-2038,4.0,914
2038,9,3,"And then Randall, um, yeah I had the same thoughts before.",sub-2038,3.0,915
2038,9,4,"And then Jack, yeah same thoughts as before as well.",sub-2038,1.0,916
2038,10,1,And I think Randall um was pretty poised but then he eventually just started breaking down because his dad the situation with his dad hurt him a lot more than he thought and but he's still a good dad and is emotional too like his dad 'cause he was able to cry.,sub-2038,3.0,917
2038,10,2,I think Kevin also um is emotional but has a hard time showing it and he's very smart and feels like he wants more out of life and um he's just a good brother and is a lot closer with Kate.,sub-2038,4.0,918
2038,10,3,And Jack um I have the same thoughts as before.,sub-2038,1.0,919
2038,10,4,And then Kate and Jack seem a lot or Kate and Kevin seem a lot closer than they do with Randall um and he has issues like Kate they both have issues.,sub-2038,2.0,920
2040,1,1,"Um, I liked Randall. I don't think I have particularly strong feelings about anything he was doing. Clearly his wife was a little surprised when Willy came home.",sub-2040,3.0,921
2040,1,2,"Kate made me sad. Um, I felt really bad for her relationship with food and how she was struggling with that. And it seemed like she was also struggling with getting older.",sub-2040,2.0,922
2040,1,3,"Jack's scenes um were the saddest to me. I was actually crying a little bit. Um I'm tearing up. I think that he seemed like very earnest. Um, but of course he's going through a lot of grief then.",sub-2040,1.0,923
2040,1,4,I don't know. Kevin was in like two scenes.,sub-2040,4.0,924
2040,2,1,"Kevin seems a little erratic. I would like to know why he was acting that way. It seemed a bit inappropriate, but that clearly he had been feeling that way for a while.",sub-2040,4.0,925
2040,2,2,"Jack I really like. I think that he cares a lot about his wife, seemed very stressed um.",sub-2040,1.0,926
2040,2,3,"Randall is becoming more complex. Um, it's interesting to see his interactions with Willie and how he's switching back and forth so fast.",sub-2040,3.0,927
2040,2,4,"Nothing really changed with Kate. Um, I can't tell if this scene was before or after the first one I saw.",sub-2040,2.0,928
2040,3,1,"Um, I think that Kevin seemed like he was trying to be a team player, but just felt like he was pushed to the limit. I'd want to see him interact outside of this situation to get a better understanding of his character.",sub-2040,4.0,929
2040,3,2,"Jack and he's very dutiful, very loving. Um, mainly I was just sad there. I was a little confused because they said triplets and then that in the very beginning that he'd be going home with three children. So I'm wondering where this third came from. If one of them died or if they meant that like emotionally he would still have that child with him. Um I'd like to see his interactions with his wife a little bit more.",sub-2040,1.0,930
2040,3,3,"Um I feel like I understood Randall like I said, a bit better. He's clearly got a lot of resentment for his biological father, but still wants to have this relationship. So he feels very conflicted. I think that he and Kate and Jack are all siblings. So, that probably is hard for him to feel like he can't connect to his siblings because he's adopted and presumably they aren't. I'm not sure.",sub-2040,3.0,931
2040,3,4,"Um, I wouldn't have invited that man in. I still feel bad about like her eating troubles um and I'd like to see where that goes. She doesn't seem to have a lot of confidence when it comes to her love life, but I don't know.",sub-2040,2.0,932
2040,4,1,"I don't think they did. More that, getting more depth into it, um and again, like he's very much tying himself to his financial identity.",sub-2040,3.0,933
2040,4,2,"Um, XXX with Jack, he seems like a very positive person. So to see him so low at the beginning seems really hard. Um, and again, how he is sort of positive to the point of um ignoring or not preparing for certain situations like the delivery not going well.",sub-2040,1.0,934
2040,4,3,"Um, Kate, I have a lot of sympathy for Kate. She seems like a very empathetic person. Like she seems like she's there for her brother. Um, clearly that was coming like after the scene we had seen before where she invited that man in. Um, and that she is who Kevin came to see says a lot about her character. Yeah.",sub-2040,2.0,935
2040,4,4,"Um, and I think it's more deepening the context that I have rather than thinking about his behavior. I know originally I thought that he might have been on coke or something, but I think he was just angry. That's just like from that song um but he seems to really care about his art. Um, and has a very strong relationship with Kate. That's the first time we've seen any siblings actually interact with each other.",sub-2040,4.0,936
2040,5,1,"I think Kate seems funny, um, I liked her chemistry with um that man on their date, again just keeps coming back to like how she feels about relationship with food, um, and how that impacts her relationship with other people.",sub-2040,2.0,937
2040,5,2,"Uh, I don't really think anything changed about my feelings about Jack. I liked him, I still like him. Yeah.",sub-2040,1.0,938
2040,5,3,"Kevin, at first, remember I thought like, oh, he seems a little erratic, he is overreacting, but I don't like that ginger guy who is talking to him. Um, I think that it's giving more context to like why he had such a public and such like a vocal break as opposed to just like, like I'm done, I quit. Um, I think he felt like he needed to do something that was irreversible because he was getting convinced, um, and having his feelings disregarded by the director.",sub-2040,4.0,939
2040,5,4,"Uh, nothing really changed about Randall. Um, XXX I was wondering about what he did for his job, but that was it, he wasn't in a lot of these scenes.",sub-2040,3.0,940
2040,6,1,"I, my thoughts on Randall changed because seeing his relationship with his daughters before he's felt like either resentful, like sort of angry, um or just like kind of reserved. And then here it was nice to see um like that sort of like playful side of him. Um like that he's like very loving father, um very supportive of his daughter. That was a funny scene.",sub-2040,3.0,941
2040,6,2,And then I have a lot more sympathy for him so that's sort of been building. Um oh my aha moment there wasn't just about him being 36. It was about going back to the morning of that day um before he had his breakdown um and quit.,sub-2040,4.0,942
2040,6,3,"Jack. I don't think anything really changed. Um, this man clearly loves his wife a lot. Um, just was on her and then processing that loss.",sub-2040,1.0,943
2040,6,4,I don't think my feelings about Kate changed much either.,sub-2040,2.0,944
2040,7,1,Nothing really changed. Happy for her.,sub-2040,2.0,945
2040,7,2,"With Jack, I think, um, one him being the father instead of another sibling was interesting. That was a revelation. Also, that bit about sour lemons that Kate was talking about. Um, thinking about how wise they would have seen him as. And, um, just what a strong impression the doctor's comments made on him. Sorry, I jerked a little there.",sub-2040,1.0,946
2040,7,3,"Um, nothing really changed with Randall. Say, um, he seems to want to build a relationship with his biological father a lot. It's making me wonder, along with other things, if Jack has died.",sub-2040,3.0,947
2040,7,4,"Nothing really changed about Kevin either. Again, I have a lot of sympathy for him.",sub-2040,4.0,948
2040,8,1,"Um really like Jack. I like the sort of relationship he's got with the doctor. Um I think that shows a lot about them. Very caring, charismatic.",sub-2040,1.0,949
2040,8,2,"I don't think my thoughts about Kate have really changed, but it was nice to see that um she was pretty close to XXX brother. It wasn't like a he showed up out of the blue, like they had already been talking. Um I think that it also shows more about her relationship with her body because her brother is like a actor um and like so much of his character revolves around having like this perfect body.",sub-2040,2.0,950
2040,8,3,"Um, nothing really changed about Randall.",sub-2040,3.0,951
2040,8,4,"I think Kevin just seems like very lost. This breakdown, he's been having has been building for a long time, but I've already said that.",sub-2040,4.0,952
2040,9,1,"Um, I don't think they've changed. I think that Kate, um, is very determined. She seems like she's very much like fighting against herself, um, has a lot of like feelings of self hating and trying to like, get through those, um, and that her relationship with her brother is a very important part of that.",sub-2040,2.0,953
2040,9,2,"Um, I don't know. I thought it was funny how he brought up the Challenger twice, um, and that he cares a lot about his sister. Um, again, I just keep coming back to the lack of on screen relationship between Kevin and Kate and Randall.",sub-2040,4.0,954
2040,9,3,"I think, so he seems very desperate to have like a relationship with his father, but also conflicted about it. Um, like wants him to stay. Seems like he does end up staying because of that earlier, later scene, um, where Beth is getting him clothes.",sub-2040,3.0,955
2040,9,4,"I don't think they did. I just think he's funny, silly, and a guy very charismatic, um.",sub-2040,1.0,956
2040,10,1,"I think here with Randall, seeing him like XXX smiling and like clearly being very stressed was um interesting, made me think about like how deep these feelings were and how conflicted he was. So it wasn't really like they'd changed, they just, again, have this other level.",sub-2040,3.0,957
2040,10,2,"Um, nothing really changed with Kate, I was sort of curious about like what her career was, um because she's the only one who, her job wasn't a big part of this storyline.",sub-2040,2.0,958
2040,10,3,"XXX really changed, just another example of him being like very um close with his sister, XXX that maybe when um she called earlier when he was at that party, that was because she had fallen and needed help.",sub-2040,4.0,959
2040,10,4,"Um nothing really changed, I don't think Jack was a big part of this, same thing as before about him.",sub-2040,1.0,960
3004,1,1,"Um, she definitely has a sense of humour, like the guy she was laughing with, she, uh, doesn't belong with those boring mopes. Um looks like some uh ro- romance might be brewing.",sub-3004,2.0,961
3004,1,2,"Uh, don't know much about Jack, seems like a caring person, um a XXX practical guy.",sub-3004,1.0,962
3004,1,3,"Um, definitely have some resentment I think, um, about his dad, uh, he needs to work through it I reckon.",sub-3004,3.0,963
3004,1,4,"Um, yeah, not a fan of Kevin, I didn't like the way he spoke about the Challenger explosion, um, not very impressed. I mean he obviously doesn't seem happy with his lifestyle, I might be projecting, um it all seems quite shallow.",sub-3004,4.0,964
3004,2,1,"Um, my thoughts about Jack didn't really change. I still don't feel like I know much about Jack to be honest.",sub-3004,1.0,965
3004,2,2,"Um, with Randall, I guess I figured out that his behaviour in the first scene was not the norm and he actually, ha- you know, has a good life. Um. Uh, I suppose he's having a breakdown at the moment XXX if you ask me.",sub-3004,3.0,966
3004,2,3,"Um, yeah she seems um, well obviously she's very upset um with her life like a lot more self-pitying than she seemed in the um in the first section when she was laughing with the guy at the, I don't know, weight loss group. Um she clearly doesn't know what she's, what she's doing with her life. She's feels very disappointed with how it's gone.",sub-3004,2.0,967
3004,2,4,"He actually isn't- seems like he's in a similar position to Kate. I think he's questioning his lifestyle. I mean he wasn't happy with the um breastfeeding joke that he made so he's probably going to have like a, amazing like character arc reform thing.",sub-3004,4.0,968
3004,3,1,"Um, yeah I thought, I thought that he was like going to have like a redemptive character arc, but it seems like even when, you know, e- even when um kind of went went against the whole Manny thing and had his mini revolt, he seemed really self-absorbed and like very proud that he'd done that, like XXX kinda realised how, how um XXX difficult he was being XXX.",sub-3004,4.0,969
3004,3,2,"Um Jack's story isn't very interesting, I don't feel like I'm learning much. I mean guess I know now that that's his wife for sure. Um like maybe he seems quite unstable, like XXX I know he's just lost a, a kid, but he seems like extremely um emotional. Um, yeah.",sub-3004,1.0,970
3004,3,3,"Um, Kate, I haven't really learned much about her. Um, I mean, I, I guess she's relaxed enough to, to kind of have a go with Toby.",sub-3004,2.0,971
3004,3,4,"Um, similar with Randall, I don't feel like I'm learning much about him. XXX we knew he had kids before, um I guess they play soccer, so he's more XXX to his life, his life is pretty put together. I'm not sure what the switching was with his wife on the soccer field, like why they were doing that exactly, um but like they, they seem like they get on like it's a happy marriage, um or at least they're on like speaking terms, or comfortable with each other.",sub-3004,3.0,972
3004,4,1,"Um, no, I mean, he seems, they haven't changed much. Again, I mean, we've seen, we've seen the like depth of connection with the this older guy before. So, yeah, um, I guess, maybe, I, I, I, I, wasn't really following, but I guess he's like adopted and this is his real dad, but I'm not really sure. Um yeah.",sub-3004,3.0,973
3004,4,2,"Um, yeah same again. I mean he still just seems like, slightly shallow. Doesn't like his life, but like can't really break out of it like XXX. Um like when Kate said he was like he was the most valuable person in her life and he kind of smirked to himself. Um, cause he kind of knows he's great, um.",sub-3004,4.0,974
3004,4,3,"Um, I guess she seems very impulsive which would explain the, the, the obesity. Um,you know, she's like throwing the way she just threw all that food out on a whim. Um, and then I don't know why she's like picking up some like dog excrement. That seems kind of impulsive. So I guess that might explain her obesity. Um, like impulse control.",sub-3004,2.0,975
3004,4,4,"Um, yeah, uh, he's kinda he's more ripped than I thought he would be. Like he got some muscle on him. Um, obviously um he loves his wife. Um, a lot. Um, I mean that dance must be great. I guess that's why he's so upset. I, yeah, um.",sub-3004,1.0,976
3004,5,1,"Um, yeah I, I'm, I'm kind of losing hope for him. I'm um, I guess this was like before the, the Manny thing, the scene we just saw. So, um, you know I XXX just going about it and I, so I didn't feel like I learned much. Um.",sub-3004,4.0,977
3004,5,2,"Yeah she's got, yeah she's got more self-control than I thought she did. Um, with, with more kinda more dedication to lose the weight than I, than I thought, with all the labelling.",sub-3004,2.0,978
3004,5,3,"Um, Randall, Williams XXX, he seems like a forgiving person I guess. That he let William into the house, um, and all that. so.",sub-3004,3.0,979
3004,5,4,"Um, and I think it hasn't really changed.",sub-3004,1.0,980
3004,6,1,"Um, yeah I guess she, well I guess we kind of knew she was like slightly reluctant to date Toby already, but I guess it's like evidence that she was hesitant to let someone in, because she's ashamed of herself.",sub-3004,2.0,981
3004,6,2,"Um, they didn't change, but I guess, the like well he's obviously very resentful about his Dad, we haven't seen, explicitly seen that before, um, but we, we, we got to see his anger now, so, so that makes sense. Um, um, and, oh yeah I guess that's like fueled his his ambition, like getting the expensive car and job and everything.",sub-3004,3.0,982
3004,6,3,"Um, you know they haven't changed at all.",sub-3004,1.0,983
3004,6,4,"Um, yeah okay now I'm thinking, doesn't like being used for his muscles, but when the guy XXX asks him to take his shirt off, he doesn't seem very happy with it. Um, not entirely sure.",sub-3004,4.0,984
3004,7,1,XXX,sub-3004,2.0,985
3004,7,2,"Um, we saw some smoke XXX um, yeah. Yeah.",sub-3004,3.0,986
3004,7,3,"One, yeah, I guess XXX father XXX as well. XXX.",sub-3004,4.0,987
3004,7,4,XXX Kate and Kevin are so XXX.,sub-3004,1.0,988
3004,8,1,"Um, uh, no, nothing new.",sub-3004,1.0,989
3004,8,2,"Um, yeah, he seemed very happy getting that cake. Um, really livin it up. Um, yeah, I, I guess he works with XXX why he was looking at like a stocks or something XXX economics. So maybe like a bank or something. Who knows. Um.",sub-3004,3.0,990
3004,8,3,"Yeah, Kevin's actually kind of second grade, Ryan Reynolds would never do this this crap. So yeah, he was quite XXX probably not happy with his career.",sub-3004,4.0,991
3004,8,4,"Um, no, XXX I love Kate. She's, she's great you know, but nothing new.",sub-3004,2.0,992
3004,9,1,"Uh, no, they, they didn't change. Um. No.",sub-3004,1.0,993
3004,9,2,"Yeah, I hope well... Yeah, I guess he's like, all about giving second chances, and he's gonna run away, but he's gonna storm out with him. Um, XXX a good guy.",sub-3004,3.0,994
3004,9,3,"Um yeah, that's, I guess like, yeah we like, saw the turning point, so I guess he's like, you know, he's like self reflecting, like maybe fully acknowledged the situation um with the the show that he never really wanted to be in, in the first place, or maybe he did, but he didn't know. Um, and like wants to improve himself.",sub-3004,4.0,995
3004,9,4,"Um, yeah, I guess they didn't change, because she has a nice sense of humour, um, and, um, yeah, I guess like, XXX she's very kind of like, focused on losing weight, but like, Toby kind of gets in there anyway.",sub-3004,2.0,996
3004,10,1,"Um, yeah, nothing new. Um, nothing new.",sub-3004,2.0,997
3004,10,2,"Um, yeah he's actually what I thought he was completely broken down and like, you know, was a wreck at the beginning, but I, I guess now he's a proper, optimist, really optimistic guy. Um, and supportive like cares about other people's feelings a lot.",sub-3004,1.0,998
3004,10,3,"Um, no, nothing new about Randall. I guess he, uh... no, nothing new.",sub-3004,3.0,999
3004,10,4,"Um, yeah, Kevin's still, Kevin's still just questioning everything. Um, but he just doesn't, doesn't seem certain of anything, really. Um.",sub-3004,4.0,1000
3007,1,1,"Um, I don't have many thoughts about Kate. I didn't learn much from her, from that first scene. It seems that she enjoys a joke and wasn't taking the group that she was in very seriously.",sub-3007,2.0,1001
3007,1,2,I thought that Kevin seems to be hung up on stuff that happened in his childhood and is not the most emotionally mature person.,sub-3007,4.0,1002
3007,1,3,"Um, I think that Randall is, does not have a good relationship with his father. Um, I think they said his father is dead. Um, he seems to be resentful and has negative feelings towards his dad.",sub-3007,3.0,1003
3007,1,4,"Jack seems to be a very normal guy whose girlfriend or wife is giving birth, um, and he's nervous about it. He seems to love her, though.",sub-3007,1.0,1004
3007,2,1,"I learned that Kevin is more empathetic than I previously thought. Um, he cares about his sister and additionally he seems a little disillusioned with his life as a TV star.",sub-3007,4.0,1005
3007,2,2,"My thoughts about Jack did not change much. Still seems to be a normal guy, um grieving as he's dealing with significant personal loss.",sub-3007,1.0,1006
3007,2,3,"Um, Kate, it seems, is very discontent with her life, um, which I did not pick up on. I thought she seemed happy but now I don't think she's happy and she wants to change her life.",sub-3007,2.0,1007
3007,2,4,"Randall is more deeply affected by his relationship with his father than I had thought. Um, it seems he has a good relationship with his wife and he has two kids that he presumably loves, but he's damaged from his childhood.",sub-3007,3.0,1008
3007,3,1,"My thoughts on Jack remain largely the same. He seems to love his wife a lot um and he's very worked up about this whole um giving birth to triplets situation, understandably. And he seems to be in a state of shock, not really under- processing what's going on.",sub-3007,1.0,1009
3007,3,2,"Um I just keep getting more empathetic towards Kevin. He seems to not really like his life. Um, he seems to be a classic case of sort of, his life is great from the outside but he doesn't like it, living it.",sub-3007,4.0,1010
3007,3,3,"Um, Randall seems to be a little more well adjusted than I had thought. He has a really good relationship with his wife and loves his kids a lot and is a very supportive dad despite what he went through as a child.",sub-3007,3.0,1011
3007,3,4,My thoughts on Kate um did not change much. I realized that she's in that class because of the decision she made with Kevin to lose the weight.,sub-3007,2.0,1012
3007,4,1,Um I feel a little bad for Kate. Um it seems that she really wants to change herself um and she's not satisfied with who she is which sucks for her um but I'm happy that she's on a path that she thinks is right for her.,sub-3007,2.0,1013
3007,4,2,Um I feel bad for Randall because he seems like a really really nice guy who's just trying to get some closure for something traumatic that has been with him his whole life. Um he doesn't seem to dislike his father as much as I initially thought um and he did seem genuinely sad that his biological father was dying.,sub-3007,3.0,1014
3007,4,3,"Jack still, I just feel like he's a very very normal guy, very cookie cutter. Um, it's very clear to me that he loves his wife, loves everything about her um and they have an amazing relationship.",sub-3007,1.0,1015
3007,4,4,"Kevin, um it seems that there's a lot of pressure on him and he's lacking some sort of real emotional connection in his life which I imagine was contributory to his outburst um on set. He feels like he doesn't have anything real in life except for I'd imagine Kate.",sub-3007,4.0,1016
3007,5,1,"Um, my thoughts on Randall didn't change much. Um, it just seems like he doesn't quite know how to deal with the situation with his biological father.",sub-3007,3.0,1017
3007,5,2,Um I just get more empathetic for Kate. It seems like she is really not happy with who she is or what her life is like and she seems to really want to change that um and I feel bad for her.,sub-3007,2.0,1018
3007,5,3,"Um, seems like Kevin is pretty high strung and for some reason just cannot let go of the Challenger explosion. Um, it seems like he has unresolved things from his childhood that he still has to deal with.",sub-3007,4.0,1019
3007,5,4,"Um, Jack still seems like a very um run-of-the-mill guy. Um he's understandably um upset and having trouble dealing with um the loss of, of one of his children, um but all things considered he does seem to be taking it very well.",sub-3007,1.0,1020
3007,6,1,"Um, I feel bad for Kevin. He seems to be sick of being objectified um and I imagine that he wants to sort of live out his childhood dreams more. I'm not sure what that entails for him, but his inability to let go of the Challenger explosion coupled with his dissatisfaction with his current life makes me think that he imagined something else for himself.",sub-3007,4.0,1021
3007,6,2,"Randall, um it just seems like this thing with his dad just runs very, very deep um and he doesn't know how to deal with it. Um he seems like a good and also successful guy, but um he has his demons and he's working to get past them.",sub-3007,3.0,1022
3007,6,3,"Kate, um I don't think my thoughts on Kate changed much. Um, she seems um more lighthearted and, and fun, I guess, than I thought before.",sub-3007,2.0,1023
3007,6,4,"Um, my thoughts on Jack haven't really changed. Um, I still just think that he is a normal guy who loves his wife and wants to start a family.",sub-3007,1.0,1024
3007,7,1,"Um, my thoughts about Kevin um didn't really change that much.",sub-3007,4.0,1025
3007,7,2,"Um Kate seems like she's a lot happier having found this guy. Um, it seems like she's got a ton of self esteem issues. Um, but finding a guy who likes her is helping with that a lot. She seems to be very caring and um maybe protective of her twin brother.",sub-3007,2.0,1026
3007,7,3,"Jack, um, my thoughts on him didn't change much except for I like him more now um because all three of his kids talked about how great they thought their dad was. Um, and I realize now that he is their dad.",sub-3007,1.0,1027
3007,7,4,"Um, Randall, it seems like he is pr- pretty quickly um getting the closure he wanted from his biological father. Um, it seems that inviting him into his home and um treating him as a guest has XXX sort of established some kind of connection there. Um, I also had no idea that he was Kevin and Kate's brother. I was wondering why these four stories were being told but it makes sense now.",sub-3007,3.0,1028
3007,8,1,"Um, Kevin, my thoughts on him are pretty established um but it was good to get some more context about why he feels um not appreciated and perhaps not seen for who he is, and I get why he had his outburst on set now.",sub-3007,4.0,1029
3007,8,2,"Kate um seems more um emotionally mature and sort of in control than I previously thought, um and she does seem like she's on a really good path.",sub-3007,2.0,1030
3007,8,3,My thoughts on Jack did not change at all.,sub-3007,1.0,1031
3007,8,4,"Um, my thoughts on Randall didn't really change. Um, I, I gathered he's some sort of successful business executive, um and he seems to uh, put a lot of energy into his work.",sub-3007,3.0,1032
3007,9,1,"My thoughts about Kate remain largely the same. Um, the more I see of her the more I think that she's a fun person, um.",sub-3007,2.0,1033
3007,9,2,"My thoughts on Jack did not change at all. Um, I didn't really learn anything about him.",sub-3007,1.0,1034
3007,9,3,"Randall, um, again, uh, my thoughts are, are, are pretty established on him but it, it seems as though his relationship with his father is um messing with his head a lot. Um, he got an email about his father so it seems as though he had been looking for him. Um, and the effect that this relationship has had on his life seems to be very complicated and he's not sure of what he wants.",sub-3007,3.0,1035
3007,9,4,"Kevin, um, I just feel bad for him. Um, he's not appreciated enough for who he is it seems in his work. And he's very fed up with that guy who is, I guess, his boss. Um, and despite having a, a very emotional outburst he still seems, you know, in control of his emotions. Um, so he seems in a way more mature than I had originally thought.",sub-3007,4.0,1036
3007,10,1,"My thoughts on Kevin didn't change much, um. He just seems, the more I learn about him, less fulfilled and sadder, um, with his life. Um, but it seems that now that he's quit his job, he's on a better path, possibly.",sub-3007,4.0,1037
3007,10,2,"Jack is, is more, um, maybe emotional than I originally thought. Um, he was very stressed out about the pregnancy, um and he was very set on having three kids, and I can understand why he was devastated.",sub-3007,1.0,1038
3007,10,3,"Randall, it just seems, my thoughts on him haven't changed that much. It just seems that, um, he has a lot of, um, long-standing issues regarding his father.",sub-3007,3.0,1039
3007,10,4,"Kate, um, my thoughts on her did not change.",sub-3007,2.0,1040
3010,1,1,"So, if I remember right, Jack is the one that was on the XXX and um his behaviors were definitely um just kind of childish slash just genuine um and his feelings were not interested in the girls at all, he was just XXX story and his experiences and emotions rather than the physical objects in front of him like the house and people that are with him. He also seems like a child too.",sub-3010,1.0,1041
3010,1,2,"Um, I didn't really get to know too much about Kate right now. Um, she seems like she is pretty quiet and doesn't really do a whole bunch. Um, she is, looks like she's meeting someone in a therapy session and yeah she just seems like quiet and reserved maybe just kinda sits from afar and looks at other's uh actions before going on her own.",sub-3010,2.0,1042
3010,1,3,"So if I think of Kevin, oh my gosh maybe I mixed up Kevin now, oh I think Kevin's the one now that's the, now I'm XXX, now I'm second guessing. Kevin is the one that is um at the bedside table I think. Um no, no I think I'm mixing up Jack and Kevin now. Sorry. Um, yeah, actually I think Kevin is the one that was at the malibu beach house and he was the one that was really thinking so, um. Yeah, just like I said before. Sorry I mixed that up.",sub-3010,4.0,1043
3010,1,4,"Alright and then Randall, he seems like he's going through a lot um, a lot of problems. Um, but he is going to talk to his like maybe grandpa about or his father or something. Um, seems like he is on the verge of being really frustrated and angry. I really don't know much, much, much more about him though.",sub-3010,3.0,1044
3010,2,1,"Yup, so, my thoughts on Kate, changed, um, I used to think before, uh, that she was more quiet and reserved. I was also a little bit more right about that she was in this therapy session for overweight people or weight conscious people and, uh, I had a, a feeling that, was it Kevin that, uh, is her brother, kind of saw that coming a little bit, just mentioned that, um, and yeah, she's just more gentle and more thought- she's thinking about her thoughts more.",sub-3010,2.0,1045
3010,2,2,"So, my thoughts on Kevin changed a, a lot. I think that he would have been more of a jerk slash like kind of naïve but he showed that he really does care about the people that he XXX around him, um, and that he's going through, uh, a different feeling and behavior when he's on stage versus when he's actually around people he cares about.",sub-3010,4.0,1046
3010,2,3,"Um, my thoughts on Jack changed a whole bunch. So, before he was just like, um, on the, in the hospital with his wife, um, that was pregnant and just seemed really excited. Now he's really mournful and sad and so he doesn't really know how to process all that and he's looking for others. Um, yeah, and I, I don't really know the relationship with the other characters to be honest and, um, yeah, I, I don't think too much else has changed. He's just really sad now and just, uh, his intention does- is like misdirected.",sub-3010,1.0,1047
3010,2,4,"Alright, and then Randall, he also XXX changed a whole bunch other than I found out that he has a family and that his intention is to kind of connect with his father that was a new thing and then he also seems like he's going through a lot in that he can't handle that amount of, uh, pressure. So, he wants to have a dad that loves him and feels like he doesn't love him back. So, yeah, I think he's just having a hard time, a little bit of a psychotic break at the end there too.",sub-3010,3.0,1048
3010,3,1,"So, my thoughts on Jack changed a little bit, in that, um, his feelings just wanted to be with his new family a little bit more, he really cared about his wife's health, um, but his intentions were very similar just to last time, that he would really want to, uh, be with his family, he really cares about them and is worried about them, um, his behavior really hasn't changed, other than he's just kind of been sad a little bit, because there's a lot going on back there.",sub-3010,1.0,1049
3010,3,2,"My thoughts on Kevin really really haven't changed too much either, um, uh, his intentions, or his feelings, uh, are just very much like stuck, slash not fitting in, and then his relationship with other characters, XXX, like his sister that I know of right now, um, hasn't really changed all that much either, um, they seem really close, and, yeah, uh, yeah his behavior seems more sad and mellow, um, than before.",sub-3010,4.0,1050
3010,3,3,"Um, alright, so in Kate, Kate's behavior really hasn't changed all that much either, um, and yeah, I don't really have much on that one, honestly, I think she just sort of stays the same, still part of the, uh, group, and it kind of seems like she's not talking to the guy yet, but, could be scrambled, I'm not sure if that's the right clip.",sub-3010,2.0,1051
3010,3,4,"Okay, and then Randall's probably the biggest change out of everyone, he seems a lot more happy, his relationship with his wife seems a lot more healthy, and, uh, just his feelings are happier, and intentions are wanting to be with his family, and just be, uh, this husband and dad, which is a just a little different than last time.",sub-3010,3.0,1052
3010,4,1,"Okay, so my thoughts on Kate. Uh, she is thinking to uh plan on losing weight um. This is the first time I've actually seen her do that. Um but things changed in that it looked like she relapsed and was back on the bathroom floor. She looked like she also gained a lot more weight um and uh it stayed the same in that she had a really close relationship with her brother Kevin. Um, and her intentions seems like she uh at first when she was throwing out the garbage was, um you know her intentions would have been to kind of lose weight and was really motivated. And kind of had like a, like an epic moment kind of thing. And so when it, when it comes to the bathroom when they're on the floor, um it looked like she kind of gave up and kind of relapsed and it didn't work and kind of gave up on herself. So she looks like she's just going through uh, a whole range of emotions and, and problems.",sub-3010,2.0,1053
3010,4,2,"Um, my thoughts on Kevin haven't really changed all that much. I saw before that it was um a problem for him when he had the psychotic break. He, he was really caring as a brother to Kate. Um so I feel like his intentions stayed the same and his relationship kind of stayed the same. Um and yeah, I think he just doesn't like being big anymore, um which is a little bit more pronounced than this.",sub-3010,4.0,1054
3010,4,3,"Okay, and then my thoughts on Randall changed a little bit um before he kind of went through a whole range. Um It changed in that he showed that he does actually care um and has feelings and, and, and loves his biological dad, rather than kind of hating him a little bit or feeling resentful. Um, and his relationship with that dad um biologically has very much shown that he cares rather than he's stuck in that um mindset. So um his intention looks like he wants to have a continued relationship now at the very end of that clip. So a little bit different.",sub-3010,3.0,1055
3010,4,4,"Uh, my thoughts on Jack have changed a little bit. He's um, less, way less sad than normal. Um, in the first set of clips he was pretty happy because he was in the, was with his wife, and XXX the other clips he was just like really sad. So um yeah, it's just nice to see him be like himself and he's just really humble and um nice and just a great person and like a great partner to his wife slash girlfriend. Um, and uh yeah, I, I, I think that he showed his true colors um when he's, not you know, stuck in a bad situation.",sub-3010,1.0,1056
3010,5,1,"My thought on Randall changed a little bit that he really seeked out um finding his real dad, um and his behavior kind of showed that he didn't know how to really introduce him to his wife, and kids, so his feelings were just kind of mixed. Um and his intentions kind of were the same, and he very much um kept the relationship with other characters in that they, that he loves them, but he's not being truthful and honest, and he's kind of trying to find himself within that, uh to have some closure.",sub-3010,3.0,1057
3010,5,2,"My thoughts on Jack really haven't changed too much, other than in his professional life, he really does not care what he's doing, um and doesn't really find value in um uh fake relationships, so he kind of just like moved on, um which is interesting 'cause he cares way more about the people around him that are close.",sub-3010,1.0,1058
3010,5,3,"Uh my thoughts on Kate have kind of changed as well. She is extremely uh self-aware, and her behavior uh really did try to uh counteract what she knew she was going to be like, and she kind of was talking to herself, and that she knew her intention was to eat food that was good for her, and um but she knew that she had the capacity XXX to lose weight um and she really didn't see anybody else, so XXX really changed in that way.",sub-3010,2.0,1059
3010,5,4,"Um, oh my gosh, I mixed up Jack and Kevin again, I think. No, no, I don't think I did. So for Kevin, he again didn't really care about, um, the character, uh Mr. Thicke, and, um, just really wanted a genuine relationship. Um, yeah, it, it's nothing, nothing too crazy. I think I already mentioned this though. Yeah.",sub-3010,4.0,1060
3010,6,1,"So my thoughts on Jack, uh it really didn't change all that much. Um, he's just XXX like kind of confirming that he's really excited to be a dad um and his relationship with his wife is just even stronger than I thought. Um and it just confirmed like a lot of the intentions of him wanting to be a dad and stuff like that.",sub-3010,1.0,1061
3010,6,2,"Um, my thoughts on Randall changed a whole bunch. Uh he was very emotional about being left alone. Um, I thought that he would have not cared as much as he did and he really wanted to be connected with his dad more than I thought. I knew he wanted to be, but he wanted to be more connected with his dad than original- than I originally thought. Um and his intention was form a relationship with him.",sub-3010,3.0,1062
3010,6,3,"Uh, my intentions with Kate did not really change all that much. Um, she seems really self-aware, um, and she really, uh, likes the guy that she met at the, the group, uh the the the therapy group. And so, um, yeah, nothing really changed too much. And you could tell she just uh really is intentional with her things XXX the things that she does. So you're really thinking about inviting him in and stuff like that. Instead of just saying yes right away.",sub-3010,2.0,1063
3010,6,4,"Uh, and then my thoughts on Kevin changed a little bit. Um I thought he had a psychotic break from just being an actor, but it was actually doing something he didn't want to do. So when he was talking to the director and him being told what to do when he didn't really approve of it, that's what really pushed him over the edge. Um, you can tell he doesn't really like the whole idea of being um half-naked in front of the screen. Um I think maybe because of his uh sister, right? Maybe that's probably what it is. Um, so, yeah, I just learned that he just has different things, uh he thinks differently when he's acting than he is when he's been um talking to his sister or whatever. Kate. Okay.",sub-3010,4.0,1064
3010,7,1,"So my thoughts on Kevin uh really haven't changed that much other than that lookel like he has a little bit of a drinking problem. Um, that's just going through what he did at the um stage, the sound stage um when he was acting for the show. Uh so maybe he has a little bit of XXX, but it sounds like XXX looks like he has a little bit of a drinking problem. Um and obviously, he uh is not only Kate's brother, but he's also Randall's brother too. I did not see that coming. Um, so that's a little different.",sub-3010,4.0,1065
3010,7,2,"Okay. So uh my thoughts on Kate. Uh she really does care for Kevin just as much as um um just as much as uh Kevin does for her. And so uh she tucked him in and then obviously we saw the date and seems like she really liked the guy that um she brought home. And that just kind of looked like XXX it insinuated that they were going to be uh romantically related, uh or romantically involved, sorry. And so, um yeah, so her intentions just look like she was willing to be more vulnerable with him. Um, just a little different.",sub-3010,2.0,1066
3010,7,3,"Um, so my thoughts on Jack changed a whole bunch too. Uh, the whole timeline makes sense now. And so his uh behavior makes a lot of sense on that he just really wanted to have a really big family and just was expecting three and actually did end up getting three kids from this experience, just not in the way he was expecting. So, um yeah, and then his relationship with his wife is just a little more different because they technically had three kids, but two of them were biological. So, um yeah, so that's, that's a little different. And then also him being stuck in the 80s, 70s, 80s, um it's just a little different too as well.",sub-3010,1.0,1067
3010,7,4,"Okay, and then Randall, obviously that changed the most um, uh, was, cause obviously, uh, uh, uh, Kevin and Kate's um brother. And so he was just explaining to his biological dad that he actually really got a really great relationship from that and ended up being really successful. So uh it's just one of those things that is interesting. Um, and that he, also, just, um, yeah, just XXX the relationship with him and uh Kate and, and Kevin uh are really just different. I just wasn't expecting that.",sub-3010,3.0,1068
3010,8,1,"So my thoughts on Kate really haven't changed um her other than that she found it interesting that, um, I found it interesting sorry that she said no to dessert while he said yes. You can tell she's really committed to changing um and nothing really changed uh relationship wise with other people.",sub-3010,2.0,1069
3010,8,2,"Um, my thoughts on Kevin changed probably the most um that he is a little insecure um but he also uh wants to be more genuine um and really gives his character a lot of thought and um doesn't just pretend anymore he just very much um wants to care about the character he's playing um and I guess kind of got a little bit screwed over by the director saying that he's getting replaced and that's maybe why he had that psychotic break.",sub-3010,4.0,1070
3010,8,3,"My thoughts on Randall really haven't changed um other than that he's turning 36 which makes sense and then um it also um doesn't really change too much because of his behavior kind of a little bit anxious before getting an email um that he's waiting for something and that, that email was a picture of his biological dad.",sub-3010,3.0,1071
3010,8,4,Um and my thoughts on Jack really haven't changed all that much he just really loves his uh wife and uh just really wants to just really excited for the triplets so really nothing changed on his aspect at all.,sub-3010,1.0,1072
3010,9,1,"My thought on Kate, um, it really hasn't changed too much other than uh her motivations are even stronger than I thought. Um, but yeah, really she, her relationship XXX um just gave more context to the previous clips, but um nothing's really changed.",sub-3010,2.0,1073
3010,9,2,"Um, and then thoughts on Jack, he's changed a little bit in that his intention was he wants to be even more genuine than I thought he was going to be. Um and then he's kind of more disappointed in himself and that's the biggest change out of anything before him, um before the other clips of him.",sub-3010,1.0,1074
3010,9,3,"Uh, my thoughts on Kevin, um he, uh, oh my gosh, I mixed it, oh my god. Oh my gosh, wait, right? Yeah, yeah, I did. Sorry. So Kevin's changed. He, he wants to um, he wants to be better than he was before his intention was to, uh, you know, uh be more genuine and he's disappointed himself. Sorry, I mixed that up again. So before that was Jack wasn't it. I get those two mixed up every time. Um, so uh yeah, intentions, relationship, there nothing really changed other than uh his relationship with the audience um in that scene, which was negative.",sub-3010,4.0,1075
3010,9,4,"And then Randall, he's changed um not that much. He's like he's a really uh good person, good dad, good father, good husband. Um, but he does want to have that connection with his biological dad. And so even though he's angry, he still wants to be a good person because he doesn't feel any better than he already is. Than than he already is. Um, does, so.",sub-3010,3.0,1076
3010,10,1,"So, my thoughts on Kate have changed a little bit, um, in that she's a little, little bit more self conscious than I thought she was, um, and her feelings, um, feelings slash intentions, uh, is to really get ahead of this weight problem and, um, the problem is that she still surrounds herself with people that were like her in that, um, the date that she had, uh, doesn't really, like, really cares about losing weight.",sub-3010,2.0,1077
3010,10,2,"Um, so my thoughts on Kevin have changed, uh, a little bit, um, not too much other than that he does really, uh, he's really still really close to, um, um, to Kate and, uh, his, their brother-sister relationship is really strong. He also, um, is still really sensitive to the idea of, um, of being, um, oh my gosh, I'm sorry, I'm losing it, of being, uh, abandoned slash, uh, forgotten about by his father, um, which is probably something to do with Randall and that tension, um, and he just feels like there's really not that much depth in the show, um, so that's a little different, but his intentions are always the same, it seems like, um, that he just wants to move forward and it seems like he's kinda stuck.",sub-3010,4.0,1078
3010,10,3,"Randall changes, uh, in that he talks to his wife, uh, and is very open, I didn't know they were that open and talk about finances, um, and, yeah, I don't think there's really much more, kinda knew a lot about Randall before this.",sub-3010,3.0,1079
3010,10,4,"Okay, and then Jack, he probably the biggest change in that he wants everything to be perfect and he has no, um, ability to really take bad feedback in a time he's trying to be positive, um, and try to be someone that, uh, is good for his wife in, in that moment, so he took over that situation and really tried to be the positive force which is, uh, different than previous clips.",sub-3010,1.0,1080
3013,1,1,I've learned that Randall is conflicted about his relationship with his father um and is interested in an apology and amends but he seems frustrated from what actually comes out of that scene.,sub-3013,3.0,1081
3013,1,2,"Uh, I think Kevin um seems to not really have any meaningful relationships um or activity in his life. His life seems pretty empty.",sub-3013,4.0,1082
3013,1,3,"I think that Jack is supportive. Um, he is doing his best to stay with, XXX, um, with his partner while she is giving birth.",sub-3013,1.0,1083
3013,1,4,"Um, I think Kate is funny and self-aware. She is at an possibly like overeaters anonymous type of meeting but she is um able to find humor in the things that everybody's been saying.",sub-3013,2.0,1084
3013,2,1,"I initially thought that Kevin was um kind of like air headed and had an empty life but it seems that he realizes in, on the movie or tv set that he doesn't really want the life he has now and um that his relationship with his sister is very meaningful and important.",sub-3013,4.0,1085
3013,2,2,My thoughts on Randall didn't change a lot because he didn't talk much in the first scene um but I learned that he's having a difficult time processing his grief and other emotions surrounding his father.,sub-3013,3.0,1086
3013,2,3,"Um, I thought initially that Kate was um very, was kind of like upbeat and able to um see humor in her group session but it also seems that underneath that she has a lot of sadness um about where she's going in her life and how she's progressed so far.",sub-3013,2.0,1087
3013,2,4,"Um, Jack was dealing with grief in um the most recent scene and I've learned that um he's having a difficult time uh with the death of his baby uh and wife, partner.",sub-3013,1.0,1088
3013,3,1,"My thoughts about Kevin didn't change that much. His character and personality seemed pretty similar XXX other scenes. Um, I think his, I was surprised that he ended up quitting or getting fired from his job um because he seems like he would um XXX under the surface.",sub-3013,4.0,1089
3013,3,2,"My thoughts about Jack didn't really change. Um, obviously, he's very close to his wife um and he was really worried about her. Um, but that's it.",sub-3013,1.0,1090
3013,3,3,"Kate has shown herself to be supportive of while Kevin was watching and talking about um no longer being on the show. Uh also in the group session, she didn't make eye contact um or communicate with the other guy so it seems that XXX relationship with him has come to an end or XXX.",sub-3013,2.0,1091
3013,3,4,It seems that Randall is very close to his family. He and his wife take turns watching um what each of his daughters uh are doing in their respective soccer games.,sub-3013,3.0,1092
3013,4,1,"Um, I don't think I learned that much XXX about Jack other than um like more details about his relationship with his wife and how close they are.",sub-3013,1.0,1093
3013,4,2,"And Kate shares that she is committed to um working on herself, and in this conversation with Kevin shows that she's very introspective.",sub-3013,2.0,1094
3013,4,3,"Randall, um I learned about, more about Randall's background, about he grew up in a adopted household, um and when his father leaves he's like um like crying, and he is like feeling a lot at once.",sub-3013,3.0,1095
3013,4,4,"Uh, my thoughts about Kevin didn't change that much because uh the breakdown was addressed previously, um but I learned more about um specifically why he felt upset about um like being an actor and being surrounded by a lot of fakeness.",sub-3013,4.0,1096
3013,5,1,"Um, I learned that Randall cares a lot about his father even if they have a very, um, XXX relationship because he welcomed him into his home and XXX of him.",sub-3013,3.0,1097
3013,5,2,"My thoughts about Jack didn't change a lot. Um, he didn't really say anything in this last scene and it was more seeing the doctor imparting some wisdom onto him. Um, but I do think he will be able to come out of um the struggle with the death of his baby, um, even stronger after that conversation.",sub-3013,1.0,1098
3013,5,3,"Um, I learned that Kate is very resilient and self-aware. Um, she knows what she is thinking and wants to do and by keeping XXX ahead she's able to, um, like, anticipate that and kind of like fight her demons.",sub-3013,2.0,1099
3013,5,4,"Um, my thoughts about Kevin haven't changed that much. Um, it seems that he might be in a worse position, um, career-wise than, um, like, the height of him being, like, the star of the Manny show.",sub-3013,4.0,1100
3013,6,1,"My thoughts about Kate didn't change that much. It seems that her um, the progression of her relationship with the, the second guy is pretty expected. Um, but she does seem happier compared to when she was at her lowest and um XXX Kevin for support.",sub-3013,2.0,1101
3013,6,2,"Um, my, I realize in the scene that um Kevin being a shirtless um and having kind of like a himbo character is not really his choice and it is something that he um essentially gets very fed up by, um but it's something that he doesn't have any um like direction in as far as the show.",sub-3013,4.0,1102
3013,6,3,"And, my thoughts about Jack didn't really change. XXX it was a consideration of a previous scene celebrating his birthday. Um, it just shows that he is really loving and caring towards wife and um unborn children.",sub-3013,1.0,1103
3013,6,4,"And, I learned that Randall carried a lot of resentment towards his father um for leaving him with nothing and despite all of that, he has had a lot of success in his life. Um, and I learned that despite not having a relationship with his father and not wanting one recently, um when he's offered to come inside, he does want to um like have some type of relationship.",sub-3013,3.0,1104
3013,7,1,"Um I learned that when Randall talks about um having grown up in a good family and having been raised by good parents, he was talking about um Jack and his mom and um it seems that he is close to um Kate and Kevin since he has um the poster of Kevin and it's marked as his like to his favorite nieces.",sub-3013,3.0,1105
3013,7,2,"Um it seems that Kate is um growing and able to balance her relationship um with her brother as well as her um like new relationship with the guy from the group sessions um as well as her own thoughts about aging, um life progression and her body.",sub-3013,2.0,1106
3013,7,3,"Um, I didn't think that much about Jack before other than that he was a loving um father and husband um but I realized that he took the doctor's suggestion to heart about making a difference and um XXX like taking action so that some good comes out of the tragedy um of the loss of his son. Um and I learned that Jack has a really good relationship with his kids, especially Randall because Randall has called out having really great parents.",sub-3013,1.0,1107
3013,7,4,"Um, it seems like Kevin is really close to both of his siblings and um is a big part of both their lives.",sub-3013,4.0,1108
3013,8,1,"Um, I learned that Kevin's career previous to this show um hasn't been that great and so that's why he's um doing this work even though it's kind of beneath him.",sub-3013,4.0,1109
3013,8,2,"Uh, my thoughts about Jack did not really change.",sub-3013,1.0,1110
3013,8,3,"Um, I learned that Kate is um trying to stay strong about um losing weight and um can just stand up for herself when the guy says that he's interested in dessert and she's able to change his mind.",sub-3013,2.0,1111
3013,8,4,"Uh, I really thought Randall's discovery of his father and uh the start of his relationship um happened on his 36th birthday which is also like a pivotal point for Kate and Kevin.",sub-3013,3.0,1112
3013,9,1,"Uh I learned that Kate's relationship with Toby started first, like based off of their sense of humor.",sub-3013,2.0,1113
3013,9,2,"Um, my thoughts about Randall didn't really change because I already knew that he resented his father but XXX relationship with him anyway. Um I guess this scene just showed more like details and XXX that decision because in the end he really just couldn't turn his back to his father and um the idea of having a relationship with him.",sub-3013,3.0,1114
3013,9,3,"Um my thoughts about Jack didn't really change. Um, the scene was more about his wife and the doctor.",sub-3013,1.0,1115
3013,9,4,"Um, I started thinking that Kevin is more complex and self-aware than he appeared previously um versus when he was talking about the, um like space shuttle explosion and not really wanting to um have an impact in the world but now he really just has um this XXX emotions and doing empty actions.",sub-3013,4.0,1116
3013,10,1,"Um, I learned that even though, um, Randall has a good life now and seems to be content, he still specifically sought out information about his father, um, because he's curious about where he came from even though he kind of denies it to himself and his wife.",sub-3013,3.0,1117
3013,10,2,"Kevin shows that, um, even though he quit the show, he came back, um, and I think that was the previous scene of the producer taking a chance on him and XXX make a lot of money off of him, um, he was able to take the show into, um, a better direction and not only is he buff and, um, making money, but it's also more in line with what he actually wants to do, um, so he seems very resilient and able to take action.",sub-3013,4.0,1118
3013,10,3,"Um Kate showed that she's very supportive even though she was on a date with Toby, um, as soon as she found out about Kevin, um, like, viral on set, she kind of dropped everything to support him and be there for him, um, while he's still, like, thinking about, um, his behavior and what he should do.",sub-3013,2.0,1119
3013,10,4,"I learned that Jack was, um, kind of naive and in denial. Both his wife and his doctor want to talk about the reality of possible complications, um, which is important regardless of how optimistic he is, but even then he refuses to care about it and as a result he and his wife don't have a plan or haven't confronted the possibility of, um, losing any of the triplets.",sub-3013,1.0,1120
3016,1,1,,sub-3016,1.0,1121
3016,1,2,,sub-3016,2.0,1122
3016,1,3,,sub-3016,4.0,1123
3016,1,4,,sub-3016,3.0,1124
3016,2,1,,sub-3016,4.0,1125
3016,2,2,,sub-3016,1.0,1126
3016,2,3,,sub-3016,3.0,1127
3016,2,4,,sub-3016,2.0,1128
3016,3,1,,sub-3016,1.0,1129
3016,3,2,,sub-3016,2.0,1130
3016,3,3,,sub-3016,4.0,1131
3016,3,4,,sub-3016,3.0,1132
3016,4,1,,sub-3016,4.0,1133
3016,4,2,,sub-3016,2.0,1134
3016,4,3,,sub-3016,3.0,1135
3016,4,4,,sub-3016,1.0,1136
3016,5,1,,sub-3016,1.0,1137
3016,5,2,,sub-3016,2.0,1138
3016,5,3,,sub-3016,4.0,1139
3016,5,4,,sub-3016,3.0,1140
3016,6,1,,sub-3016,1.0,1141
3016,6,2,,sub-3016,4.0,1142
3016,6,3,,sub-3016,2.0,1143
3016,6,4,,sub-3016,3.0,1144
3016,7,1,,sub-3016,3.0,1145
3016,7,2,,sub-3016,4.0,1146
3016,7,3,,sub-3016,1.0,1147
3016,7,4,,sub-3016,2.0,1148
3016,8,1,,sub-3016,1.0,1149
3016,8,2,,sub-3016,3.0,1150
3016,8,3,,sub-3016,4.0,1151
3016,8,4,,sub-3016,2.0,1152
3016,9,1,,sub-3016,1.0,1153
3016,9,2,,sub-3016,2.0,1154
3016,9,3,,sub-3016,3.0,1155
3016,9,4,,sub-3016,4.0,1156
3016,10,1,,sub-3016,2.0,1157
3016,10,2,,sub-3016,3.0,1158
3016,10,3,,sub-3016,4.0,1159
3016,10,4,,sub-3016,1.0,1160
3019,1,1,"Um, he seems to have a conflict meeting XXX with his family. Uh harboring anger or XXX with his father.",sub-3019,3.0,1161
3019,1,2,"Um, you know he seems like a sweet genuine man who is excited to have children.",sub-3019,1.0,1162
3019,1,3,"Um, Kevin is Kate's sister, I mean brother, and enjoys the party lifestyle with pretty girls and pools.",sub-3019,4.0,1163
3019,1,4,"Um, she seems a little timid, reserved, shy, um, maybe a little flirty with that other man who was in the group.",sub-3019,2.0,1164
3019,2,1,"Um, I don't think my thoughts have changed. Randall seems caring, loving, especially towards his family, and unsure how to act around his father.",sub-3019,3.0,1165
3019,2,2,"Kate, again, I don't think my thoughts have changed, she's um not where she wants to be in life. And XX maybe reserved or shy because of it.",sub-3019,2.0,1166
3019,2,3,"And, um, I thought he was maybe a little superficial, um but that scene when he's talking to Kate seems very genuine and he uh also maybe seems unhappy with where he is in life.",sub-3019,4.0,1167
3019,2,4,"Um, I felt, again, bad for him. Obviously something in the delivery did not go right and the doctor's consoling him, so, I feel, again, anxious for him.",sub-3019,1.0,1168
3019,3,1,"Um, again, family man, he has a wife and two daughters. Um, seems very genuine and caring towards them. Invested in what they're doing.",sub-3019,3.0,1169
3019,3,2,"Um, that was the date with that man that she met from the fat group, and that's really all I learned from this scene.",sub-3019,2.0,1170
3019,3,3,"Um, he was unhappy in his job, so he quit and, kind of like Kate, seems unsure about his place in life.",sub-3019,4.0,1171
3019,3,4,"Um Jack, he is sad. He did lose a child, like I maybe thought last time, um, but his wife survived and his, the two other children survived. Um, but, he was clearly very impacted by uh stillbirth of the third child",sub-3019,1.0,1172
3019,4,1,"Um, I guess I just feel more empathy for him. Um, you know, but he made it very clear again that he really cares about his wife and excited for his children and um very happy prior to birth",sub-3019,1.0,1173
3019,4,2,"Um, you know, I feel for her, uh, she's clearly in a very difficult moment in her life, um, very unsure about things and she loves her brother, Kevin.",sub-3019,2.0,1174
3019,4,3,"Um, also kind of unhappy with where he is in life. Causing him to have a little bit of a, a, a childish meltdown. Uh, but, I don't know if it was justifiable but clearly very unhappy with where he is.",sub-3019,4.0,1175
3019,4,4,"Um, he, I would say he's caught in a very difficult situation and, doesn't know how to to feel about his father, um, abandoning him, but he's also dying, so just adding to his, doesn't know how to interact with his family.",sub-3019,3.0,1176
3019,5,1,"Um, no, no change. I think you know feeling for her, seeing how she's struggling and um just in a really difficult place in her life.",sub-3019,2.0,1177
3019,5,2,"Um, I wonder if his meltdown is appropriate or justifiable, um, you know in this scene he seems very calm, very, um, like he was ready to work. Um and that, kinda seems to, like something set him off in the previous XXX.",sub-3019,4.0,1178
3019,5,3,"Um, no, maybe he, unlike what I thought previously maybe he is the one who was looking for his father, um, you know he doesn't introduce him as the, like, grandfather to the children, so, again, very unsure about how to interact with this man.",sub-3019,3.0,1179
3019,5,4,"Um, I would agree with the doctor, something about Jack's behavior makes me think that he would be a good father. Uh, he clearly cares deeply about his wife and children and, I, wonder if he's really going to be able to make lemonade out of lemons as the doctor said and how the death of his child will impact him going forward.",sub-3019,1.0,1180
3019,6,1,"Um, no I wouldn't. No real change. Uh, more or less the same. He is caring for his wife and children.",sub-3019,1.0,1181
3019,6,2,"Um, again, like shy, reserved, uh she doesn't invite the man in at first. Um, presumably because she isn't happy with the way she looks, um, but, like, feels safe with this man and I think maybe they relate to each other, um, over being in the same group and having the same struggles.",sub-3019,2.0,1182
3019,6,3,"Um, again, that comment about, uh, it's better without your shirt on. That really seemed to trigger him, um, you know, he seemed like he would be able to do the rest of the scene without a problem before that comment. Um. So, I don't know, maybe he's unhappy with, like only being valued for the way he looks and not maybe being taken more seriously as an actor.",sub-3019,4.0,1183
3019,6,4,"Um, wealthier than maybe I thought, you know he XXX that the class of his car and that he can buy it in cash because he wants to um. Very well off, but, you know he definitely, like he said struggled, um, with a very rough childhood and that experience of being abandoned clearly stayed with him. And, he really XXX a lot of his success in I guess defiance of that abandonment.",sub-3019,3.0,1184
3019,7,1,"Um, now I think this further speaks to um his desire to be a father, he had, you know, to lose a son and then adopt a third child, um really speaks to how much he loved his children before they were even born, um and that he, is the father to the other three characters, or adoptive father.",sub-3019,1.0,1185
3019,7,2,"Um, mostly that just that she is um Kevin's biological twin, but Randall's, um, I guess adoptive triplet.",sub-3019,2.0,1186
3019,7,3,"Same thing, um just realizing that he is uh Kate's biological twin, and Randall's adoptive brother triplet, and uncle to the two little girls, Randall's children.",sub-3019,4.0,1187
3019,7,4,"Um, again, just the relationship to Kevin and Kate and Jack, and uh, yeah.",sub-3019,3.0,1188
3019,8,1,"Um, yeah, he, clearly feels he wasn't being taken seriously as an actor. And, this just further speaks to his frustration with where he's at in life and um explains some of the thinking behind his meltdown.",sub-3019,4.0,1189
3019,8,2,"Kate, um, XXX no real change. Just that she is y'know, on a date with this man and, um, kinda flirty, kinda into him maybe, uh and they like have things in common.",sub-3019,2.0,1190
3019,8,3,"Um, I don't know. I didn't really learn a lot about Randall. This scene is just that uh again that he is like a well respected person in his job and some sort of maybe like higher up with a big office um. Yeah.",sub-3019,3.0,1191
3019,8,4,"Um, again, this scene, I think this spoke to his anxiety um knowing that it is a high risk pregnancy and uh they have a different doctor than they thought they would. Um, yeah, I guess just explaining some of that anxiety, but, still, uh being where they're on their bed showing how much he loves his wife and how excited he his to have the children.",sub-3019,1.0,1192
3019,9,1,"Um, I think that that must have really hurt finding out that your own father doesn't even remember abandoning you. XXX he, he storms out, but uh it was his decision for his father to meet his grandchildren and not, um again, it wasn't the other way around. You know the grandfather didn't even ask, to like wasn't asking about Randall's wife or anything. Um, the invitation came from Randall.",sub-3019,3.0,1193
3019,9,2,"Um, behavior again, kind of childish behavior but um feeling unfulfilled in his career, XXX isn't taken seriously enough.",sub-3019,4.0,1194
3019,9,3,"Um, just that she was apprehensive at first, uh interacting with the guy that she goes on a date with, initially saying, like, I can't fall for a fat man right now. Um, but you know she XXX goes on the date later, yeah.",sub-3019,2.0,1195
3019,9,4,"Um, I don't know. Nothing from this scene really changed how I thought about Jack or really revealed anything further about him.",sub-3019,1.0,1196
3019,10,1,"Um, I guess my question, um, like Jack's devotion at this point is read almost, a little like toxic whereas before it came off as very endearing. Um, you know, if they were to have had this conversation beforehand, I wonder if things would have changed or if that third baby um would have been stillborn no matter what um. But like if Jack really cared about the safety of his children, I thought he would have um, you know, had that conversation about the possible outcomes rather than um doubling down on everything's going to be alright, I'm going to have three children.",sub-3019,1.0,1197
3019,10,2,"Um, now, uh, again, speaking to his, like he clearly cares about career and his job and he thinks he ,he's a better actor than the role he's in uh and that's the primary motivation for his meltdown, um, but he is you know being caring and has a close relationship with um, Kate.",sub-3019,4.0,1198
3019,10,3,"Um, I think it's interesting that we haven't really seen Randall interact with Kevin and Kate as adults. Um, you know we see them as children, um, and I guess he had a poster, of like a signed poster of Kevin in his kids room, um so yeah. And then, again, like apprehensive to find his father, but it was his idea, and he's unsure about the actually like going through and following through and finding his father. Um, he's clearly like struggling with that memory.",sub-3019,3.0,1199
3019,10,4,"Um, that, like the scene where Kevin and Kate are sitting on the floor, um, followed this scene where you know she goes to weigh herself and falls backwards, um, and like the comment with the like the calories and the number of wine. Um like her weight is, very much, um, um, on her mind all the time, like that's all she thinks about is calories and how much she weighs, and how she looks and how that influences her relationship with the other characters.",sub-3019,2.0,1200
3022,1,1,"I don't know much about Randall right now, other than he's upset and he, yeah, he's very angry with the other character and either wants information or wants to mend that relationship somehow but he's very upset.",sub-3022,3.0,1201
3022,1,2,"Kate seems like maybe she doesn't want to be at the weight loss meeting, because she either isn't taking it seriously or thinks it's a waste of time, or maybe she just thinks that the other character is funny, but she seems to be smiling and not taking it as a serious uh event.",sub-3022,2.0,1202
3022,1,3,"Kevin has two girls uh kissing him, but he doesn't seem interested. So, maybe he's used to being famous and good looking but he wants more meaning out of his career and he's feeling like his job as the face of the Manny or the male nanny is meaningless and so he decides to use these girls to vent to.",sub-3022,4.0,1203
3022,1,4,"Jack, uh, either his wife or his girlfriend who is having twins I think, who are coming six weeks early and are going to come on his birthday. He seems to be supportive of his partner through the delivery and accidentally touched a dirty rectal examiner thing but I don't think it was actually dirty. Maybe the doctor was just joking with him cause, I don't know why that would have been there if it was dirty.",sub-3022,1.0,1204
3022,2,1,Kevin now is showing a more vulnerable side of himself with his sister. It seems like he does care about her and wants her to make her life better.,sub-3022,4.0,1205
3022,2,2,"Randall uh, has a wife and kids, which is becuase XXX kids call him Dad, so he, uh he has a family.",sub-3022,3.0,1206
3022,2,3,"Kate, at first, didn't seem to be taking things seriously in the weight loss group, like her weight. And maybe that's a defense mechanism because in the scene with Kevin she seems to value his opinion and he's taking her weight and her life trajectory very seriously.",sub-3022,2.0,1207
3022,2,4,"And, my thoughts about Jack didn't really change from this scene, it still seems that he care a lot about his partner who is in labor uh but maybe this is a stressful time for him because he's waiting outside with the doctor and the doctor is trying to comfort him but he seems to care a lot still.",sub-3022,1.0,1208
3022,3,1,"Um, it's hard to know the chronological order, but it seems like now Kate is paying more attention. I'm not sure if this scene happened before or after the one where she was laughing but for me to see this in this order it makes me feel like she now cares more about her weight loss and is more intently listening to her peers.",sub-3022,2.0,1209
3022,3,2,"Uh, Kevin it seems like in the previous scene he was starting to grow impatient with his show and his life as the Manny but now we see that he had a full breakdown and he was holding a, a bottle of liquor or wine or some alcohol so maybe he is using that to cope maybe that means he doesn't have the best coping skills but he also came to his sister right away so he probably values her support and opin- opinion, but obviously it's the pressure of the show or whatever the show is about got to him and he overreacted and had a meltdown that became very public.",sub-3022,4.0,1210
3022,3,3,"Randall seems to be a good dad, he seems to have a good relationship with his wife 'cause they are in sync. They're taking turns watching their two daughters. And, he has a less competitive more fun approach to his daughter uh braiding the other teammates hair. He doesn't seem too upset by it, and they seem to be a, happy couple.",sub-3022,3.0,1211
3022,3,4,"Jack, my thoughts about him are still pretty much the same. He seems to care a lot about the woman who's giving birth and his two kids and he seems still very upset that something went wrong with the third triplet.",sub-3022,1.0,1212
3022,4,1,"Um, I learned that he was adopted and so maybe he has a complicated relationship with his, or I don't know if he knows his birth parents or what his relationship with them is, but maybe it's, it's more complicated because he has his adoptive parents and then somehow this other character is involved.",sub-3022,3.0,1213
3022,4,2,"Kate, uh, it seems like she's throwing away her junk food so she's made a, some sort of effort to lose some weight and she also, this solidified that she's very close with her twin brother.",sub-3022,2.0,1214
3022,4,3,"Kevin, uh, it, nothing really changed. I guess we still know that he has the meltdown and this is a little bit uh, shows the meltdown in a little bit more detail and just that he got fed up and went about it in a very dramatic way with throwing the baby and opening the suitcase and everything.",sub-3022,4.0,1215
3022,4,4,"And then, with Jack, again things didn't really change. He still seems very much in love with his, with his partner. Seems like they've been together for a while because they said that they do this every year this, his like birthday ritual, and, he, it just seems like he cares about her a lot.",sub-3022,1.0,1216
3022,5,1,"Um, my thoughts about Jack didn't really change again. He just seems to care a lot about his wife and he's emotional about losing the baby but now I know where I recognized him from.",sub-3022,1.0,1217
3022,5,2,"Kevin, uh, seemed to be pretty calm before his meltdown so maybe we're going to learn why he had the meltdown. And we know that he met Alan Thicke before the show was recorded.",sub-3022,4.0,1218
3022,5,3,"Randall, I don't know how exactly he's related to this other guy but he is trying to get to know him and trying to get answers it seems.",sub-3022,3.0,1219
3022,5,4,"And, Kate nothing really changing right now. She's just on this path to trying to lose weight and I guess it's difficult but she's trying to stay committed.",sub-3022,2.0,1220
3022,6,1,"Um thoughts about Kate didn't really change. They were talking about counting calories, and she says that's a turn on. So she has maybe committed to her, her new lifestyle of course, and this is just giving us context for that that she had a good date with this guy, but she's not sure if she wants it to go farther.",sub-3022,2.0,1221
3022,6,2,"Jack, uh, still, nothing has really changed with Jack. He just, still cares about his wife and is obviously distressed when something is going wrong during labor.",sub-3022,1.0,1222
3022,6,3,"Randall, this is probably a bigger scene for Randall because we find out that that's his dad, his biological father, and he's acting as though he doesn't need him and he doesn't care and he just wanted to come and tell him how great his life has been. But then at the end we find out he actually wants to go talk to him more, and there must be a reason that he wants more closure with his father.",sub-3022,3.0,1223
3022,6,4,"And then Kevin, we learn that he probably is not treated very well by his staff, or maybe he's treated like an object. He, there must be a reason why he had his meltdown on screen, and so we're learning uh kind of why he ended up having his breakdown.",sub-3022,4.0,1224
3022,7,1,"Um Kate, uh I guess feelings didn't really change. She takes the bottle away from Kevin, who's asleep. So obviously she cares about him, she doesn't want him to use alcohol as a coping mechanism. Um, yeah.",sub-3022,2.0,1225
3022,7,2,"Randall, we didn't see much from Randall, but it made me wonder about how it was for him to be raised as a black man with two other white siblings, uh, as triplets. So yeah we learned that he was now raised as their, as their brother.",sub-3022,3.0,1226
3022,7,3,"Kevin, I just learned that he was one of the triplets. That was the big revelation.",sub-3022,4.0,1227
3022,7,4,"And then Jack, oh, they mentioned this, I think Kate mentioned something to Kevin about their dad talking about making lemonade out of sour lemons. And he must have been quoting the doctor who said that to him earlier when he was outside of the delivery room and making a good thing, a beautiful thing out of a difficult situation. Jack must be the kind of person who, who felt that seeing, losing a baby boy and then finding a baby boy who turned up at the fire station on the same night. That it was kind of a sign, and so he must be someone who is willing to, who is open to that, and who is willing to adopt another baby. Because he was really grieving the loss of the first one, and he's willing to take on the challenge of raising a non-biological son with his other two triplets.",sub-3022,1.0,1228
3022,8,1,"Um, nothing really changed about Kate. I guess we know she's com- committed to not eating sweets and she at first was seemed annoyed that her date wanted to get dessert but then she realizes he's on the same page as her.",sub-3022,2.0,1229
3022,8,2,"Randall, um, this just this scene just confirms that he's been very successful, he probably makes a lot of money and a lot of people care about him on his birthday. So he's probably good at what he does and he's probably a good boss and probably deserves it.",sub-3022,3.0,1230
3022,8,3,"Jack, uh, nothing changed. i guess we just know that he really loves his wife and he's very concerned about her XXX.",sub-3022,1.0,1231
3022,8,4,"And then Kevin, we're kinda seeing why he, uh had his tantrum, he might be someone with more integrity that is just getting fed up with being asked to do low brow low level comedy. He wants something more intelligent and maybe he wants to be seen as a better actor or get better at acting or at least just not be mistreated by his producers.",sub-3022,4.0,1232
3022,9,1,"Kevin, it seems like he, his standards are getting higher. He doesn't want to be involved in this cheap show anymore. And he's realizing that it was his fault for taking the job just as much as it was for the writers and for people to create this role.",sub-3022,4.0,1233
3022,9,2,"Randall, this cemented that he has this maybe cold exterior. He's been really hurt. But he's a really sweet, kind guy on the inside.",sub-3022,3.0,1234
3022,9,3,"Jack, uh, we- Jack didn't really talk during this. So I think he just is still the supportive husband.",sub-3022,1.0,1235
3022,9,4,"Kate is excited that this guy likes her. And this is kind of foreshadowing that maybe these two will go on a date. And he's interested in her. She seems kind of interested in him as well. But she says right out the gate that she needs to be, well, she can't be with someone else that's also fat. Or, and maybe that means that's not going to help her change.",sub-3022,2.0,1236
3022,10,1,"Kate, um. Thoughts didn't really change just with her falling off the scale. Maybe that was a personal low for her and kick started her journey.",sub-3022,2.0,1237
3022,10,2,"Jack, uh we learned that he is, he's very stubborn and very loyal and an optimist to a fault 'cause he wanted everything to go perfectly and he wouldn't accept dealing that there were legitimate risks.",sub-3022,1.0,1238
3022,10,3,"Kevin wants more out of life from himself, wants to hold himself to a higher standard, and um is afraid that everything that he was doing before was indicative of his potential as a, as an actor in his career.",sub-3022,4.0,1239
3022,10,4,"And then Randall, we know that he, he doesn't exactly know why he contacted his father. It's probably because he has that genuine desire to connect with him and be in touch with his family again. Even though he's angry and very hurt, he probably needs XXX and wants to mend it, and that's why he did it.",sub-3022,3.0,1240
3025,1,1,"Um it seems like Kevin is a player. Um he is um ceasing to enjoy the bachelor life. Um, and it seems like he has a good relationship with Kate and therefore they contact each other's uh phone still. Um, other than that, I don't have any other thoughts about Kevin because it was just a snippet. I wish I, I saw more.",sub-3025,4.0,1241
3025,1,2,"Um, it seems like Kate is in some kind of group therapy session. Um, it seems like she is playful but um there has to be a reason why she is there at a group therapy session to begin with. So there might be something going on with her emotionally and psychologically um that makes her stay there. Um yeah.",sub-3025,2.0,1242
3025,1,3,"Randall is very serious. Um, the only time that I saw Randall was when he was with his dad. Uh, they were talking about some heavy issue. Um, don't know what that is yet. Um, the dad mentioned that he was, you know XXX clean. I'm not sure what does that entail. Um I think more will be revealed as I watch more videos. Um but it seems like he's a very uh Randall is a very thoughtful person almost. He has a okay relationship with the dad. Um and it seems like he does have a personal strength to be helpful to everyone around him.",sub-3025,3.0,1243
3025,1,4,"Jack is very caring. Um, as we're seeing in the videos, um it seems like he was there the whole entire time during his wife's labor. Um he didn't even leave her one bit. Uh was very caring towards her to make sure um she feels okay, and she feels loved and that she is not alone. Um the relationship of him and the wife seems to be good and will blossom as the um the kid is born. Um it seems like he's also worried but I think he also seems to be excited to um welcome the new child to, to the world.",sub-3025,1.0,1244
3025,2,1,"Um, yeah I think that my thoughts about Kate changed a little bit because she doesn't care about her body. She does care, it seems like she cares. She's trying, um. And she's not just some asymthetic, asympathetic kind of person. Um, her relationship with the husband is very good. Her relationship with Kevin is okay. It seems like Kevin can be as supportive but I think um he's not very good at you know supporting Kate in this XXX actually.",sub-3025,2.0,1245
3025,2,2,"Jack um no, my thoughts about Jack didn't change. Um, he actually broke down when he heard that their baby passed away and couldn't make it out of the womb. Um, but he seems to be an understanding character. Um he seems to be very caring of his wife as well. So not much changed actually.",sub-3025,1.0,1246
3025,2,3,"My thought about Kevin didn't really change. I think he he does scream to me as a fuckboy character. Um he does enjoy his single life. He does enjoy that luxury life with all, with you know fame and money. Um he appears to like the relationship between Kate and Kate is like XXX kinda way. Like he cares about Kate but I think he cares more about himself.",sub-3025,4.0,1247
3025,2,4,"Um, Randall, um it seems like, yeah, my thoughts about Randall changed a little bit because he seems to be also be able to express emotions unlike the previous scene where we saw. Um, and at least he XXX from this snippet we can tell that Randall um cares a lot about his family too. And his family is like his go-to whenever he has problems. So like, you know.",sub-3025,3.0,1248
3025,3,1,"Um, my thoughts about Kevin didn't change, really. Um, he does seem to care uh about Kate, uh before like finding Kate in order to vent uh for himself, not so much about Kate, I think.",sub-3025,4.0,1249
3025,3,2,"Um, my thoughts about Randall has actually changed, cause, but not changed in a bad way, changed in a positive way, because he um, seems, it just seems, seems like he's not all about work, work, work, or you know his own family, XXX dad, or all XXX all the time, he actually likes enjoying life, know how to do that, um and also enjoying his time with his family.",sub-3025,3.0,1250
3025,3,3,"Um, my thoughts about Kate didn't really change. Um, she does care about her, her, um personal connection very much, and she wants to make a change um on her weight.",sub-3025,2.0,1251
3025,3,4,"Thoughts about Jack didn't really change that much, um although I actually applaud this man for caring so much about his wife, and you know I think uh that's actually a good trait to have, um, even though most of XXX out there actually care more about the kids um and then the newborn, than the wife, but I actually applaud him for that.",sub-3025,1.0,1252
3025,4,1,"Um, my thoughts about Kevin, I guess changed a little bit because um he does value um XXX real life wha- whatever, he's doing or doesn't really have that much meaning behind it uh he's XXX fake but he's like a fake himself. Um, yup.",sub-3025,4.0,1253
3025,4,2,"Um thoughts on Kate actually changed quite a bit because she is very determined uh she's not just like you know talk and share what she thinks is ahead but now she actually makes actions towards it. Um, she's very determined so I like that.",sub-3025,2.0,1254
3025,4,3,"Um, thoughts about Jack. Oh, I love Jack. Um, he's actually the man of the house um and his relationship with his wife is very good and XXX that he cares so much about his wife but he doesn't really care that much about the baby. Um and he cares so much about his wife XXX so much and treasure their relationship to a point that he would do anything it takes in order to rekindle the fire between them. Um, yeah.",sub-3025,1.0,1255
3025,4,4,"Randall um. Trying to mend his relationship with the biological dad it seems like. Um, he has a very good intentions seem like it. Um, even though anyone like Randall, um would understand that it was actually very hard to kind of mend anything that broken and apart for so long like that. Um, so it's, I totally understand for Randall um, but I actually admire his effort in trying to reach out or trying to mend, trying to mend and help um, glue the relationship between him and the dad, biological dad.",sub-3025,3.0,1256
3025,5,1,"Um, thought about Randall, didn't really change. Um, he tried to like definitely trying to mend his relationship with his dad. And also kind of introduce him into his life. Um, having the people, current people in his life know about the XXX of his biological dad. Stuff like that.",sub-3025,3.0,1257
3025,5,2,"Um, change about, XXX thoughts about Jake um didn't really change. Although, it seems like, the show Manny was made and produced by him. Cause Jason, the co-star, seems to be thanking him for doing what? I'm not entirely sure but, it seems like everyone is actually grateful for him on the set, so.",sub-3025,1.0,1258
3025,5,3,"For Kate, um, really, nothing really change. Uh, we kind of just saw a snippet of her um slipping into the reality of the um attempt to lose weight. Um, this is like first step. And yeah, she is determined it seems like. Um, this scene didn't really show her that determination yet. I think the previous one where she dumped out all of her junk food was the, the one that kind of showcased her determination.",sub-3025,2.0,1259
3025,5,4,"Thought about, thought about Kevin, didn't, oh wait did it say? Maybe, maybe whatever I meant earlier was for Kevin and this is for Jack. Um, thought about Kevin didn't really change. Um, he um, he seems like he's trying to find a meaning for his life. Um, by, you know, um pinpointing out what is fake about his his life. So that's pretty much it.",sub-3025,4.0,1260
3025,6,1,"My thoughts about Jack didn't change quite bit. Um, he's actually a very good man. Um, he's a good man throughout, um, and he's very consistent through a bunch of snippets. He didn't change his relationship with his, he loves his wife so much, their relationship is very good. He does everything he could in his ability to make sure the safety of his wife and to make sure that their relationship is still on, on, on good terms.",sub-3025,1.0,1261
3025,6,2,"Um, thoughts about Randall didn't really change. He is actually a family man and I think that's kind of, um, what's it called, like, XXX come back in order to find his biological dad. Um, in order to be the family man, family is so precious and important to him, therefore, he's doing his best in order to XXX important in his life like a biological dad.",sub-3025,3.0,1262
3025,6,3,"Uh, thoughts about Kevin didn't really change. Um, I don't remember, um, about anything about Kevin in this one. Or maybe it was, it wasn't that impressive to me to record that, you know, there's something about him that would change my mind.",sub-3025,4.0,1263
3025,6,4,"And Kate, um, Kate seems to be like a, a playful person, um, but also very cautious. Um, but she's a playful per- person in general. Um, yeah, I think in the snippets we get to see, um, the relationship between Kate and her date kind of evolve, evolve over time a little bit. But that's that.",sub-3025,2.0,1264
3025,7,1,"My thought about Kevin, um, changed a little bit. Um, he does seems like he, he, he is a uh family person too. Um, I think he does, trying to put the meaning of his life, but he also doesn't um forget that he also has uh Kate who he can resort to if he wants to. Um, and also the extended family fr-from Randall's side.",sub-3025,4.0,1265
3025,7,2,"Um, thoughts about Randall um changed uh a little bit. So he seems to be very caring and a humane kind of person who help and try to mend with his family um old family member who either deserted him or um everything is actually moving towards a positive note with everyone else.",sub-3025,3.0,1266
3025,7,3,"My thought about Kate really didn't change. Um, I don't see that much going on with Kate in this snippet.",sub-3025,2.0,1267
3025,7,4,"Um, thoughts about Jake, Jack. Um, Jack has been very good in my mind. Um, he's still good and he actually shows that he's a family figure. Uh, he's a, a what is it called, father figure um who will look out for other kids like the black kid in order to make sure that um he has a good home and do not desert him. Um, like how other people would do and also adopted him and came forward to XXX um how their um their adopted parents adopted Randall earlier.",sub-3025,1.0,1268
3025,8,1,"My thoughts about um Jack never change. Uh would only go better, become better. Jack um cares so much about his wife, he loves his wife so much. Um, and he even finds his wife very attractive um even though she is pregnant. And like I mean I mean that's like pretty much you know what a man would do, especially during the wife's labor. So every man should actually love Jack.",sub-3025,1.0,1269
3025,8,2,"Um, my thoughts about Kate um didn't really change. Um, she's very determined. She is not just determined at home uh by throwing out all the junk food. But she is also determined in social, in public. Um she is determined to say no to all the food. Um, XXX to dessert to cut down the calories and also influence other people, suggest her date to also cut down the calories um so that both of them can stay on the same track of losing weight together.",sub-3025,2.0,1270
3025,8,3,"Thoughts about Randall um changed a little bit because um in this, one of the snippet we can actually saw how people celebrating his 36th birthday. If you are an asshole boss, I think you are not going to get that. So that speaks a lot about his relationship and how he cares about other people in his um, in uh, company. And they care about him too apparently. Um, and they they celebrate his 36th birthday even though it's not like an even number. Just like 36th, right? But I think he is a very special figure um in the company, um important figure in the company but not only that, he is also very good with other people and we can see the way that they treat Kendall, uh Randall, um by bringing him the cake. He is a very busy man as well. Um, it seems like he also has a treadmill in his office. Um, but most of it, the work that he does it seems like he is like a stock or a broker of some sort. Stock, broker, exchanger, of some sort. So, very important figure, in the, in the company.",sub-3025,3.0,1271
3025,8,4,"Thoughts about Kevin did change. Um, he doesn't go and do everything about um, do, go and do everything for money. He actually find a meaning behind what he's doing. And he is not going to yield to anyone who is um using him in order to buy themselves fame um and money.",sub-3025,4.0,1272
3025,9,1,"Thoughts about Kevin did not change from previous times. He's still a very, seems to care uh about what he does. Um, yeah.",sub-3025,4.0,1273
3025,9,2,"And, XXX about Kate also didn't change. Just XXX seems, she seems very lively, uh, not serial. She's not serious at all, which is a good thing. Um, and Kate would make a, a, a good looking relationship with, like, um, what is it called? Perfect match for Toby. So, that would work.",sub-3025,2.0,1274
3025,9,3,"Uh, thoughts about Jack didn't change. Um, he was still, at his wife's, um, uh hospital room. He'd be there to support her, and comfort her. Um, especially if she's going through a very, uh you know, a, a bunch of, like, turmoil emotions right now.",sub-3025,1.0,1275
3025,9,4,"Um, thoughts about Randall, um, he might seem cold, a little bit standoffish, but if you get to know Randall, he's actually a very warm person. And he cares so much about his family, too. So, that's why he paid all the money for someone's time and effort to find his biological dad.",sub-3025,3.0,1276
3025,10,1,"Thoughts about Kevin didn't really change, um it didn't really say much of, well in this movie or in this snippet we kind of found a relationship of of Kevin and Kate, the conversation between Kevin, Kate, and Toby all together in the, in one same room. And how Kevin really re- um, um, see Kate as someone who she um would, would be like a comfort for him um to go to, and Kate sees Kevin the same thing as well.",sub-3025,4.0,1277
3025,10,2,"For Randall, uh nothing really changed about Randall, um he is the family man um and it's been shown throughout.",sub-3025,3.0,1278
3025,10,3,"For Jack, um he cares very much about every decision in order to make sure that his wife is safe, first and foremost. Um, and also, you know, the, the baby second.",sub-3025,1.0,1279
3025,10,4,"Um, there's nothing, my thoughts about Kate didn't really change, um it's still the same thing, um she's very loving, caring person towards Kevin, because Kevin is her little brother.",sub-3025,2.0,1280
3028,1,1,"Um, Randall is having an argument with the man that appears to be older than him. Possibly his father, although I don't believe there's any indication about their relationship yet, just that they have a history. Um, and he appears to be having slightly aggressive, if not disappointed, emotions towards the older man. Um, he's dressed very nice, and I like the atmosphere in which he was presented the gloomy, rainy day to surround the anxiety of their conversation with each other.",sub-3028,3.0,1281
3028,1,2,"Uh, Kevin is a new father, I think. Oh no, I'm sorry, that's, um, Jack. Kevin is a frat boy type individual who I'm assuming is an actor? He's on a boat with two other attractive women talking about the Challenger Explosion, which maybe he played a role in a movie for, or maybe just had a strong connection to, I don't really know, but his character seems kind of shallow. Um, yeah.",sub-3028,4.0,1282
3028,1,3,"Jack is the new father, and Jack appears to be a loving partner with, um, the woman who gave birth. Um, he seems kind of anxious about the health of his uh partner, and I like the comic relief of him picking up the anal examiner.",sub-3028,1.0,1283
3028,1,4,"Kate was the overweight woman at the, um, group meeting who appears to be expecting discomfort in her weight based upon behavioral abuse as a child by her mother, from her perspective. Um, it was inappropriate and yet funny, the other overweight man's interjection. Um, the whole situation seems comical, and yet is supposed to be a very serious situation.",sub-3028,2.0,1284
3028,2,1,"Um, I feel like my thoughts on Kate are still the same. She started out at a weight loss convention and the next time we saw her, well actually she did formulate a possible romantic relationship. Um, so that did change a bit, but yeah, she's very, very self-conscious about her body and is very self-loathing and will possibly begin to take actions towards that.",sub-3028,2.0,1285
3028,2,2,"Um, I feel bad for Jack. Uh, it's not entirely clear what, what happened, but he's in a really difficult point in life and the surgeon next to him explained how his wife had rec-- had died. Um, and so Jack is in a very difficult point in his life where either his newborn child or wife or both have died. So he has a hard time right now.",sub-3028,1.0,1286
3028,2,3,"Um, Kevin, he, he brings his Hollywood mentality with him even when speaking to his family. He didn't know what to say to his sister. He asked her what to say, like asking for lines on a movie set. So he's very superficial and depends on other people to dictate what he is supposed to say and how he's supposed to behave.",sub-3028,4.0,1287
3028,2,4,"Randall is going through a very emotional point in his life. He has just relinked with his estranged father and is having a very difficult time coping. He had a laughing fit paired with crying, so he does not know what to feel right now. He is lost and is trying to figure it out. But thankfully he has what appears to be a loving family there to support him.",sub-3028,3.0,1288
3028,3,1,"Oh, it's nice to see Randall in a positive situation. Seeing, watching his two kids play soccer across from each other. I like the dynamic between him and his wife. Taking turns. Watching each child. Um it's good to see him in a more positive light because up to this point it's been very dark for this character.",sub-3028,3.0,1289
3028,3,2,"Um, Kevin, I guess, has just revealed he also has some self-loathing characteristics to him. Um, he feels like he isn't amounting to what he should be, even though he's a giant Hollywood actor and has two attractive women dancing for him on his birthday in his private room, what appears to be. Um and so since he is Kate's sister, I guess it runs in the family a bit.",sub-3028,4.0,1290
3028,3,3,"Um, I feel like my opinions on Kate are still about the same. Haven't seen too much character development from him. But it does appear that the romance affair that she has did in fact begin at the um group therapy.",sub-3028,2.0,1291
3028,3,4,"Um, Jack, I think, is still going through the same thing that I believe previously. He just lost a child that he expected to take care of and raise. So he's just like processing a lot of really hard, acute emotions.",sub-3028,1.0,1292
3028,4,1,"Um, yeah it's, it's interesting. I feel like my opinions on Kate have changed just based on the dichotomy between Kate and Kevin. Um, it's very interesting how they are, they appear to be polar opposites of each other and yet attract each other. As brother and sister.",sub-3028,2.0,1293
3028,4,2,"Um, yeah Kevin seems to be having a bit of an identity crisis. He loves the idea of acting and yet is I believe now realizing that he is not in control of anything that he does. He is a puppet.",sub-3028,4.0,1294
3028,4,3,"Um, I think my thoughts on Randall are about the same. Um, but I, he does appear to have always wondered who his real parents were since he has adoptive parents.",sub-3028,3.0,1295
3028,4,4,"Um, I can't even remember a scene we had with Jack in this battery. So they're the same.",sub-3028,1.0,1296
3028,5,1,"Um, I don't think there was a scene with Kevin in this one, but I kinda think maybe he's the one that puts the Post-It notes on all the food for his sister Kate, so he seems to be trying to help her at least.",sub-3028,4.0,1297
3028,5,2,"Um, I feel bad for Kate. Her self loathing is so visceral, you know, she feels such guilt, even though previoushly, previously she states that her weight is a product of her upbringing and the behavioral quirks of being raised by a mom that constantly was overbearing on her about her weight. Or maybe about the food that she ate. Yeah, I feel some sympathy for her.",sub-3028,2.0,1298
3028,5,3,"Um, I think my opinions on Randall are still about the same. I, I feel like I've pieced together his narrative. He's adoptive, has a loving family regardless of a possibly hard childhood without real parents or his biological parents. But now is still very interested in at very least attempting to form a connection with his biological father.",sub-3028,3.0,1299
3028,5,4,"Um, yeah, I, I feel like this scene with Jack is still more of the same. Um he's still just mourning the loss of his one triplet that passed away during labor. And I like how he has a older doctor mentor to help talk him through this really difficult time. He actually hasn't said a word in this scene. He just expressed facial emotions. So, yeah, I'd say about the same.",sub-3028,1.0,1300
3028,6,1,"Um, this is the first time where we saw some of Kevin's actual personal emotions in an independent way not being directed towards someone else. Um, this is where Kevin realized that he was pretending all this time. And then wanted to be real.",sub-3028,4.0,1301
3028,6,2,"Um, we had a bit of a sweeter scene with Jack here. Um, him showing his love and affection towards his wife even though she's very pregnant with three babies. Um, yeah, that's what I have to say.",sub-3028,1.0,1302
3028,6,3,"Um, this was like a scene right after she took the date with um the man from the um weight loss group. So it's kind of a scene where she feels not self-loathing but actually happy for herself it seems like. So a bit more of a positive again.",sub-3028,2.0,1303
3028,6,4,"Um, my thoughts on Randall changed XXX I thought he was experiencing only like sadness. But this was very much aggressive and you could tell he felt like he owed the world something. And he had to prove himself. Which it seems like he did when he confronts his father and shows how much money he makes. And how he didn't need anything from him. But then immediately accepts the father's invitation to enter his home. So yeah, the original apartment they were discussing in the first scene that I watched was the father's apartment.",sub-3028,3.0,1304
3028,7,1,"Um, I, I think it's just nice to know now finally who Randall's adoptive parents were.",sub-3028,3.0,1305
3028,7,2,"Um, my thoughts on Kevin are about the same.",sub-3028,4.0,1306
3028,7,3,"Um, I think that Kate in this scene kind of shows that she, she is starting to show herself some self-love, which she desperately needs.",sub-3028,2.0,1307
3028,7,4,"Oh man, this is an absolute transformation for my perspective on Jack. I had no idea, he hadn't really said too much up, up until this point in the movie, but even in this scene he didn't say too much. He did reveal to his wife that their third child had died though. Um, but, yeah, it, it brought a tear to my eye to see that Jack was Randall's adoptive parent and that he, in fact, like the doctor even said, like, in a way you're bringing home three children. But the third child was what he made of the terrible situation he found himself in. But he ended up actually bringing home a third child, which was Randall. I, I don't know, I, I feel like this, this one scene connected so many previous scenes together, which seemed completely disconnected.",sub-3028,1.0,1308
3028,8,1,"Um, no I think Kate's about the same, same idea, I don't think any new ideas were introduced with Kate.",sub-3028,2.0,1309
3028,8,2,"Um, I don't think I have any new thoughts about Randall either. Oh, except that, uh, no. Just a re-solidification that Randall is 36 years old.",sub-3028,3.0,1310
3028,8,3,"Um, no, nah, no different thoughts about Jack either.",sub-3028,1.0,1311
3028,8,4,"Same with Kevin, um, just more about him realizing that he's pretending to be something that he's not.",sub-3028,4.0,1312
3028,9,1,"Um, no change at this point. Kevin is still discovering how fake he's been acting and wanting to be more authentic.",sub-3028,4.0,1313
3028,9,2,"Mmm, no change in Kate. Still a bit self-conscious, but learning to appreciate herself through her romantic encounter.",sub-3028,2.0,1314
3028,9,3,"Um, I don't think there was a scene with Jack. Well he was, no, he was there with the doctor, but he didn't say anything. He laughed.",sub-3028,1.0,1315
3028,9,4,"Yeah, Randall, Randall's, I think probably the most complicated character. Um, he, while loathing his father who abandoned him, I guess was raised by a very good father himself, and still sees compassion in this sad old man and invites him to meet his biological grandchildren, so he might be angry, but he's not unkind.",sub-3028,3.0,1316
3028,10,1,"Um, I mean I feel like Ran- I feel like all these characters' overall arcs have been completed but um yeah, Randall, he just had some deep rooted issues with not knowing who his real father was and didn't even know it himself but went through the motions of finding his real biological father and I believe ultimately realizing yeah, he, he can maybe forgive him and allow him to be a part of his life.",sub-3028,3.0,1317
3028,10,2,"Um, yeah, Kevin's still the same. He was like a, a Ken doll who realized he was a Ken doll and when he finally tried to be a bit more authentic to himself he was shot down and is kind of facing the transformative pain that comes along with that.",sub-3028,4.0,1318
3028,10,3,"Um, XXX, I learned how much Jack truly wasn't ready to lose a child, um. The reality that this was a very complicated procedure to begin with uh was relatively a new idea presented here and Jack's inability to conceive any bad thing happening even given the known risks is it shows how headstrong he is and how unwavering he can be even though I know one of the kids died so interesting to see this scene after knowing the child already dies and how unwavering he was in his fate even though it didn't pay off.",sub-3028,1.0,1319
3028,10,4,"Um, with Kate, um, I don't think too much else happened with Kate. Um, she's pretty well developed at this point being self conscious about her body and the journey moving forward about changing that. It's not like she loses weight in this movie but her perspective on her self worth changes slowly and at least she can help her brother when he's also in need since he helped her.",sub-3028,2.0,1320
3031,1,1,"Well, Kevin's clearly a stud, um but seems to have sort of deeper XXX and like deeper goals in life than just doing, like, part- like, than just partying all day. Um, definitely not like changing the world, all amounts to nothing so he's clearly kind of like feeling some sort of desperation about the grand dreams that he's had. I don't know.",sub-3031,4.0,1321
3031,1,2,"I couldn't tell is Kate the lady that's delivering the baby or not. Could not tell. Um, yeah, if she is, then she's obviously going through some XXX tough experience in life, and um something about her delivering the baby six months early or six weeks early rather must be somewhat of a traumatic experience.",sub-3031,2.0,1322
3031,1,3,"Um, Jack seems to be very caring. He uh, he's there for the lady- or he's there for his- assuming his wife whenever she needs him XXX at the hospital. Um, yeah.",sub-3031,1.0,1323
3031,1,4,"Randall seems intense, but rightfully so. I think he was- I believe in the first scene. From what I could tell is he was talking to his d- dad, who uh somewhat, previously estranged because his dad was like a former addict. He doesn't remember when he had Randall, um and probably doesn't remember a lot of his childhood, so obviously that would make a man intense, and especially towards the father who he didn't really have when he was growing up, XXX very young.",sub-3031,3.0,1324
3031,2,1,"Um, my thoughts about Kevin have changed a little bit, like, obviously in the first 10 minutes, if you had just shown us some sort of playboy, like, frat star, like, gets a lot of girls, goes to parties, but it also did show a more vulnerable side of him and then here again, his vulnerability was shown because, um, he asks during his, like, while he's in the middle of filming for, for whatever movie or show that he's on set for, um, he asks for a cut because he dissociates and then another moment of vulnerability is him being a caring, um, he's, I guess he's not vulnerable, I think his sort of caring side, him caring for his sister, um, when she's going through a tough moment in the last few XXX of this whole episode.",sub-3031,4.0,1325
3031,2,2,"Um, Kate, I guess my thoughts about her have pretty much stayed consistent, clearly she has issues with her weight and she's sort of trying to deal with the baggage that comes with that because she feels like, like, oh shit, like I'm 36 and I haven't, um, like XXX I don't have any kids, I'm not a mom, I'm not, she, she just feels like she hasn't done much in life that she originally aspired to do.",sub-3031,2.0,1326
3031,2,3,"Um, my thoughts about Jack have changed a little more, just like, not really changed that much, but like they've developed in the sense that, okay, yes, he's caring, he clearly cares about his wife and the baby that she's about to deliver, but, you know, now seeing him all sad, it kind of makes me realize, like, how intensely he really is, um, taking the situation and stuff.",sub-3031,1.0,1327
3031,2,4,"Um, well Randall's intensity that he showed in the first, uh, in the first ten minutes kind of fell apart a little bit, XXX he's clearly traumatized, XXX significantly traumatized by, you know, his relationship with his father, given that he was hysterically laughing about, you know, the events he and his father talked about, and, uh, I guess just, I'm curious to see what sort of, what more there is to his relationship and his upbringing.",sub-3031,3.0,1328
3031,3,1,"Um, not much of a change. I guess just more of a, the, I guess there was more exposition about who Randall is. Like he's you know obviously he's gone through some stuff when he was young and he wasn't raised properly. But you know he seems to be really trying his best to raise his own kids and not make the same mistakes his own father has made. And such, to such a strong degree such that he and his wife take turns watching each of their daughters play. At the same game so that both of their daughters feel loved and respected even when one of them is not even playing the sport that they're supposed to be playing. So, you know, just shows some really good parenting there.",sub-3031,3.0,1329
3031,3,2,"Um, again, not much change. Just more exposition. Interesting that Kate... Oh I guess not interesting but just you know got to see that Kate is finally uh you know entering some sort of relationship with the guy from her class. And that was good to see.",sub-3031,2.0,1330
3031,3,3,"Um, you know not much change, I guess just. Okay wow he had a meltdown on his set. Uh on the set for his show. Like he's going through something. It's just a question as to what he's going through. Seems like a XXX or midlife crisis. Um, you know he's always been the pretty boy. Now he's kinda like, he doesn't really, he doesn't really want to be the pretty boy, he kinda just wants something besides the archetype, stereotype that he fits into.",sub-3031,4.0,1331
3031,3,4,"Um, not much of a change about Jack, 'cause, you know, sucks that his one of his you know ch- children passed away in the process of of you know his wife delivering the babies. Um, and clearly he's going through something. XXX clearly it's a very traumatic event given that even though two of his babies survived, he's clearly much more upset about one of his babies dying. Which would totally make sense. Not at all discounting that but... just, just was sort of... I guess that sort of just showed how traumatic losing even just one of your child's, children can be.",sub-3031,1.0,1332
3031,4,1,"Uh my thoughts about Randall have not really changed. Um, yeah.",sub-3031,3.0,1333
3031,4,2,"Uh my thoughts about Kate um have changed a little bit. Like, literally it's not just words when she's talking about how she wants to combat her obesity but rather she's taking actions to do so by throwing out all of her, all of her unhealthy food and ensuring that she's not going to rummage through the trash bin later to retrieve the food she's thrown out. Um.",sub-3031,2.0,1334
3031,4,3,"Um, I guess it showed um a little bit of a different side to Jack in the sense that he's not, I mean they've only shown scenes where he's sort of been sad or like just as like a pillar of support for someone going through a tough time. Um, you know in that scene where it's his birthday, he's sort of laughing, he's a little more giggly. So I guess it was good to see sort of that other side of him, um sort of round him out as a character a little bit more.",sub-3031,1.0,1335
3031,4,4,"Um Kevin again, just, you know, we're seeing more and more and more about how he's more human than I guess his, I guess this is the archetype of someone who's like him would be or his stereotype would be. Um, you know, he had that little meltdown as I, as I, as I previously said. Um he's clearly discontent with having to constantly put on the facade that he's perfect, that he's you know just a pretty boy. And he's constantly, he's, sorry, he's uh he's clearly discontent with everybody just you know perceiving him as that and only that.",sub-3031,4.0,1336
3031,5,1,"Um, not much change, I guess, just more development in terms of like, okay, I'm trying to figure out like why, how he even ended up meeting his biological father. I saw in his office, he asked his assistant to clear out his schedule because he saw some sort of picture of him, but I don't really know what that picture was, um and don't really know how that picture would give him the location of his biological father. Um, yeah, and not, not 100% sure about that connection there, but just guess, I guess kind of piecing, piecing together the, the puzzle in terms of how he met him.",sub-3031,3.0,1337
3031,5,2,"Um, not much change in terms of my thoughts of Kate, just continue, continually being impressed by how committed she is.",sub-3031,2.0,1338
3031,5,3,"Um, not much change in- with Kevin, I guess just me realizing, I should have pressed aha tha- uh when I realized this, but the guy who he had mentioned during his meltdown, like that really famous actor, was, he was meeting him in the, in the changing room, or like in like the make-up room before he went on set in that scene that was shown in this episode. I don't really know yeah what more there is to that relationship.",sub-3031,4.0,1339
3031,5,4,"Um, not much change um about Jack. Just curious about what that, what impact that conversation will have on him going forward.",sub-3031,1.0,1340
3031,6,1,"Um, not much changed about my thoughts on Kate. Just, if they are, if they are all siblings, um it's interesting to see how, how close she is with um Kevin. And then also just with the guy she went on the date with. You know, clearly she has, is, you know, more reserved um in the sense that they did go on a date and she's ready to just uh send him off on his way right as they get to her front door, but he's sort of trying to keep it going, trying to uh sorta make moves on her. And, and, you know, I guess she's not used to that.",sub-3031,2.0,1341
3031,6,2,"Um, my thoughts on Randall, haven't changed much. Uh I guess just confirmation that he's really rich. I, I kind of got the vibe that he was well off, but him saying that he has a $143,000 car that he bought with all cash means he's freaking loaded. So, I guess, uh I don't know, it's interesting. Interesting thing to note.",sub-3031,3.0,1342
3031,6,3,"Um, thoughts on Jack, haven't changed much except he clearly is extremely loyal and loving. He loves his wife. And so, you know, he ended up having to get kicked out of the delivery room, rightfully so. Uh, that was interesting to see. And then also just curious, like, I, I really want to know now if he's a triplet.",sub-3031,1.0,1343
3031,6,4,"Uh, thoughts on Kevin, uh haven't changed much. Just, same old, same old. He's clearly just not the pretty boy that, uh, XXX he obviously is a pretty boy, but he clearly doesn't want to be just sort of taken as only a pretty boy.",sub-3031,4.0,1344
3031,7,1,"Um, thoughts about Jack, well, I mean, now I'm realizing, okay, that's all 36 years ago. So, Jack, isn't, um on the same timeline as Kevin, Kate, and Randall. Um, and, I mean, yeah, clearly, it seems like he's, he was a great father. He raised three kids with heads on their shoulders. And, like, I don't know why. I'm just curious to see, you know, how, how the movie pieces it all together.",sub-3031,1.0,1345
3031,7,2,"Um, even though Kevin is this most, like, he's the most picture perfect out of all the three, or at least definitely more picture perfect than Kate, he seems to be, honestly, the least happy out of them three. Um 'cause Kate is sort of finding um love, or she's sort of striking a chord with this guy. Randall, he does have a family, he does have kids who he loves very much. Even though he's unhappy with his situation, at least he's sort of like, he's just met his biological father. He has his whole life kind of set up. Even though Kevin has like a great job, he's a fu- a freaking actor. But, um, um he, he's just like very unhappy, and like I, I don't know, I guess, I want to know more about why he is as unhappy as he is, and like what steps he takes to ameliorate that problem.",sub-3031,4.0,1346
3031,7,3,"Um, no, I mean, Kate, Kate seems to be finding happiness with another guy from her class. And they both seem to be, you know, uh conscious of what they eat and what they consume, and things seem to be on the up and up for her. Yeah.",sub-3031,2.0,1347
3031,7,4,"Um, Randall clearly, you know, at least from the, from the most previous scene where he gives his biological father like a blanket, clearly, sort of allowing him to stay in the house, um, clearly their conversation went well. Although, you know, going back to the scene several episodes ago where he's hysterically laughing with his wife about how he said, when he said like, oh, I let that man stay in our house, I don't know if him and his biological father got into some sort of argument, I don't know if it's because he left when he, his biological father said he was dying, I don't know if his biological father died, but clearly something happens between the scene that we just watched of him allowing his biological father to stay in the house, and when he was hysterically crying that we have yet to find out.",sub-3031,3.0,1348
3031,8,1,"Um, thoughts about Randall uh haven't changed much. I guess just realized he works into finance. No wonder he's so rich.",sub-3031,3.0,1349
3031,8,2,"Uh, thoughts about Jack... Haven't changed much. Just, he is extremely, extremely like loyal. And just, you know he's trying to have, he's trying to be sexual with his wife. And she's like fully pregnant. So I don't know if he's doing it more for himself or whether he's actually just trying to make her feel like she is sexy. Because she constantly tries to say that she's not and that she's super fat because she's pregnant. And like I feel like he's trying to like just make her feel better about it.",sub-3031,1.0,1350
3031,8,3,"Thoughts about Kevin... Haven't changed much besides the fact that my perception of him was a little wrong, a little off when I thought he was like a super famous actor. He's, he's an actor. He's known but he's not as famous as he, as as I had previously thought because of the fact that his director told him that he could be replaced by other famous actors easily.",sub-3031,4.0,1351
3031,8,4,"Thoughts about Kate... um, they haven't changed much. Just, you know seems like she's in a better place. Seems like she's being much more diligent about monitoring what she eats.",sub-3031,2.0,1352
3031,9,1,"Thoughts about Randall, uh, you know, haven't changed much. Uh, just curious as to who found his father. And, uh, yeah.",sub-3031,3.0,1353
3031,9,2,Thoughts about Jack have not changed at all.,sub-3031,1.0,1354
3031,9,3,"Thoughts about Kevin, um, haven't really changed, although, um, oh, I guess my, what I was thinking about before, like, kind of during my aha moment was, like, the director wanted him to, like... this was from the last episode, um, but I guess XXX piecing it together now. Like, the director wanted him to keep breastfeeding a baby. So he just wanted him to, like, really, uh fill the stereotype. To completely feed into the stereotype that he's, like, a dumb jock. That he's so dumb that he's gonna try to breastfeed his baby. And Kevin, Kevin doesn't want to, obviously, Kevin doesn't like being perceived like that in real life. So, obv- obviously, grinds his gears, that that's really the role that he's being cast for. And so, I guess it's all making sense as to why he hates the show that he's on. And why he quit.",sub-3031,4.0,1355
3031,9,4,"Thoughts on Kate have not changed, really, at all.",sub-3031,2.0,1356
3031,10,1,"Um, thoughts about Jack? Uh, no they changed a little bit just like he's not just like the negative sort of portrayal that he was in the previous episodes. Like he, he's, I don't know it was interesting to see like him sort of stand up to the doctor. And like and obviously he really really wanted triplets and like hearing the news that his third one died probably really really upset him. And, yeah.",sub-3031,1.0,1357
3031,10,2,"Um, my thoughts about Randall haven't really changed. It guess, it just makes sense that he doesn't even, like I guess he just doesn't even know why he wants to establish contact with his biological father. And he can't even articulate a good reason why but like it makes sense. Like something like that not knowing who your biological father is probably torments you your whole life. And so like even if you don't, can't articulate a good reason why you will go to extreme lengths to find him. And he did and he paid a ton of money to even do that. Um, and yeah, I I don't know it just all makes sense it's all, it all clicked.",sub-3031,3.0,1358
3031,10,3,"Um, thoughts about Kevin. Didn't change much. Um, yeah.",sub-3031,4.0,1359
3031,10,4,"Thoughts about Kate haven't changed much either. I'm curious to see like if in the movie like I, I think this is like a shortened version this obviously wasn't the full movie. I'm curious to see like how her character develops in the full movie and whether she does lose the weight that she set out to lose.",sub-3031,2.0,1360
3037,1,1,"Um, Randall seems like he is like upset. Um, has a lot of intense feelings. Um, and the relationships with, I'm guessing, that's his father, seems to be really strained.",sub-3037,3.0,1361
3037,1,2,"Uh Kate, um I felt like she had some kind of like romantic connection with, with the other man at the group that she was at. Um, it seemed like she was in kind of like group therapy setting. Um, but that she wasn't taking it like seriously.",sub-3037,2.0,1362
3037,1,3,"Um, Jack seems to be a little bit nervous, but also like really sincere um and excited about, uh about to be a father.",sub-3037,1.0,1363
3037,1,4,"Um, Kevin. He seems to like not have a lot of like self-awareness. Uh, and uh, he didn't really seem to like have good relationships or really seem to know or care about the women that he was with in that scene.",sub-3037,4.0,1364
3037,2,1,"Um, in the scene where we saw Jack, he seemed really sad. It wasn't entirely revealed like what happened, um but it, it seems like he's upset about something. So I think something either happened to his wife or their baby.",sub-3037,1.0,1365
3037,2,2,"Um, yeah, so Kate revealed in these scenes a lot more insecurity and vulnerability, um but also a desire to change. Um yeah, so she did say that she's 36 though, so she's had like an adult for a while. So um, it does seem like these have like been ongoing issues for her for a long time that like are affecting her relationship.",sub-3037,2.0,1366
3037,2,3,"Um, yeah, Randall seems to be feeling really affected by his relationship with his dad um, and is like really trying to like um address it. Like if he's inviting his father over, it seems like he's trying to like face it like head on um and like work through whatever his feelings are.",sub-3037,3.0,1367
3037,2,4,"Um, I thought the scene of Kevin was kind of confusing, um but he seems to have some kind of like hesitation or like discomfort with what he was doing.",sub-3037,4.0,1368
3037,3,1,"Hmm, so we learn that Kevin did follow through and quit his job um when he didn't feel good about what he was doing. Um, and he also went to go see his sister Kate when this happened. So they must have a close relationship if that's the person that they went to go see and talk to about when, when he made that decision.",sub-3037,4.0,1369
3037,3,2,"Um, yeah we got to see Randall in a new light being really present with his daughters and his wife. It seems like he has a really strong and good family and that's something that he prioritized in himself.",sub-3037,3.0,1370
3037,3,3,"Um, Kate, um she seems a little bit more comfortable with Tony in this scene. So like XXX see her be really like uh not confident in previous scenes. But with XXX she just seemed a little bit more at ease with the guy that she was with. Um, and she looks a little bit happier.",sub-3037,2.0,1371
3037,3,4,"Um, yeah, nothing really changed about Jack.",sub-3037,1.0,1372
3037,4,1,"Um, no, my, my thoughts didn't really change about Randall.",sub-3037,3.0,1373
3037,4,2,"Um, my thoughts on Kevin didn't really change either.",sub-3037,4.0,1374
3037,4,3,"Um, with Kate, we saw like her actual following through with what she'd been talking about. So it seems like, like her intention is there and that she like is like going to make some of the changes that she um wants to.",sub-3037,2.0,1375
3037,4,4,"Um, oh and Jack. He's got like a more like fun like playful side of him. All the previous scenes have been like pretty intense and he's been upset most of the time um but- and this previous scene we got to see him like being more lighthearted and having fun with his wife. Um, yeah.",sub-3037,1.0,1376
3037,5,1,"Um, with Randall, I mean we just learned that like he didn't seem to let his wife know ahead of time that his father was coming over. Um, so I don't know if that's like a typical behavior for him, if he usually isn't like, like kind of like respecting his wife um, in that way, like not giving her a heads up, or maybe he just like ran into his father randomly and that's how he ended up there.",sub-3037,3.0,1377
3037,5,2,"Um, no, my thoughts didn't change on Kevin.",sub-3037,4.0,1378
3037,5,3,"Um, yeah I think we just learned even more like that he doesn't seem to have like a lot of self control um or like seem to trust herself.",sub-3037,2.0,1379
3037,5,4,"Um, and my thoughts didn't change on Jack.",sub-3037,1.0,1380
3037,6,1,"Um, yeah, my thoughts on Kate didn't really change in this.",sub-3037,2.0,1381
3037,6,2,"Um, Kevin, um, we got to see like a time when he was like really satisfied with his work, um when he did seem to be really happy um and that switch that thing that seems to like make him feel uh disillusioned or like upset was being asked to take his shirt off again. So like maybe he's like tired of feeling objectified and wants to be taken more seriously as an actor.",sub-3037,4.0,1382
3037,6,3,"Randall, um, he like came into the scene with like a lot of aggression and he seemed like he really had something that he wanted to prove to himself about how like he like even though he was abandoned and that seemed to affect him a lot, that he was able to achieve so much. But he seems like very deeply affected by that still, so it's like it's not something he moved past. And despite like going in um with a lot of aggression and like a point that he wanted to make and that was that he could just like meet his biological father, tell him how good his life is and then leave as soon as his dad like opened the door just like a little bit to him um and, and offered to let him come inside. He really quickly like accepted that. So, I think like despite his intention to come in and like prove that point, he actually, um, I think he had um other things that he was wanting um from his father, which was like some kind of connection, which I don't think he was like being super like conscious of.",sub-3037,3.0,1383
3037,6,4,"Um, my thoughts on Jack didn't change.",sub-3037,1.0,1384
3037,7,1,"Um, my thoughts on Kate didn't change a lot. We see her being like affectionate to her brother um and then also um sharing what seems like a first kiss with Tony. Um, so I think that there's like a little bit more confidence on her part like opening up to someone who I think she um is surprised that finds her attractive.",sub-3037,2.0,1385
3037,7,2,"Um, my thoughts on Kevin, didn't really change.",sub-3037,4.0,1386
3037,7,3,"Um, yeah, my thoughts on Jack changed. Um, cause we see him like going through like a really big loss of one of his children, um, I mean, expectedly. Um, but seeing that there's like a child at the nursery that has um been abandoned and that he's needs, is gonna need a home and how he's like open to, um, like just bringing that child into, into his family and into his life. Um, so that, that kind of phrase about, um, that the doctor tells him about turning a XXX situation into lemonade. He seems to have like taken that into heart. Um, and, uh, yeah, it's just like trying to already like move forward from this tragic event and like make a better situation out of it.",sub-3037,1.0,1387
3037,7,4,"Um, yeah, um, my thoughts on Randall changed. Cause you just see like how much he was like willing to let his father into his life and I think that there's like a lot of like feeling or resolution on his part because he initially like approached him with like a lot of anger. Um, but it seems like in a pretty short time he kind of XXX to come to terms with like whatever did happen, um, with his biological father, um, and is like ready to like have some kind of relationship with him.",sub-3037,3.0,1388
3037,8,1,"Um, no, my thoughts on Kate didn't change.",sub-3037,2.0,1389
3037,8,2,"Um, my thoughts on Jack didn't change.",sub-3037,1.0,1390
3037,8,3,"Um, Kevin, we just see him like even more like trying to assert himself, um and, and just knowing that like he didn't have a big role before this, uh just kind of like like lets you understand a little bit more like why he um is maybe still going along um with this character um and objectifying himself, even though it's like not what he wants to be doing.",sub-3037,4.0,1391
3037,8,4,"Um Randall, we got to see him in his work environment. Um he has a really nice office, and he was like working at a computer with like a bunch of graphs and things, so we kind of get to see a little bit more that he um does have a successful career. Um, even though it's his birthday, he's like at work working hard, but it looks like his coworkers come in and have a cake and want to surprise him, so I think they think that he is like well-liked at work as well, and his coworkers like want to celebrate him um for his birthday.",sub-3037,3.0,1392
3037,9,1,"Um, my thoughts on Randall didn't change a lot but we did learn more about the extent to which he was going to try to find his father by hiring a private investigator. Um, and then we got to see more like that kind of conflict within him. That like despite feeling a lot of like rage on the surface and expressing that his intentions for being there is just to like kind of let his biological dad know how well he's doing. Even though he was not in his life, what he really seems to want is like connection and a relationship with his biological father.",sub-3037,3.0,1393
3037,9,2,"Uh, my thoughts on Jack didn't change.",sub-3037,1.0,1394
3037,9,3,"Um, my thoughts on Kevin didn't change.",sub-3037,4.0,1395
3037,9,4,"Um, and Kate we just kind of see um more of her like being resistant to like even being friends with someone who um isn't going to support the, like her goals. Like her goal right now is just to lose weight. So at first, like even though she seems to like have a some kind of like uh interest or connection in, in Toby, um just the fact that he did not say he was also trying to like lose weight, um like knowing that would get in the way of her goals, like that was more important to her than like a romantic relationship or friendship.",sub-3037,2.0,1396
3037,10,1,"Um, my thoughts on Kevin didn't change.",sub-3037,4.0,1397
3037,10,2,"Um, my thoughts on Kate didn't change either.",sub-3037,2.0,1398
3037,10,3,"Um, we saw Jack like earlier, like he was just being warned by the doctor that the XXX gonna be complicated. Uh, but he was really resistant to even hearing that. Um, so I think that says like about like his character that like he is a really like optimistic person um and um was also like wanting to be like supportive of his wife.",sub-3037,1.0,1399
3037,10,4,"Um, with Randall, I feel like it was more of what we were already seeing before. Is that he didn't really have a plan going into any of this. He was really being kind of led by his emotions um through this process.",sub-3037,3.0,1400
3041,1,1,"Kate is in, some sort of, fat acceptance group I guess, but, she seems to be a pretty humorous person I guess. There's not much about her in that one scene.",sub-3041,2.0,1401
3041,1,2,"Randall does not have a good relationship with his dad. Um, he seems to be frustrated with him and, yeah.",sub-3041,3.0,1402
3041,1,3,"Kevin has issues. He, he also seems like a promiscuous person. I think he has issues XXX he's venting about childhood trauma to girls who want to have sex with him at a party. Kevin also has a sister apparently. Uh, Kevin used to have aspirations to change the world but I think he's given up on that now so it doesn't seem like he's very financially unstable or poorly off.",sub-3041,4.0,1403
3041,1,4,Jack XXX. He seems to be a caring husband.,sub-3041,1.0,1404
3041,2,1,"So Randall, um I did not know that he had a family. I also did not expect him to bring his dad home. So clearly he didn't think through that. It was an impulsive decision. But his wife seems to be really supportive. Um, he broke down and like she hugged him, which was really sweet. His kids are probably freaked out.",sub-3041,3.0,1405
3041,2,2,"I don't think there was much change about Jack himself. Um, probably still, still like the supportive husband. But I guess he just has more things to deal with now. And I look forward to seeing, if I get shown the scene, XXX look forward to seeing how he reacts to the loss of his child.",sub-3041,1.0,1406
3041,2,3,"So as I said before, I think that Kate has more conviction than I initially thought. Um, I think it's always... It requires deep reflection for someone to realize they truly need to change their own behavior in order to improve their own life. And that sometimes we do need the support of our friends and our family to be able to do that. Um, but she ultimately has kind of realized it for herself, I think. And that's really good. I think it's inspirational.",sub-3041,2.0,1407
3041,2,4,"As I mentioned before, Kevin is a nicer person than I thought. Um, I expected him to kind of be an asshole. Both because he works in hollywood and because of the first scene where he was just ranting to other people about his baggage, which was really weird. But I guess because, you know he, because of that trauma, he also is a more sensitive person. So to his friends, Kate, he's very considerate and seems to really wish her to be well and want to help her in improving herself. Which is good.",sub-3041,4.0,1408
3041,3,1,"So, uh, Randall seems to be that kind of like, oh, my girls can't do anything wrong type of Dad. I didn't think he was like that before. He seemed really serious with his dad in the first scene. Um, but he treats his daughters like, he coddles them a little bit probably. Like, hi- his daughter's doing nothing on the court. And like, the mom is okay with that too. Yeah, both the parents are pretty nonchalant about their kids doing anything.",sub-3041,3.0,1409
3041,3,2,"So, uh, I didn't know that Kate was living with Kevin. Um, that's about it. That's the only change.",sub-3041,2.0,1410
3041,3,3,"Yeah, Kevin... I, I'm not sure what to say like. I feel like his characters haven't, like his inherent character hasn't changed from the videos that I saw before. But I understand why he is so depressed. But at the same time, I guess like, we still don't know why he exploded in the first place. Like, why was he so angry and upset? I thought, I thought initially that he was like depressed first, and then he exploded on set. But like I'm still not sure on the chronological order of whether he exploded on set first, or whether he was depressed inside and then the women came to him and like tried to have sex with him. I also realized that like, he probably surrounds himself with not very good people. But he lives with Kate, so it still seems he's grounded in like the, the regular human world and not like some Hollywood fantasy. I do- I don't know, why did he explode? I don't, I don't understand that, yeah.",sub-3041,4.0,1411
3041,3,4,"Nuh- nothing has changed about Jack. Jack is still a very kind-caring husband. Well, I, I didn't know that he was a dad. Now, now he technically is a dad, 'cause like, only one kid died, and he still has two. So, he's a dad now.",sub-3041,1.0,1412
3041,4,1,"So, like, Kevin seems to be fixated on the idea that his life is kind of fake and not real, I guess, because of his job. And he doesn't seem to be making super meaningful human connections other than Kate, who he's known for a while. Probably doesn't have good guidance, or like a parental figure, like, his relationship with his parents. I don't know, we can't assume anything, but I don't imagine that he's super close with them.",sub-3041,4.0,1413
3041,4,2,Kate...nothing's changed with Kate.,sub-3041,2.0,1414
3041,4,3,"Um, yeah, I, I feel really bad for Randall. It seems like he's made the most of his life in a really tough situation. To be abandoned by your dad and then to you know be raised by adoptive parents, but then grow up to be really successful and have probably a pretty stable career. XXX to buy like such a nice house with a happy family, so he clearly like overcame a lot of struggle. And, now that he's meeting his father again, I'm sure like he's kind of releasing the regret or hatred that he has for his father. And seeing him cry at the end, I think he realizes that like his father was struck by probably circumstances that he wished, like the father wished he never XXX experienced. And, I think he's experiencing more sympathy for his dad than he was previously. Well, especially that the dad is dying, so... If he didn't feel sympathy now, Randall would be a very uh stone, stone-hearted person.",sub-3041,3.0,1415
3041,4,4,"Nothing has changed about Jack, really, other than I guess he's like cheeky. He's a little cheeky.",sub-3041,1.0,1416
3041,5,1,"Kate seems to be struggling with this issue for a while, given the post-it notes that she left for herself. So I guess like, I can sense her frustration. I can sense her kind of, exasperation at herself. Of not being able to improve herself in her own situation. Yeah, I feel really bad for her, but it's, I, I think she knows that she has to do it. Like, it's a good thing to, to lose the weight.",sub-3041,2.0,1417
3041,5,2,"So, the talk with the doctor, he was listening really intently. I think he's probably more motivated now to be a better father. A better father because of, um, you know, losing that child. Probably like, really committed now, to providing like the kids that he has with his wife. He's probably super committed to taking care of his wife as well.",sub-3041,1.0,1418
3041,5,3,"It seems like from one of the scenes, he was trying to track his dad for a while. So I guess deep down, he has this thought that like, oh, maybe I should try and, you know, deal with my own trauma or whatever. But I'm not typically XXX what XXX that, necessarily, or if he always wanted to find his dad again. Also it seems like he works in some sort of nice corporate building. Probably makes a lot of money, and I guess he hired a detective? Like ha- like there was like an image of his dad on the computer, and I was like, oh, where did he get that? So maybe he hired a detective, I'm not sure.",sub-3041,3.0,1419
3041,5,4,"Kevin seems to be a pretty normal person when he talks to the other actor, Alan Thicke, and not much, not much else.",sub-3041,4.0,1420
3041,6,1,"Yeah, I'm a little confused about Kevin's tantrum. Because I don't know if it's staged or not. It, it made sense for it not to be staged because he seems to be a very volatile person. But then he opens the door and people are clapping and, and he has his shirt on so I thought that scene was like occurring after. Yeah, now I'm, I'm confused about the timeline. But it seems that the tantrum was staged and not an actual tantrum. But then why did it go viral? I'm confused.",sub-3041,4.0,1421
3041,6,2,"Hmm, nothing changed about Randall. I expected him to try and look where his father did- like, he wanted to prove something to himself, probably. Um, and then his character change occurs over time where he realizes that his father is also a very pitiable person. Um, and he develops sympathy for him, which we saw by him, like saw from Randall bringing his father back to their house and crying after he heard that his father was dying.",sub-3041,3.0,1422
3041,6,3,Nothing about Kate.,sub-3041,2.0,1423
3041,6,4,Nothing about Jack.,sub-3041,1.0,1424
3041,7,1,"I, I respect Jack a lot more. I think he, you know, people learn through trials and tribulations, and he was able to overcome his grief and change someone's life by adopting Randall.",sub-3041,1.0,1425
3041,7,2,Not much about Kate has changed.,sub-3041,2.0,1426
3041,7,3,"Kevin might be an alcoholic, I just had that thought.",sub-3041,4.0,1427
3041,7,4,"Randall should probably really grateful for his parents, his adopted parents and I can totally understand why. Um, but it, like, he's made peace with his father too. XXX when he uh gives him clothes, and like a room to stay at their house.",sub-3041,3.0,1428
3041,8,1,"Randall, Randall doesn't look super excited at his job but it seems like all his subordinates like him, which is really sweet. Uh and Randall is also 36. So, middle-aged man, probably rising in his career still, um, in some sort of financial firm, I guess. He was looking at stocks.",sub-3041,3.0,1429
3041,8,2,Not much about Kate.,sub-3041,2.0,1430
3041,8,3,"Kevin seems to be like, he's like a Joey Tribbiani. Probably, hasn't been that successful as an actor. Trying to get these small roles, but he's somewhat dedicated and is disappointed when his friend doesn't, or is disappointed when his friend just XXX friend slash director. It's unclear how close they are, but he's definitely hurt by what the red-headed guy said.",sub-3041,4.0,1431
3041,8,4,"Yeah, nothing about Jack.",sub-3041,1.0,1432
3041,9,1,Um. Yeah. I think Kevin's probably fed up with his whole situation. Feels like he's not getting anywhere. That's about it.,sub-3041,4.0,1433
3041,9,2,No new thoughts about Jack.,sub-3041,1.0,1434
3041,9,3,"Randall's scene was really interesting. I think, I think that moment of hesitation where he said that he would storm out but he didn't shows that you know at the end of the day because this person is still his father he has sympathy for him and none of us actually want to hate our family despite just maybe some of the awful things that they've done. And so, him offering to let his father see um Randall's grandchildren- uh, Randall's children which would be his father's grandchildren, I think you know it's a, it's a testament to that he's a very strong and kind person. Um, yeah.",sub-3041,3.0,1435
3041,9,4,"XXX any thoughts about Kate. Oh actually no, I think, I think like that scene where she was flirting with Toby, it was cute like. She's um, more shy I guess. Not shy, no. She's, I don't, I don't know why she said that she like didn't want to fall in love with a fat person. I guess she's just so caught up in like her own struggle that she feels like she doesn't have the time for love which is respectable. But the tiny smile that she had when uh Toby told her that like he'll just wait, felt like she was probably flattered by what Toby said.",sub-3041,2.0,1436
3041,10,1,"Yeah, also, like, Kate and Kevin are siblings? Question mark? Like, she said, she's like, remember what dad used to say, blah blah blah blah. And so I, I guess they're siblings. That also makes sense why they're living together. Because, not that single men and single women can't live together, but, yeah. So, they might be siblings, I guess.",sub-3041,2.0,1437
3041,10,2,"I think Jack was feeling really anxious in that moment. I, a part of me thinks, like, don't be rude to the doctor. Like, he's just trying to help you. But, the doctor probably knows where he's coming from and he definitely gives his wife a lot of emotional support. So, that's really good.",sub-3041,1.0,1438
3041,10,3,"Yeah, Kevin seems to just be discontented with the fact that he has to use, like, I think, I guess the acting roles that he's getting are not as good as what he wants. Probably his expectation is greater than what he has currently accomplished. Um, and because age seems to be a major theme in the movie, I guess he thought he would have gotten more, like, you know, legit roles other than being The Manny by the time he's 36. And he's disappointed with that, so he's drowning his sorrows in alcohol.",sub-3041,4.0,1439
3041,10,4,"Yeah, I think Randall, um, deep down, he, he, he knows that he just wants to connect with his dad again. And, he probably reached out because something triggered, like, something happened where he realized maybe he should try and reconnect with this person. Um, even, even though he thinks that he just wants to, like, show his dad that he didn't need him, I think deep down he, he wants to, he, he probably just wants to see how his dad's doing. And like I, I feel like the reason why he forgives him is because the dad also demonstrates that he feels sorry for what he did. And that there's no point in holding grudges. So, the best thing to do is to forgive. Probably what Randall is thinking XXX as he talks to his dad throughout the movie.",sub-3041,3.0,1440