similarity,distance,group,character,sub
0.6770274043083191,1,1,0,0
0.6135430335998535,2,1,0,0
0.42735931277275085,3,1,0,0
0.5955924391746521,4,1,0,0
0.5014272928237915,5,1,0,0
0.4244900643825531,6,1,0,0
0.5627070665359497,7,1,0,0
0.56208735704422,8,1,0,0
0.3276236057281494,9,1,0,0
0.6239475607872009,1,1,0,0
0.4204699397087097,2,1,0,0
0.5364179015159607,3,1,0,0
0.4527277648448944,4,1,0,0
0.4135090112686157,5,1,0,0
0.4843045473098755,6,1,0,0
0.5274446606636047,7,1,0,0
0.3322000503540039,8,1,0,0
0.39135944843292236,1,1,0,0
0.5769271850585938,2,1,0,0
0.38491466641426086,3,1,0,0
0.30805307626724243,4,1,0,0
0.4497900605201721,5,1,0,0
0.5461203455924988,6,1,0,0
0.3378981053829193,7,1,0,0
0.4113370478153229,1,1,0,0
0.3283637762069702,2,1,0,0
0.37109941244125366,3,1,0,0
0.33761829137802124,4,1,0,0
0.5398185849189758,5,1,0,0
0.40198200941085815,6,1,0,0
0.5675877332687378,1,1,0,0
0.5087102651596069,2,1,0,0
0.6066427230834961,3,1,0,0
0.7473276853561401,4,1,0,0
0.38593870401382446,5,1,0,0
0.4088735580444336,1,1,0,0
0.461478590965271,2,1,0,0
0.5930922627449036,3,1,0,0
0.4368128776550293,4,1,0,0
0.6348377466201782,1,1,0,0
0.49187469482421875,2,1,0,0
0.5479905605316162,3,1,0,0
0.638248085975647,1,1,0,0
0.46080002188682556,2,1,0,0
0.5236282348632812,1,1,0,0
0.43520721793174744,1,1,0,1
0.42365944385528564,2,1,0,1
0.33756953477859497,3,1,0,1
0.42073455452919006,4,1,0,1
0.3767407536506653,5,1,0,1
0.31306713819503784,6,1,0,1
0.17799776792526245,7,1,0,1
0.529184103012085,8,1,0,1
0.4151134490966797,9,1,0,1
0.6242306232452393,1,1,0,1
0.4376777410507202,2,1,0,1
0.20700252056121826,3,1,0,1
0.4928928315639496,4,1,0,1
0.4624214172363281,5,1,0,1
0.24905313551425934,6,1,0,1
0.3916698098182678,7,1,0,1
0.39242023229599,8,1,0,1
0.40641602873802185,1,1,0,1
0.22296357154846191,2,1,0,1
0.40205147862434387,3,1,0,1
0.4111800193786621,4,1,0,1
0.25080251693725586,5,1,0,1
0.538101315498352,6,1,0,1
0.40278542041778564,7,1,0,1
0.21749189496040344,1,1,0,1
0.30557218194007874,2,1,0,1
0.40746429562568665,3,1,0,1
0.3264004588127136,4,1,0,1
0.4963945150375366,5,1,0,1
0.3431423008441925,6,1,0,1
0.4217005670070648,1,1,0,1
0.39096352458000183,2,1,0,1
0.13997426629066467,3,1,0,1
0.4265405535697937,4,1,0,1
0.3436746299266815,5,1,0,1
0.41499000787734985,1,1,0,1
0.21662764251232147,2,1,0,1
0.41208547353744507,3,1,0,1
0.4196111857891083,4,1,0,1
0.22784638404846191,1,1,0,1
0.3692379593849182,2,1,0,1
0.4029468297958374,3,1,0,1
0.30414512753486633,1,1,0,1
0.1644672453403473,2,1,0,1
0.49499940872192383,1,1,0,1
0.5825332999229431,1,1,0,2
0.48113083839416504,2,1,0,2
0.48113083839416504,3,1,0,2
0.48113083839416504,4,1,0,2
0.48113083839416504,5,1,0,2
0.4099199175834656,6,1,0,2
0.49010518193244934,7,1,0,2
0.48134517669677734,8,1,0,2
0.44915682077407837,9,1,0,2
0.5649875998497009,1,1,0,2
0.5649875998497009,2,1,0,2
0.5649875998497009,3,1,0,2
0.5649875998497009,4,1,0,2
0.36949238181114197,5,1,0,2
0.5698201060295105,6,1,0,2
0.5456255674362183,7,1,0,2
0.5502888560295105,8,1,0,2
1.0000001192092896,1,1,0,2
1.0000001192092896,2,1,0,2
1.0000001192092896,3,1,0,2
0.5151700973510742,4,1,0,2
0.4786001443862915,5,1,0,2
0.5012294054031372,6,1,0,2
0.6709049940109253,7,1,0,2
1.0000001192092896,1,1,0,2
1.0000001192092896,2,1,0,2
0.5151700973510742,3,1,0,2
0.4786001443862915,4,1,0,2
0.5012294054031372,5,1,0,2
0.6709049940109253,6,1,0,2
1.0000001192092896,1,1,0,2
0.5151700973510742,2,1,0,2
0.4786001443862915,3,1,0,2
0.5012294054031372,4,1,0,2
0.6709049940109253,5,1,0,2
0.5151700973510742,1,1,0,2
0.4786001443862915,2,1,0,2
0.5012294054031372,3,1,0,2
0.6709049940109253,4,1,0,2
0.5758405327796936,1,1,0,2
0.5225664377212524,2,1,0,2
0.6566174030303955,3,1,0,2
0.5980486869812012,1,1,0,2
0.5124424695968628,2,1,0,2
0.5275815725326538,1,1,0,2
0.5148065686225891,1,1,0,3
0.3069365322589874,2,1,0,3
0.2980753779411316,3,1,0,3
0.39007875323295593,4,1,0,3
0.33701422810554504,5,1,0,3
0.47936558723449707,6,1,0,3
0.47466856241226196,7,1,0,3
0.45533549785614014,8,1,0,3
0.45533549785614014,9,1,0,3
0.43129444122314453,1,1,0,3
0.3736149072647095,2,1,0,3
0.43406569957733154,3,1,0,3
0.3717620372772217,4,1,0,3
0.4703789949417114,5,1,0,3
0.5731911659240723,6,1,0,3
0.4645993709564209,7,1,0,3
0.4645993709564209,8,1,0,3
0.3803328275680542,1,1,0,3
0.44485074281692505,2,1,0,3
0.3888372480869293,3,1,0,3
0.4712199866771698,4,1,0,3
0.5829924941062927,5,1,0,3
0.4592030942440033,6,1,0,3
0.4592030942440033,7,1,0,3
0.40400564670562744,1,1,0,3
0.45109519362449646,2,1,0,3
0.480258584022522,3,1,0,3
0.4852340817451477,4,1,0,3
0.46918007731437683,5,1,0,3
0.46918007731437683,6,1,0,3
0.6082438826560974,1,1,0,3
0.6028864979743958,2,1,0,3
0.6119194626808167,3,1,0,3
0.638664722442627,4,1,0,3
0.638664722442627,5,1,0,3
0.5253604650497437,1,1,0,3
0.5524817705154419,2,1,0,3
0.5201515555381775,3,1,0,3
0.5201515555381775,4,1,0,3
0.5950614809989929,1,1,0,3
0.636438250541687,2,1,0,3
0.636438250541687,3,1,0,3
0.7027841210365295,1,1,0,3
0.7027841210365295,2,1,0,3
1.0000001192092896,1,1,0,3
,1,1,0,4
,2,1,0,4
,3,1,0,4
,4,1,0,4
,5,1,0,4
,6,1,0,4
,7,1,0,4
,8,1,0,4
,9,1,0,4
,1,1,0,4
,2,1,0,4
,3,1,0,4
,4,1,0,4
,5,1,0,4
,6,1,0,4
,7,1,0,4
,8,1,0,4
,1,1,0,4
,2,1,0,4
,3,1,0,4
,4,1,0,4
,5,1,0,4
,6,1,0,4
,7,1,0,4
,1,1,0,4
,2,1,0,4
,3,1,0,4
,4,1,0,4
,5,1,0,4
,6,1,0,4
,1,1,0,4
,2,1,0,4
,3,1,0,4
,4,1,0,4
,5,1,0,4
,1,1,0,4
,2,1,0,4
,3,1,0,4
,4,1,0,4
,1,1,0,4
,2,1,0,4
,3,1,0,4
,1,1,0,4
,2,1,0,4
,1,1,0,4
0.6648164391517639,1,1,0,5
0.6015697121620178,2,1,0,5
0.4685061573982239,3,1,0,5
0.5020885467529297,4,1,0,5
0.5411100387573242,5,1,0,5
0.44971466064453125,6,1,0,5
0.5843564867973328,7,1,0,5
0.6401567459106445,8,1,0,5
0.48175084590911865,9,1,0,5
0.652393639087677,1,1,0,5
0.5656890869140625,2,1,0,5
0.4940199553966522,3,1,0,5
0.371372789144516,4,1,0,5
0.43647149205207825,5,1,0,5
0.5132599472999573,6,1,0,5
0.59406578540802,7,1,0,5
0.5700656175613403,8,1,0,5
0.5624983906745911,1,1,0,5
0.5116077065467834,2,1,0,5
0.35156992077827454,3,1,0,5
0.5089828372001648,4,1,0,5
0.5485448241233826,5,1,0,5
0.6441915035247803,6,1,0,5
0.5388898253440857,7,1,0,5
0.5378690361976624,1,1,0,5
0.41144728660583496,2,1,0,5
0.40051209926605225,3,1,0,5
0.4084998667240143,4,1,0,5
0.4930691123008728,5,1,0,5
0.41889989376068115,6,1,0,5
0.4490995705127716,1,1,0,5
0.33445459604263306,2,1,0,5
0.4020482301712036,3,1,0,5
0.4460131824016571,4,1,0,5
0.38551756739616394,5,1,0,5
0.5116209387779236,1,1,0,5
0.5148178339004517,2,1,0,5
0.39127930998802185,3,1,0,5
0.28650784492492676,4,1,0,5
0.4459148645401001,1,1,0,5
0.4834887981414795,2,1,0,5
0.3461405634880066,3,1,0,5
0.5372096300125122,1,1,0,5
0.4161706864833832,2,1,0,5
0.4986574053764343,1,1,0,5
0.5185779333114624,1,1,0,6
0.49424317479133606,2,1,0,6
0.43431445956230164,3,1,0,6
0.515195906162262,4,1,0,6
0.5140244960784912,5,1,0,6
0.4498133361339569,6,1,0,6
0.44412341713905334,7,1,0,6
0.5077403783798218,8,1,0,6
0.4312817454338074,9,1,0,6
0.5967358946800232,1,1,0,6
0.407359778881073,2,1,0,6
0.5353423953056335,3,1,0,6
0.5619316101074219,4,1,0,6
0.6308600902557373,5,1,0,6
0.6227596998214722,6,1,0,6
0.5375093817710876,7,1,0,6
0.6092520952224731,8,1,0,6
0.5286476016044617,1,1,0,6
0.6360105872154236,2,1,0,6
0.4777769446372986,3,1,0,6
0.5229917168617249,4,1,0,6
0.5403687953948975,5,1,0,6
0.5856621265411377,6,1,0,6
0.6148648858070374,7,1,0,6
0.5340525507926941,1,1,0,6
0.35008227825164795,2,1,0,6
0.38741162419319153,3,1,0,6
0.3567221462726593,4,1,0,6
0.5156120657920837,5,1,0,6
0.3175389766693115,6,1,0,6
0.5655516982078552,1,1,0,6
0.5557535886764526,2,1,0,6
0.5702035427093506,3,1,0,6
0.6887071132659912,4,1,0,6
0.6529169678688049,5,1,0,6
0.43998202681541443,1,1,0,6
0.630416989326477,2,1,0,6
0.5261013507843018,3,1,0,6
0.548911988735199,4,1,0,6
0.49399828910827637,1,1,0,6
0.5514119267463684,2,1,0,6
0.6105760335922241,3,1,0,6
0.5694347620010376,1,1,0,6
0.5768660306930542,2,1,0,6
0.5744795203208923,1,1,0,6
0.5597938299179077,1,1,0,7
,2,1,0,7
0.5571529269218445,3,1,0,7
0.5840551257133484,4,1,0,7
0.5229063034057617,5,1,0,7
0.5234372019767761,6,1,0,7
0.45740634202957153,7,1,0,7
0.49291595816612244,8,1,0,7
0.507178544998169,9,1,0,7
,1,1,0,7
0.4756160378456116,2,1,0,7
0.40507370233535767,3,1,0,7
0.42443639039993286,4,1,0,7
0.34910303354263306,5,1,0,7
0.4564099609851837,6,1,0,7
0.4776381850242615,7,1,0,7
0.6367900371551514,8,1,0,7
,1,1,0,7
,2,1,0,7
,3,1,0,7
,4,1,0,7
,5,1,0,7
,6,1,0,7
,7,1,0,7
0.5561337471008301,1,1,0,7
0.5562633275985718,2,1,0,7
0.477384090423584,3,1,0,7
0.43647217750549316,4,1,0,7
0.6291946768760681,5,1,0,7
0.43609267473220825,6,1,0,7
0.36731860041618347,1,1,0,7
0.454348087310791,2,1,0,7
0.3919927179813385,3,1,0,7
0.5485301613807678,4,1,0,7
0.46475744247436523,5,1,0,7
0.5480098724365234,1,1,0,7
0.5297771692276001,2,1,0,7
0.46376052498817444,3,1,0,7
0.389554500579834,4,1,0,7
0.5693557262420654,1,1,0,7
0.4076836109161377,2,1,0,7
0.3169941008090973,3,1,0,7
0.4657895863056183,1,1,0,7
0.38395148515701294,2,1,0,7
0.41117924451828003,1,1,0,7
0.5177796483039856,1,1,0,8
0.4577859044075012,2,1,0,8
0.5716949105262756,3,1,0,8
0.4243967831134796,4,1,0,8
0.5329801440238953,5,1,0,8
0.42066746950149536,6,1,0,8
0.49357205629348755,7,1,0,8
0.4587368071079254,8,1,0,8
0.38796788454055786,9,1,0,8
0.4250720143318176,1,1,0,8
0.4401357173919678,2,1,0,8
0.4284224808216095,3,1,0,8
0.4274003505706787,4,1,0,8
0.42187657952308655,5,1,0,8
0.4083103537559509,6,1,0,8
0.41195452213287354,7,1,0,8
0.4317212402820587,8,1,0,8
0.5898666381835938,1,1,0,8
0.5737370848655701,2,1,0,8
0.42487022280693054,3,1,0,8
0.5066914558410645,4,1,0,8
0.5601227879524231,5,1,0,8
0.45806562900543213,6,1,0,8
0.38414156436920166,7,1,0,8
0.44966578483581543,1,1,0,8
0.5603875517845154,2,1,0,8
0.464124470949173,3,1,0,8
0.5399730801582336,4,1,0,8
0.4261054992675781,5,1,0,8
0.4121990203857422,6,1,0,8
0.38895004987716675,1,1,0,8
0.3275209069252014,2,1,0,8
0.5064011812210083,3,1,0,8
0.4600210189819336,4,1,0,8
0.31591376662254333,5,1,0,8
0.2882499098777771,1,1,0,8
0.6101257801055908,2,1,0,8
0.3568207025527954,3,1,0,8
0.36066970229148865,4,1,0,8
0.4865466356277466,1,1,0,8
0.2811530828475952,2,1,0,8
0.3808387517929077,3,1,0,8
0.557074785232544,1,1,0,8
0.41252341866493225,2,1,0,8
0.37825727462768555,1,1,0,8
,1,1,0,9
,2,1,0,9
,3,1,0,9
,4,1,0,9
,5,1,0,9
,6,1,0,9
,7,1,0,9
,8,1,0,9
,9,1,0,9
,1,1,0,9
,2,1,0,9
,3,1,0,9
,4,1,0,9
,5,1,0,9
,6,1,0,9
,7,1,0,9
,8,1,0,9
,1,1,0,9
,2,1,0,9
,3,1,0,9
,4,1,0,9
,5,1,0,9
,6,1,0,9
,7,1,0,9
,1,1,0,9
,2,1,0,9
,3,1,0,9
,4,1,0,9
,5,1,0,9
,6,1,0,9
,1,1,0,9
,2,1,0,9
,3,1,0,9
,4,1,0,9
,5,1,0,9
,1,1,0,9
,2,1,0,9
,3,1,0,9
,4,1,0,9
,1,1,0,9
,2,1,0,9
,3,1,0,9
,1,1,0,9
,2,1,0,9
,1,1,0,9
0.46940726041793823,1,1,0,10
0.6618112325668335,2,1,0,10
0.5527828335762024,3,1,0,10
0.5502734780311584,4,1,0,10
0.49924081563949585,5,1,0,10
0.45521053671836853,6,1,0,10
0.4524518549442291,7,1,0,10
0.6063311100006104,8,1,0,10
0.5277829766273499,9,1,0,10
0.4036487340927124,1,1,0,10
0.4761394262313843,2,1,0,10
0.44622254371643066,3,1,0,10
0.4815365672111511,4,1,0,10
0.48540323972702026,5,1,0,10
0.4402956962585449,6,1,0,10
0.4012082815170288,7,1,0,10
0.42727476358413696,8,1,0,10
0.5046334266662598,1,1,0,10
0.5223935842514038,2,1,0,10
0.4474460184574127,3,1,0,10
0.5072618126869202,4,1,0,10
0.4119412302970886,5,1,0,10
0.5702265501022339,6,1,0,10
0.48926135897636414,7,1,0,10
0.2925776541233063,1,1,0,10
0.851555585861206,2,1,0,10
0.468028724193573,3,1,0,10
0.8686383366584778,4,1,0,10
0.2629478871822357,5,1,0,10
0.3945595920085907,6,1,0,10
0.2202843874692917,1,1,0,10
0.5010069012641907,2,1,0,10
0.20662742853164673,3,1,0,10
0.5814213752746582,4,1,0,10
0.4090477526187897,5,1,0,10
0.49356648325920105,1,1,0,10
0.8740134239196777,2,1,0,10
0.2558211386203766,3,1,0,10
0.40165460109710693,4,1,0,10
0.4813821315765381,1,1,0,10
0.4964349865913391,2,1,0,10
0.45801690220832825,3,1,0,10
0.22253134846687317,1,1,0,10
0.2847873270511627,2,1,0,10
0.45925700664520264,1,1,0,10
0.3587207794189453,1,1,0,11
0.6893187165260315,2,1,0,11
0.6737802624702454,3,1,0,11
0.748199462890625,4,1,0,11
0.5659027695655823,5,1,0,11
0.29197531938552856,6,1,0,11
0.3760563135147095,7,1,0,11
0.4466553032398224,8,1,0,11
0.5167078971862793,9,1,0,11
0.2291441559791565,1,1,0,11
0.21874460577964783,2,1,0,11
0.27676284313201904,3,1,0,11
0.21602824330329895,4,1,0,11
0.2498222291469574,5,1,0,11
0.1792900264263153,6,1,0,11
0.26756855845451355,7,1,0,11
0.2316136658191681,8,1,0,11
0.744969367980957,1,1,0,11
0.7717609405517578,2,1,0,11
0.638286828994751,3,1,0,11
0.410094678401947,4,1,0,11
0.4416388273239136,5,1,0,11
0.5452425479888916,6,1,0,11
0.6760817170143127,7,1,0,11
0.8582383394241333,1,1,0,11
0.6779400706291199,2,1,0,11
0.37929219007492065,3,1,0,11
0.3056885600090027,4,1,0,11
0.47843217849731445,5,1,0,11
0.6090529561042786,6,1,0,11
0.7191669940948486,1,1,0,11
0.4063129425048828,2,1,0,11
0.3616047501564026,3,1,0,11
0.559167742729187,4,1,0,11
0.6341716051101685,5,1,0,11
0.38823458552360535,1,1,0,11
0.3031128942966461,2,1,0,11
0.5820509195327759,3,1,0,11
0.6406981945037842,4,1,0,11
0.33175599575042725,1,1,0,11
0.4581263065338135,2,1,0,11
0.400887131690979,3,1,0,11
0.39180731773376465,1,1,0,11
0.4282015562057495,2,1,0,11
0.4244759976863861,1,1,0,11
0.25641632080078125,1,2,0,0
0.29147782921791077,2,2,0,0
0.3076067566871643,3,2,0,0
0.3117082118988037,4,2,0,0
0.35188642144203186,5,2,0,0
0.48629695177078247,6,2,0,0
0.3286868929862976,7,2,0,0
0.3553672432899475,8,2,0,0
0.3847030997276306,9,2,0,0
0.4145411550998688,1,2,0,0
0.3691725730895996,2,2,0,0
0.5845925807952881,3,2,0,0
0.5068554282188416,4,2,0,0
0.3385692536830902,5,2,0,0
0.5418214201927185,6,2,0,0
0.36154741048812866,7,2,0,0
0.45760059356689453,8,2,0,0
0.3784993290901184,1,2,0,0
0.28441137075424194,2,2,0,0
0.5213116407394409,3,2,0,0
0.44482555985450745,4,2,0,0
0.4505806267261505,5,2,0,0
0.3932284712791443,6,2,0,0
0.3953297734260559,7,2,0,0
0.41575855016708374,1,2,0,0
0.45511505007743835,2,2,0,0
0.3509305715560913,3,2,0,0
0.3842657506465912,4,2,0,0
0.3031388223171234,5,2,0,0
0.2466234564781189,6,2,0,0
0.5425891876220703,1,2,0,0
0.4526645839214325,2,2,0,0
0.5460382699966431,3,2,0,0
0.461199015378952,4,2,0,0
0.448111355304718,5,2,0,0
0.5059372186660767,1,2,0,0
0.4292803406715393,2,2,0,0
0.3599601089954376,3,2,0,0
0.3874722421169281,4,2,0,0
0.44844597578048706,1,2,0,0
0.36071571707725525,2,2,0,0
0.4960136413574219,3,2,0,0
0.5015859007835388,1,2,0,0
0.6643856167793274,2,2,0,0
0.4902283549308777,1,2,0,0
0.46809709072113037,1,2,0,1
0.5125790238380432,2,2,0,1
0.5275518894195557,3,2,0,1
0.5194281935691833,4,2,0,1
0.5300743579864502,5,2,0,1
0.5154647827148438,6,2,0,1
0.42321640253067017,7,2,0,1
0.42488545179367065,8,2,0,1
0.492387592792511,9,2,0,1
0.44848746061325073,1,2,0,1
0.6106122732162476,2,2,0,1
0.6619781255722046,3,2,0,1
0.547489583492279,4,2,0,1
0.5066204071044922,5,2,0,1
0.39007294178009033,6,2,0,1
0.6507436037063599,7,2,0,1
0.6747277975082397,8,2,0,1
0.7386307120323181,1,2,0,1
0.515586793422699,2,2,0,1
0.5829461216926575,3,2,0,1
0.5055970549583435,4,2,0,1
0.4910302758216858,5,2,0,1
0.45195597410202026,6,2,0,1
0.4650716185569763,7,2,0,1
0.6624244451522827,1,2,0,1
0.6153386235237122,2,2,0,1
0.6657896041870117,3,2,0,1
0.5252468585968018,4,2,0,1
0.7014907002449036,5,2,0,1
0.5546292662620544,6,2,0,1
0.5165636539459229,1,2,0,1
0.47968587279319763,2,2,0,1
0.44870370626449585,3,2,0,1
0.6050135493278503,4,2,0,1
0.6382778882980347,5,2,0,1
0.5000892877578735,1,2,0,1
0.39309898018836975,2,2,0,1
0.48257315158843994,3,2,0,1
0.46780630946159363,4,2,0,1
0.3394473195075989,1,2,0,1
0.6201339364051819,2,2,0,1
0.5433262586593628,3,2,0,1
0.31192684173583984,1,2,0,1
0.3590720295906067,2,2,0,1
0.5496050119400024,1,2,0,1
0.6350536346435547,1,2,0,2
0.6091318130493164,2,2,0,2
0.5442105531692505,3,2,0,2
0.5528233647346497,4,2,0,2
0.592592716217041,5,2,0,2
0.5341066122055054,6,2,0,2
0.5664085149765015,7,2,0,2
0.5382546782493591,8,2,0,2
0.4888891279697418,9,2,0,2
0.62192302942276,1,2,0,2
0.769320011138916,2,2,0,2
0.6871050596237183,3,2,0,2
0.6418288946151733,4,2,0,2
0.5327942371368408,5,2,0,2
0.5763688683509827,6,2,0,2
0.4689715504646301,7,2,0,2
0.6183714866638184,8,2,0,2
0.5667204260826111,1,2,0,2
0.6676931977272034,2,2,0,2
0.5612208247184753,3,2,0,2
0.5424777269363403,4,2,0,2
0.4008216857910156,5,2,0,2
0.5691542625427246,6,2,0,2
0.560706377029419,7,2,0,2
0.632991373538971,1,2,0,2
0.5307772755622864,2,2,0,2
0.48908552527427673,3,2,0,2
0.496806800365448,4,2,0,2
0.4435863792896271,5,2,0,2
0.5304110050201416,6,2,0,2
0.5400164723396301,1,2,0,2
0.5525009036064148,2,2,0,2
0.38444581627845764,3,2,0,2
0.5787741541862488,4,2,0,2
0.4762408137321472,5,2,0,2
0.5006766319274902,1,2,0,2
0.3758322596549988,2,2,0,2
0.45108428597450256,3,2,0,2
0.4581490159034729,4,2,0,2
0.48504745960235596,1,2,0,2
0.7552793025970459,2,2,0,2
0.5098189115524292,3,2,0,2
0.4508310556411743,1,2,0,2
0.6005359292030334,2,2,0,2
0.4439634084701538,1,2,0,2
,1,2,0,3
,2,2,0,3
,3,2,0,3
,4,2,0,3
,5,2,0,3
,6,2,0,3
,7,2,0,3
,8,2,0,3
,9,2,0,3
,1,2,0,3
,2,2,0,3
,3,2,0,3
,4,2,0,3
,5,2,0,3
,6,2,0,3
,7,2,0,3
,8,2,0,3
,1,2,0,3
,2,2,0,3
,3,2,0,3
,4,2,0,3
,5,2,0,3
,6,2,0,3
,7,2,0,3
,1,2,0,3
,2,2,0,3
,3,2,0,3
,4,2,0,3
,5,2,0,3
,6,2,0,3
,1,2,0,3
,2,2,0,3
,3,2,0,3
,4,2,0,3
,5,2,0,3
,1,2,0,3
,2,2,0,3
,3,2,0,3
,4,2,0,3
,1,2,0,3
,2,2,0,3
,3,2,0,3
,1,2,0,3
,2,2,0,3
,1,2,0,3
0.5280553698539734,1,2,0,4
0.42376989126205444,2,2,0,4
0.5114985704421997,3,2,0,4
0.3263905644416809,4,2,0,4
0.5679800510406494,5,2,0,4
0.47060197591781616,6,2,0,4
0.3874436616897583,7,2,0,4
0.4622812867164612,8,2,0,4
0.31383371353149414,9,2,0,4
0.5129702091217041,1,2,0,4
0.46273159980773926,2,2,0,4
0.35767751932144165,3,2,0,4
0.5161906480789185,4,2,0,4
0.5914667844772339,5,2,0,4
0.39033323526382446,6,2,0,4
0.3814395070075989,7,2,0,4
0.41061776876449585,8,2,0,4
0.5528185367584229,1,2,0,4
0.3153529763221741,2,2,0,4
0.513450026512146,3,2,0,4
0.48521479964256287,4,2,0,4
0.35891327261924744,5,2,0,4
0.36106136441230774,6,2,0,4
0.3646215498447418,7,2,0,4
0.4971453547477722,1,2,0,4
0.6420221328735352,2,2,0,4
0.4345857501029968,3,2,0,4
0.6204949617385864,4,2,0,4
0.5719478726387024,5,2,0,4
0.6249513030052185,6,2,0,4
0.521518349647522,1,2,0,4
0.4274660050868988,2,2,0,4
0.6492800116539001,3,2,0,4
0.5822604894638062,4,2,0,4
0.6989561915397644,5,2,0,4
0.6195353269577026,1,2,0,4
0.6374616622924805,2,2,0,4
0.5731573700904846,3,2,0,4
0.6426511406898499,4,2,0,4
0.506987988948822,1,2,0,4
0.4099186062812805,2,2,0,4
0.5045688152313232,3,2,0,4
0.7020180821418762,1,2,0,4
0.8039568662643433,2,2,0,4
0.6556922793388367,1,2,0,4
0.4743100702762604,1,2,0,5
0.382625013589859,2,2,0,5
0.4497278928756714,3,2,0,5
0.4400562047958374,4,2,0,5
0.4866594970226288,5,2,0,5
0.40043145418167114,6,2,0,5
0.5648135542869568,7,2,0,5
0.5051687359809875,8,2,0,5
0.4974389970302582,9,2,0,5
0.5926112532615662,1,2,0,5
0.4197728633880615,2,2,0,5
0.40738174319267273,3,2,0,5
0.4486779570579529,4,2,0,5
0.3663662374019623,5,2,0,5
0.4216914176940918,6,2,0,5
0.39176851511001587,7,2,0,5
0.38683992624282837,8,2,0,5
0.5910188555717468,1,2,0,5
0.5487741827964783,2,2,0,5
0.6602218747138977,3,2,0,5
0.3263847529888153,4,2,0,5
0.5457264184951782,5,2,0,5
0.4571402668952942,6,2,0,5
0.42215415835380554,7,2,0,5
0.526756227016449,1,2,0,5
0.5116105675697327,2,2,0,5
0.32551753520965576,3,2,0,5
0.6161600947380066,4,2,0,5
0.5953740477561951,5,2,0,5
0.4066810607910156,6,2,0,5
0.66061931848526,1,2,0,5
0.4826085567474365,2,2,0,5
0.6049332022666931,3,2,0,5
0.5899198055267334,4,2,0,5
0.4766125977039337,5,2,0,5
0.5441662669181824,1,2,0,5
0.615788459777832,2,2,0,5
0.5992982387542725,3,2,0,5
0.4869804382324219,4,2,0,5
0.38628607988357544,1,2,0,5
0.3740224540233612,2,2,0,5
0.4599761962890625,3,2,0,5
0.5129419565200806,1,2,0,5
0.4274349808692932,2,2,0,5
0.47064539790153503,1,2,0,5
,1,2,0,6
0.4022189676761627,2,2,0,6
0.6248796582221985,3,2,0,6
0.35576942563056946,4,2,0,6
0.547160267829895,5,2,0,6
0.38227349519729614,6,2,0,6
0.3773577809333801,7,2,0,6
0.41998758912086487,8,2,0,6
0.30156540870666504,9,2,0,6
,1,2,0,6
,2,2,0,6
,3,2,0,6
,4,2,0,6
,5,2,0,6
,6,2,0,6
,7,2,0,6
,8,2,0,6
0.4813738465309143,1,2,0,6
0.5159943699836731,2,2,0,6
0.31653961539268494,3,2,0,6
0.22657839953899384,4,2,0,6
0.3469517230987549,5,2,0,6
0.4814944565296173,6,2,0,6
0.4843701720237732,7,2,0,6
0.6054551601409912,1,2,0,6
0.6170986294746399,2,2,0,6
0.44009295105934143,3,2,0,6
0.39251965284347534,4,2,0,6
0.5238901972770691,5,2,0,6
0.47852450609207153,6,2,0,6
0.5296933650970459,1,2,0,6
0.3098137080669403,2,2,0,6
0.44057124853134155,3,2,0,6
0.6060596108436584,4,2,0,6
0.64705491065979,5,2,0,6
0.5522581934928894,1,2,0,6
0.48901328444480896,2,2,0,6
0.5319868326187134,3,2,0,6
0.5237859487533569,4,2,0,6
0.29138413071632385,1,2,0,6
0.3133745491504669,2,2,0,6
0.386130690574646,3,2,0,6
0.4606230854988098,1,2,0,6
0.4660181403160095,2,2,0,6
0.5924993753433228,1,2,0,6
0.5364298224449158,1,2,0,7
0.3875458240509033,2,2,0,7
0.4084095358848572,3,2,0,7
0.3439560830593109,4,2,0,7
0.5762357115745544,5,2,0,7
0.32969576120376587,6,2,0,7
0.28486862778663635,7,2,0,7
0.24685221910476685,8,2,0,7
0.5088627338409424,9,2,0,7
0.499272882938385,1,2,0,7
0.4651082754135132,2,2,0,7
0.45839980244636536,3,2,0,7
0.2586098909378052,4,2,0,7
0.3658573031425476,5,2,0,7
0.3795474171638489,6,2,0,7
0.36810484528541565,7,2,0,7
0.38155874609947205,8,2,0,7
0.5018244385719299,1,2,0,7
0.452982097864151,2,2,0,7
0.25414690375328064,3,2,0,7
0.4278450310230255,4,2,0,7
0.5424219965934753,5,2,0,7
0.35749155282974243,6,2,0,7
0.5136697888374329,7,2,0,7
0.5689385533332825,1,2,0,7
0.3251611292362213,2,2,0,7
0.43297824263572693,3,2,0,7
0.4770016670227051,4,2,0,7
0.48481035232543945,5,2,0,7
0.5431904196739197,6,2,0,7
0.32935163378715515,1,2,0,7
0.3814232647418976,2,2,0,7
0.4256006181240082,3,2,0,7
0.4431840777397156,4,2,0,7
0.38961371779441833,5,2,0,7
0.26806697249412537,1,2,0,7
0.22561755776405334,2,2,0,7
0.34009334444999695,3,2,0,7
0.3203875422477722,4,2,0,7
0.3718648850917816,1,2,0,7
0.4104765057563782,2,2,0,7
0.4325336813926697,3,2,0,7
0.42723023891448975,1,2,0,7
0.341779887676239,2,2,0,7
0.3438895642757416,1,2,0,7
0.5750257968902588,1,2,0,8
0.5344069600105286,2,2,0,8
0.473814994096756,3,2,0,8
0.4734576642513275,4,2,0,8
0.5719398260116577,5,2,0,8
0.46311095356941223,6,2,0,8
0.4501531720161438,7,2,0,8
0.4842965602874756,8,2,0,8
0.557659387588501,9,2,0,8
0.6288288235664368,1,2,0,8
0.5395179390907288,2,2,0,8
0.5679923295974731,3,2,0,8
0.5231007933616638,4,2,0,8
0.3580239415168762,5,2,0,8
0.4458588659763336,6,2,0,8
0.46581029891967773,7,2,0,8
0.4533328413963318,8,2,0,8
0.5848307013511658,1,2,0,8
0.5786080956459045,2,2,0,8
0.551633894443512,3,2,0,8
0.4256563186645508,4,2,0,8
0.4018273949623108,5,2,0,8
0.5437045097351074,6,2,0,8
0.48001769185066223,7,2,0,8
0.5959508419036865,1,2,0,8
0.5789735317230225,2,2,0,8
0.4815470576286316,3,2,0,8
0.5390728712081909,4,2,0,8
0.6252970099449158,5,2,0,8
0.471834272146225,6,2,0,8
0.5180786848068237,1,2,0,8
0.42627185583114624,2,2,0,8
0.4492793679237366,3,2,0,8
0.5671361684799194,4,2,0,8
0.47361114621162415,5,2,0,8
0.48593437671661377,1,2,0,8
0.3887118697166443,2,2,0,8
0.5477011799812317,3,2,0,8
0.5173935890197754,4,2,0,8
0.4223959445953369,1,2,0,8
0.49675118923187256,2,2,0,8
0.43448683619499207,3,2,0,8
0.4739949703216553,1,2,0,8
0.37946122884750366,2,2,0,8
0.47652125358581543,1,2,0,8
0.6417921185493469,1,2,0,9
0.542100727558136,2,2,0,9
0.582361102104187,3,2,0,9
0.5083106160163879,4,2,0,9
0.506305456161499,5,2,0,9
0.5731161832809448,6,2,0,9
0.47105979919433594,7,2,0,9
0.3589290678501129,8,2,0,9
0.3351176977157593,9,2,0,9
0.538991391658783,1,2,0,9
0.6039719581604004,2,2,0,9
0.44629746675491333,3,2,0,9
0.6473093628883362,4,2,0,9
0.470839262008667,5,2,0,9
0.3175557553768158,6,2,0,9
0.14994597434997559,7,2,0,9
0.1336590051651001,8,2,0,9
0.5614510178565979,1,2,0,9
0.5155432224273682,2,2,0,9
0.5844782590866089,3,2,0,9
0.4691169857978821,4,2,0,9
0.3432949483394623,5,2,0,9
0.28105735778808594,6,2,0,9
0.23628102242946625,7,2,0,9
0.5940450429916382,1,2,0,9
0.6915533542633057,2,2,0,9
0.470920205116272,3,2,0,9
0.3563772439956665,4,2,0,9
0.16325995326042175,5,2,0,9
0.18362316489219666,6,2,0,9
0.5136118531227112,1,2,0,9
0.4518091082572937,2,2,0,9
0.45887917280197144,3,2,0,9
0.26457250118255615,4,2,0,9
0.32737159729003906,5,2,0,9
0.4213401675224304,1,2,0,9
0.2548413872718811,2,2,0,9
0.13079345226287842,3,2,0,9
0.10531432926654816,4,2,0,9
0.4413146376609802,1,2,0,9
0.2705075144767761,2,2,0,9
0.3264571726322174,3,2,0,9
0.729643702507019,1,2,0,9
0.698789119720459,2,2,0,9
0.8477355241775513,1,2,0,9
0.4768689274787903,1,2,0,10
0.4131130874156952,2,2,0,10
0.3803178668022156,3,2,0,10
0.43019989132881165,4,2,0,10
0.4143211841583252,5,2,0,10
0.3514748215675354,6,2,0,10
0.2979603409767151,7,2,0,10
0.19016295671463013,8,2,0,10
0.29945334792137146,9,2,0,10
0.3279586732387543,1,2,0,10
0.4584050178527832,2,2,0,10
0.4571211338043213,3,2,0,10
0.6127079725265503,4,2,0,10
0.4552158713340759,5,2,0,10
0.5435089468955994,6,2,0,10
0.24685265123844147,7,2,0,10
0.39278191328048706,8,2,0,10
0.42151349782943726,1,2,0,10
0.35263344645500183,2,2,0,10
0.39879170060157776,3,2,0,10
0.5143588781356812,4,2,0,10
0.3898299038410187,5,2,0,10
0.2021091878414154,6,2,0,10
0.24699601531028748,7,2,0,10
0.42103731632232666,1,2,0,10
0.43244245648384094,2,2,0,10
0.4380912780761719,3,2,0,10
0.48956844210624695,4,2,0,10
0.3107965886592865,5,2,0,10
0.4169497489929199,6,2,0,10
0.5220831632614136,1,2,0,10
0.3656224310398102,2,2,0,10
0.5054858326911926,3,2,0,10
0.3980322480201721,4,2,0,10
0.6209771633148193,5,2,0,10
0.4020375609397888,1,2,0,10
0.4244846701622009,2,2,0,10
0.19963215291500092,3,2,0,10
0.5857688784599304,4,2,0,10
0.42719465494155884,1,2,0,10
0.2905629575252533,2,2,0,10
0.39857640862464905,3,2,0,10
0.5029229521751404,1,2,0,10
0.3734005391597748,2,2,0,10
0.24691860377788544,1,2,0,10
0.5106249451637268,1,3,0,0
0.4582448899745941,2,3,0,0
0.3045964539051056,3,3,0,0
0.10401499271392822,4,3,0,0
0.10931396484375,5,3,0,0
0.29321473836898804,6,3,0,0
0.17513109743595123,7,3,0,0
0.008750387467443943,8,3,0,0
0.3716702163219452,9,3,0,0
0.4732365906238556,1,3,0,0
0.18357422947883606,2,3,0,0
0.3850601017475128,3,3,0,0
0.2361619770526886,4,3,0,0
0.10711576789617538,5,3,0,0
0.1741030514240265,6,3,0,0
0.17995958030223846,7,3,0,0
0.3625132143497467,8,3,0,0
0.5761176943778992,1,3,0,0
0.23463241755962372,2,3,0,0
0.09382504969835281,3,3,0,0
0.16677483916282654,4,3,0,0
0.21107499301433563,5,3,0,0
0.06972064077854156,6,3,0,0
0.47081270813941956,7,3,0,0
0.1173965111374855,1,3,0,0
0.049967844039201736,2,3,0,0
0.07021663337945938,3,3,0,0
0.19436638057231903,4,3,0,0
0.07545094192028046,5,3,0,0
0.4274119734764099,6,3,0,0
0.6344733834266663,1,3,0,0
0.06149186193943024,2,3,0,0
0.3797595798969269,3,3,0,0
0.42906391620635986,4,3,0,0
0.23898322880268097,5,3,0,0
0.12829546630382538,1,3,0,0
0.38100045919418335,2,3,0,0
0.5619814991950989,3,3,0,0
0.12203925848007202,4,3,0,0
0.00167944747954607,1,3,0,0
0.06610064953565598,2,3,0,0
0.03092081844806671,3,3,0,0
0.44476279616355896,1,3,0,0
0.12008318305015564,2,3,0,0
0.1037895530462265,1,3,0,0
0.48280197381973267,1,3,0,1
0.5829156041145325,2,3,0,1
0.658574104309082,3,3,0,1
0.4771082103252411,4,3,0,1
0.5762954950332642,5,3,0,1
0.4079360067844391,6,3,0,1
0.3049907684326172,7,3,0,1
0.29079005122184753,8,3,0,1
0.4856293201446533,9,3,0,1
0.4973450303077698,1,3,0,1
0.4693959653377533,2,3,0,1
0.5621322989463806,3,3,0,1
0.5548185110092163,4,3,0,1
0.45501309633255005,5,3,0,1
0.5859782695770264,6,3,0,1
0.5764966607093811,7,3,0,1
0.498218297958374,8,3,0,1
0.49495822191238403,1,3,0,1
0.5861660838127136,2,3,0,1
0.5529258847236633,3,3,0,1
0.5546525120735168,4,3,0,1
0.38852930068969727,5,3,0,1
0.43463221192359924,6,3,0,1
0.6106821298599243,7,3,0,1
0.48936963081359863,1,3,0,1
0.6286526918411255,2,3,0,1
0.475296288728714,3,3,0,1
0.27419227361679077,4,3,0,1
0.3186418116092682,5,3,0,1
0.46312958002090454,6,3,0,1
0.47693338990211487,1,3,0,1
0.48656055331230164,2,3,0,1
0.27825284004211426,3,3,0,1
0.3991691470146179,4,3,0,1
0.5995063185691833,5,3,0,1
0.5818348526954651,1,3,0,1
0.45449721813201904,2,3,0,1
0.48968297243118286,3,3,0,1
0.5001803040504456,4,3,0,1
0.36013755202293396,1,3,0,1
0.45259368419647217,2,3,0,1
0.520474910736084,3,3,0,1
0.7982280850410461,1,3,0,1
0.3108787536621094,2,3,0,1
0.3526478409767151,1,3,0,1
0.5504758954048157,1,3,0,2
0.49388113617897034,2,3,0,2
0.45116403698921204,3,3,0,2
0.5119454264640808,4,3,0,2
0.4807128608226776,5,3,0,2
0.4440346360206604,6,3,0,2
0.3372740149497986,7,3,0,2
0.4617515206336975,8,3,0,2
0.47240209579467773,9,3,0,2
0.5564278364181519,1,3,0,2
0.5165744423866272,2,3,0,2
0.6397846937179565,3,3,0,2
0.5928553342819214,4,3,0,2
0.6160231828689575,5,3,0,2
0.3045300841331482,6,3,0,2
0.5814483761787415,7,3,0,2
0.5593948364257812,8,3,0,2
0.661204993724823,1,3,0,2
0.6350117325782776,2,3,0,2
0.5657229423522949,3,3,0,2
0.5715113878250122,4,3,0,2
0.5983861684799194,5,3,0,2
0.710955023765564,6,3,0,2
0.602434515953064,7,3,0,2
0.44503307342529297,1,3,0,2
0.4482346475124359,2,3,0,2
0.5851147770881653,3,3,0,2
0.4011436104774475,4,3,0,2
0.5522681474685669,5,3,0,2
0.5379729866981506,6,3,0,2
0.5662470459938049,1,3,0,2
0.6404765844345093,2,3,0,2
0.4648961126804352,3,3,0,2
0.6938908100128174,4,3,0,2
0.5817710161209106,5,3,0,2
0.5890828967094421,1,3,0,2
0.49148112535476685,2,3,0,2
0.6363330483436584,3,3,0,2
0.5191699266433716,4,3,0,2
0.3898746967315674,1,3,0,2
0.6257202625274658,2,3,0,2
0.615243136882782,3,3,0,2
0.6450130343437195,1,3,0,2
0.3911842107772827,2,3,0,2
0.592994213104248,1,3,0,2
,1,3,0,3
,2,3,0,3
,3,3,0,3
,4,3,0,3
,5,3,0,3
,6,3,0,3
,7,3,0,3
,8,3,0,3
,9,3,0,3
,1,3,0,3
,2,3,0,3
,3,3,0,3
,4,3,0,3
,5,3,0,3
,6,3,0,3
,7,3,0,3
,8,3,0,3
,1,3,0,3
,2,3,0,3
,3,3,0,3
,4,3,0,3
,5,3,0,3
,6,3,0,3
,7,3,0,3
,1,3,0,3
,2,3,0,3
,3,3,0,3
,4,3,0,3
,5,3,0,3
,6,3,0,3
,1,3,0,3
,2,3,0,3
,3,3,0,3
,4,3,0,3
,5,3,0,3
,1,3,0,3
,2,3,0,3
,3,3,0,3
,4,3,0,3
,1,3,0,3
,2,3,0,3
,3,3,0,3
,1,3,0,3
,2,3,0,3
,1,3,0,3
0.2703844904899597,1,3,0,4
0.3006210923194885,2,3,0,4
0.5121327638626099,3,3,0,4
0.3916339874267578,4,3,0,4
0.405678927898407,5,3,0,4
0.3518680930137634,6,3,0,4
0.37987008690834045,7,3,0,4
0.250963032245636,8,3,0,4
0.3389438986778259,9,3,0,4
0.4089627265930176,1,3,0,4
0.49055910110473633,2,3,0,4
0.4285742938518524,3,3,0,4
0.29496240615844727,4,3,0,4
0.25176602602005005,5,3,0,4
0.5008172988891602,6,3,0,4
0.3339765965938568,7,3,0,4
0.4340490400791168,8,3,0,4
0.5231066942214966,1,3,0,4
0.5843901634216309,2,3,0,4
0.4472538232803345,3,3,0,4
0.5243622064590454,4,3,0,4
0.3565259575843811,5,3,0,4
0.3219684362411499,6,3,0,4
0.5674619674682617,7,3,0,4
0.47937819361686707,1,3,0,4
0.5627073645591736,2,3,0,4
0.49511003494262695,3,3,0,4
0.4827262759208679,4,3,0,4
0.29423534870147705,5,3,0,4
0.4407716989517212,6,3,0,4
0.43205079436302185,1,3,0,4
0.46390068531036377,2,3,0,4
0.41222304105758667,3,3,0,4
0.35535895824432373,4,3,0,4
0.5922814607620239,5,3,0,4
0.3346605896949768,1,3,0,4
0.24920839071273804,2,3,0,4
0.3352714776992798,3,3,0,4
0.3046446740627289,4,3,0,4
0.37595558166503906,1,3,0,4
0.21316027641296387,2,3,0,4
0.4441312551498413,3,3,0,4
0.22828534245491028,1,3,0,4
0.499753475189209,2,3,0,4
0.4226873517036438,1,3,0,4
0.4407181143760681,1,3,0,5
0.4279307723045349,2,3,0,5
0.38119906187057495,3,3,0,5
0.3679819703102112,4,3,0,5
0.41433513164520264,5,3,0,5
0.5079788565635681,6,3,0,5
0.42414194345474243,7,3,0,5
0.37292954325675964,8,3,0,5
0.24760586023330688,9,3,0,5
0.5629531741142273,1,3,0,5
0.5690572261810303,2,3,0,5
0.6056975722312927,3,3,0,5
0.6190964579582214,4,3,0,5
0.5078727602958679,5,3,0,5
0.4913572669029236,6,3,0,5
0.4969647526741028,7,3,0,5
0.2899435758590698,8,3,0,5
0.4375631511211395,1,3,0,5
0.6511227488517761,2,3,0,5
0.613846480846405,3,3,0,5
0.5719680786132812,4,3,0,5
0.5479485988616943,5,3,0,5
0.49197059869766235,6,3,0,5
0.22217226028442383,7,3,0,5
0.4931367337703705,1,3,0,5
0.5382379293441772,2,3,0,5
0.37982094287872314,3,3,0,5
0.6220611929893494,4,3,0,5
0.4628939628601074,5,3,0,5
0.2535746693611145,6,3,0,5
0.6344258785247803,1,3,0,5
0.48028329014778137,2,3,0,5
0.6095539331436157,3,3,0,5
0.542741060256958,4,3,0,5
0.2651439607143402,5,3,0,5
0.4994391202926636,1,3,0,5
0.7172611355781555,2,3,0,5
0.7201542258262634,3,3,0,5
0.3976224660873413,4,3,0,5
0.3378062844276428,1,3,0,5
0.5061037540435791,2,3,0,5
0.35135358572006226,3,3,0,5
0.6430246233940125,1,3,0,5
0.35641953349113464,2,3,0,5
0.3578607738018036,1,3,0,5
0.6532393097877502,1,3,0,6
0.6174295544624329,2,3,0,6
0.6438251733779907,3,3,0,6
0.35969310998916626,4,3,0,6
0.5891101956367493,5,3,0,6
0.4974190592765808,6,3,0,6
0.5601682662963867,7,3,0,6
0.5633465051651001,8,3,0,6
0.5274057984352112,9,3,0,6
0.5958943963050842,1,3,0,6
0.6023613810539246,2,3,0,6
0.37580984830856323,3,3,0,6
0.6036906838417053,4,3,0,6
0.5000274181365967,5,3,0,6
0.6057446599006653,6,3,0,6
0.6048766374588013,7,3,0,6
0.4771513342857361,8,3,0,6
0.635515570640564,1,3,0,6
0.35477572679519653,2,3,0,6
0.5918639898300171,3,3,0,6
0.4380928575992584,4,3,0,6
0.698453426361084,5,3,0,6
0.5583525896072388,6,3,0,6
0.518414318561554,7,3,0,6
0.3419162631034851,1,3,0,6
0.7078897953033447,2,3,0,6
0.5053361654281616,3,3,0,6
0.7509480714797974,4,3,0,6
0.5304837822914124,5,3,0,6
0.574293851852417,6,3,0,6
0.4136474132537842,1,3,0,6
0.40851885080337524,2,3,0,6
0.28966736793518066,3,3,0,6
0.25745689868927,4,3,0,6
0.2078692764043808,5,3,0,6
0.4022439122200012,1,3,0,6
0.6320066452026367,2,3,0,6
0.5349416732788086,3,3,0,6
0.5033774375915527,4,3,0,6
0.40376973152160645,1,3,0,6
0.39494794607162476,2,3,0,6
0.37076568603515625,3,3,0,6
0.5416279435157776,1,3,0,6
0.619407594203949,2,3,0,6
0.45263269543647766,1,3,0,6
0.5742161870002747,1,3,0,7
0.43458160758018494,2,3,0,7
0.42547476291656494,3,3,0,7
0.27611544728279114,4,3,0,7
0.44042834639549255,5,3,0,7
0.33693262934684753,6,3,0,7
0.4525763690471649,7,3,0,7
0.06629838794469833,8,3,0,7
0.41275376081466675,9,3,0,7
0.5814588069915771,1,3,0,7
0.4957965314388275,2,3,0,7
0.3828834891319275,3,3,0,7
0.5998370051383972,4,3,0,7
0.5042765736579895,5,3,0,7
0.6153903007507324,6,3,0,7
0.354828804731369,7,3,0,7
0.5546139478683472,8,3,0,7
0.37745827436447144,1,3,0,7
0.3316349983215332,2,3,0,7
0.46752601861953735,3,3,0,7
0.45427608489990234,4,3,0,7
0.427029013633728,5,3,0,7
0.15277943015098572,6,3,0,7
0.48782193660736084,7,3,0,7
0.32410040497779846,1,3,0,7
0.38859784603118896,2,3,0,7
0.43836724758148193,3,3,0,7
0.3490467071533203,4,3,0,7
0.16533949971199036,5,3,0,7
0.5927814841270447,6,3,0,7
0.43892741203308105,1,3,0,7
0.3756299614906311,2,3,0,7
0.3023802936077118,3,3,0,7
0.5117946863174438,4,3,0,7
0.3341701328754425,5,3,0,7
0.4399639964103699,1,3,0,7
0.5094295740127563,2,3,0,7
0.3270556628704071,3,3,0,7
0.5018463134765625,4,3,0,7
0.3873480558395386,1,3,0,7
0.38921859860420227,2,3,0,7
0.5165042281150818,3,3,0,7
0.27008891105651855,1,3,0,7
0.45837536454200745,2,3,0,7
0.3569740056991577,1,3,0,7
0.39706265926361084,1,3,0,8
0.2812901437282562,2,3,0,8
0.47748011350631714,3,3,0,8
0.2683577835559845,4,3,0,8
0.3702864646911621,5,3,0,8
0.41435378789901733,6,3,0,8
0.3702864646911621,7,3,0,8
0.34795376658439636,8,3,0,8
0.44650983810424805,9,3,0,8
0.36218810081481934,1,3,0,8
0.5465158224105835,2,3,0,8
0.2866542935371399,3,3,0,8
0.38952165842056274,4,3,0,8
0.5560144186019897,5,3,0,8
0.38952165842056274,6,3,0,8
0.38548409938812256,7,3,0,8
0.5791138410568237,8,3,0,8
0.29481348395347595,1,3,0,8
0.7041712999343872,2,3,0,8
0.7424686551094055,3,3,0,8
0.20225092768669128,4,3,0,8
0.7424686551094055,5,3,0,8
0.7353826761245728,6,3,0,8
0.23126496374607086,7,3,0,8
0.1294506937265396,1,3,0,8
0.2395668774843216,2,3,0,8
0.4819997549057007,3,3,0,8
0.2395668774843216,4,3,0,8
0.22830238938331604,5,3,0,8
0.6015939712524414,6,3,0,8
0.8360068798065186,1,3,0,8
0.17815643548965454,2,3,0,8
0.8360068798065186,3,3,0,8
0.8351539373397827,4,3,0,8
0.17329975962638855,5,3,0,8
0.2915039360523224,1,3,0,8
1.0000001192092896,2,3,0,8
0.9829601645469666,3,3,0,8
0.28761085867881775,4,3,0,8
0.2915039360523224,1,3,0,8
0.2705579400062561,2,3,0,8
0.5827192664146423,3,3,0,8
0.9829601645469666,1,3,0,8
0.28761085867881775,2,3,0,8
0.2707183063030243,1,3,0,8
0.45132976770401,1,3,0,9
0.42208388447761536,2,3,0,9
0.42202627658843994,3,3,0,9
0.3033272325992584,4,3,0,9
0.4041898846626282,5,3,0,9
0.3394392132759094,6,3,0,9
0.450654536485672,7,3,0,9
0.32907411456108093,8,3,0,9
0.4495793581008911,9,3,0,9
0.4965739846229553,1,3,0,9
0.4109005928039551,2,3,0,9
0.49958428740501404,3,3,0,9
0.27221572399139404,4,3,0,9
0.42643073201179504,5,3,0,9
0.29349368810653687,6,3,0,9
0.3124714195728302,7,3,0,9
0.5120061039924622,8,3,0,9
0.3943396508693695,1,3,0,9
0.45808136463165283,2,3,0,9
0.3972030580043793,3,3,0,9
0.2898932695388794,4,3,0,9
0.4204447865486145,5,3,0,9
0.33739185333251953,6,3,0,9
0.36399605870246887,7,3,0,9
0.18313445150852203,1,3,0,9
0.5134947299957275,2,3,0,9
0.16612397134304047,3,3,0,9
0.454068124294281,4,3,0,9
0.4403238892555237,5,3,0,9
0.33174484968185425,6,3,0,9
0.0627606064081192,1,3,0,9
0.2877265214920044,2,3,0,9
0.08603263646364212,3,3,0,9
0.1082720160484314,4,3,0,9
0.5031188130378723,5,3,0,9
0.1854071021080017,1,3,0,9
0.8302060961723328,2,3,0,9
0.7067297697067261,3,3,0,9
0.2638470530509949,4,3,0,9
0.22128690779209137,1,3,0,9
0.1541401445865631,2,3,0,9
0.3463296890258789,3,3,0,9
0.6443541646003723,1,3,0,9
0.2992146611213684,2,3,0,9
0.17241524159908295,1,3,0,9
0.4877145290374756,1,1,1,0
0.5493540167808533,2,1,1,0
0.3951665759086609,3,1,1,0
0.49281176924705505,4,1,1,0
0.48444750905036926,5,1,1,0
0.4459141790866852,6,1,1,0
0.4695233404636383,7,1,1,0
0.4591995179653168,8,1,1,0
0.43427908420562744,9,1,1,0
0.6065465211868286,1,1,1,0
0.34040042757987976,2,1,1,0
0.47847920656204224,3,1,1,0
0.4002564549446106,4,1,1,0
0.5165509581565857,5,1,1,0
0.4357895851135254,6,1,1,0
0.5809311866760254,7,1,1,0
0.43021392822265625,8,1,1,0
0.5399317741394043,1,1,1,0
0.5953978896141052,2,1,1,0
0.5553048849105835,3,1,1,0
0.5930389165878296,4,1,1,0
0.6223242282867432,5,1,1,0
0.5865848660469055,6,1,1,0
0.6035531759262085,7,1,1,0
0.6693904399871826,1,1,1,0
0.5499060750007629,2,1,1,0
0.5013142228126526,3,1,1,0
0.5381335616111755,4,1,1,0
0.4227057099342346,5,1,1,0
0.559505045413971,6,1,1,0
0.45840489864349365,1,1,1,0
0.4207483232021332,2,1,1,0
0.5952467918395996,3,1,1,0
0.45406773686408997,4,1,1,0
0.5739778876304626,5,1,1,0
0.5155505537986755,1,1,1,0
0.48999685049057007,2,1,1,0
0.48513203859329224,3,1,1,0
0.5171307325363159,4,1,1,0
0.5530077219009399,1,1,1,0
0.720995306968689,2,1,1,0
0.501451849937439,3,1,1,0
0.5862734317779541,1,1,1,0
0.6047215461730957,2,1,1,0
0.5127240419387817,1,1,1,0
0.3531001806259155,1,1,1,1
0.6292581558227539,2,1,1,1
0.46518149971961975,3,1,1,1
0.48006671667099,4,1,1,1
0.38072842359542847,5,1,1,1
0.5555423498153687,6,1,1,1
0.4325030744075775,7,1,1,1
0.40941187739372253,8,1,1,1
0.4840869605541229,9,1,1,1
0.3510764241218567,1,1,1,1
0.1234988421201706,2,1,1,1
0.20299357175827026,3,1,1,1
0.21921506524085999,4,1,1,1
0.3561365008354187,5,1,1,1
0.2876582741737366,6,1,1,1
0.32164984941482544,7,1,1,1
0.2353246957063675,8,1,1,1
0.6236554384231567,1,1,1,1
0.5138970017433167,2,1,1,1
0.45909008383750916,3,1,1,1
0.5539039373397827,4,1,1,1
0.5478120446205139,5,1,1,1
0.4052213430404663,6,1,1,1
0.4725547432899475,7,1,1,1
0.44227534532546997,1,1,1,1
0.5838239789009094,2,1,1,1
0.49176734685897827,3,1,1,1
0.5758985280990601,4,1,1,1
0.252697229385376,5,1,1,1
0.48138952255249023,6,1,1,1
0.44853484630584717,1,1,1,1
0.39688640832901,2,1,1,1
0.4450528621673584,3,1,1,1
0.4246295094490051,4,1,1,1
0.4670303463935852,5,1,1,1
0.4502944350242615,1,1,1,1
0.6227118372917175,2,1,1,1
0.2692811191082001,3,1,1,1
0.5670921206474304,4,1,1,1
0.47626471519470215,1,1,1,1
0.3480415642261505,2,1,1,1
0.5460240840911865,3,1,1,1
0.2673536539077759,1,1,1,1
0.5969786643981934,2,1,1,1
0.23706519603729248,1,1,1,1
0.5171214938163757,1,1,1,2
0.41883939504623413,2,1,1,2
0.5179563164710999,3,1,1,2
0.37131160497665405,4,1,1,2
0.5628917217254639,5,1,1,2
0.5177671909332275,6,1,1,2
0.4838055968284607,7,1,1,2
0.3844068646430969,8,1,1,2
0.5784419775009155,9,1,1,2
0.440703421831131,1,1,1,2
0.35708874464035034,2,1,1,2
0.45814523100852966,3,1,1,2
0.4279526472091675,4,1,1,2
0.3590879440307617,5,1,1,2
0.39710739254951477,6,1,1,2
0.401083767414093,7,1,1,2
0.5449231266975403,8,1,1,2
0.642322301864624,1,1,1,2
0.5188196897506714,2,1,1,2
0.602261483669281,3,1,1,2
0.5327510833740234,4,1,1,2
0.5260552167892456,5,1,1,2
0.4301021099090576,6,1,1,2
0.42183631658554077,7,1,1,2
0.43972623348236084,1,1,1,2
0.5650052428245544,2,1,1,2
0.7279170751571655,3,1,1,2
0.537010133266449,4,1,1,2
0.5656476616859436,5,1,1,2
0.4916166663169861,6,1,1,2
0.4841463565826416,1,1,1,2
0.4658067524433136,2,1,1,2
0.5508453845977783,3,1,1,2
0.37053942680358887,4,1,1,2
0.4828076660633087,5,1,1,2
0.4840143620967865,1,1,1,2
0.45995575189590454,2,1,1,2
0.4033125340938568,3,1,1,2
0.48309212923049927,4,1,1,2
0.6422613263130188,1,1,1,2
0.6167363524436951,2,1,1,2
0.5440605878829956,3,1,1,2
0.43108895421028137,1,1,1,2
0.5017913579940796,2,1,1,2
0.40321874618530273,1,1,1,2
0.6117475032806396,1,1,1,3
0.40854233503341675,2,1,1,3
0.545181155204773,3,1,1,3
0.5433481931686401,4,1,1,3
0.49126824736595154,5,1,1,3
0.307932585477829,6,1,1,3
0.6493675112724304,7,1,1,3
0.3825150728225708,8,1,1,3
0.5133312940597534,9,1,1,3
0.32656988501548767,1,1,1,3
0.46287575364112854,2,1,1,3
0.3576890230178833,3,1,1,3
0.42880532145500183,4,1,1,3
0.24460145831108093,5,1,1,3
0.42899972200393677,6,1,1,3
0.266838401556015,7,1,1,3
0.42648443579673767,8,1,1,3
0.2857306897640228,1,1,1,3
0.34336432814598083,2,1,1,3
0.21938815712928772,3,1,1,3
0.46405333280563354,4,1,1,3
0.2907409071922302,5,1,1,3
0.5300089716911316,6,1,1,3
0.293545126914978,7,1,1,3
0.39817947149276733,1,1,1,3
0.5416709184646606,2,1,1,3
0.07726961374282837,3,1,1,3
0.47138655185699463,4,1,1,3
0.2644922435283661,5,1,1,3
0.6137840151786804,6,1,1,3
0.4229143559932709,1,1,1,3
0.2641400098800659,2,1,1,3
0.5884081721305847,3,1,1,3
0.3056009113788605,4,1,1,3
0.3693859279155731,5,1,1,3
0.1444392055273056,1,1,1,3
0.36906763911247253,2,1,1,3
0.25934287905693054,3,1,1,3
0.47497087717056274,4,1,1,3
0.28820574283599854,1,1,1,3
0.42122721672058105,2,1,1,3
0.13435906171798706,3,1,1,3
0.3191002309322357,1,1,1,3
0.3503151834011078,2,1,1,3
0.2603153884410858,1,1,1,3
,1,1,1,4
,2,1,1,4
,3,1,1,4
,4,1,1,4
,5,1,1,4
,6,1,1,4
,7,1,1,4
,8,1,1,4
,9,1,1,4
,1,1,1,4
,2,1,1,4
,3,1,1,4
,4,1,1,4
,5,1,1,4
,6,1,1,4
,7,1,1,4
,8,1,1,4
,1,1,1,4
,2,1,1,4
,3,1,1,4
,4,1,1,4
,5,1,1,4
,6,1,1,4
,7,1,1,4
,1,1,1,4
,2,1,1,4
,3,1,1,4
,4,1,1,4
,5,1,1,4
,6,1,1,4
,1,1,1,4
,2,1,1,4
,3,1,1,4
,4,1,1,4
,5,1,1,4
,1,1,1,4
,2,1,1,4
,3,1,1,4
,4,1,1,4
,1,1,1,4
,2,1,1,4
,3,1,1,4
,1,1,1,4
,2,1,1,4
,1,1,1,4
0.677994430065155,1,1,1,5
0.6070818901062012,2,1,1,5
0.5944526791572571,3,1,1,5
0.5396446585655212,4,1,1,5
0.5796664357185364,5,1,1,5
0.510739266872406,6,1,1,5
0.5577402710914612,7,1,1,5
0.44943439960479736,8,1,1,5
0.5730215907096863,9,1,1,5
0.6464294195175171,1,1,1,5
0.6289845108985901,2,1,1,5
0.6000330448150635,3,1,1,5
0.6657965779304504,4,1,1,5
0.5176966786384583,5,1,1,5
0.604832649230957,6,1,1,5
0.5118380784988403,7,1,1,5
0.6059702634811401,8,1,1,5
0.6879175901412964,1,1,1,5
0.6569883227348328,2,1,1,5
0.7060866355895996,3,1,1,5
0.6242515444755554,4,1,1,5
0.5910818576812744,5,1,1,5
0.5138993859291077,6,1,1,5
0.5800312161445618,7,1,1,5
0.6132596135139465,1,1,1,5
0.6221780180931091,2,1,1,5
0.516564130783081,3,1,1,5
0.5192066431045532,4,1,1,5
0.5199398398399353,5,1,1,5
0.585382878780365,6,1,1,5
0.5694729089736938,1,1,1,5
0.5318584442138672,2,1,1,5
0.5284544229507446,3,1,1,5
0.5498766899108887,4,1,1,5
0.529747724533081,5,1,1,5
0.46355539560317993,1,1,1,5
0.5297748446464539,2,1,1,5
0.4344910681247711,3,1,1,5
0.5580981969833374,4,1,1,5
0.4882030785083771,1,1,1,5
0.5323255658149719,2,1,1,5
0.47381749749183655,3,1,1,5
0.462726354598999,1,1,1,5
0.5858412384986877,2,1,1,5
0.4462733268737793,1,1,1,5
0.4303705096244812,1,1,1,6
0.44145649671554565,2,1,1,6
0.39024341106414795,3,1,1,6
0.3387596905231476,4,1,1,6
0.42200201749801636,5,1,1,6
0.504241943359375,6,1,1,6
0.5248718857765198,7,1,1,6
0.5146239399909973,8,1,1,6
0.451374888420105,9,1,1,6
0.4447428286075592,1,1,1,6
0.5846906304359436,2,1,1,6
0.4655684232711792,3,1,1,6
0.40453970432281494,4,1,1,6
0.5962967872619629,5,1,1,6
0.5690858960151672,6,1,1,6
0.5211498737335205,7,1,1,6
0.5809828042984009,8,1,1,6
0.46513861417770386,1,1,1,6
0.4424401521682739,2,1,1,6
0.3765864968299866,3,1,1,6
0.47315776348114014,4,1,1,6
0.47134819626808167,5,1,1,6
0.5020734071731567,6,1,1,6
0.531378984451294,7,1,1,6
0.5766980051994324,1,1,1,6
0.37496277689933777,2,1,1,6
0.424612820148468,3,1,1,6
0.516913890838623,4,1,1,6
0.5104441046714783,5,1,1,6
0.5217677354812622,6,1,1,6
0.3948872983455658,1,1,1,6
0.4085903763771057,2,1,1,6
0.49186721444129944,3,1,1,6
0.5010768175125122,4,1,1,6
0.45824018120765686,5,1,1,6
0.5836858749389648,1,1,1,6
0.5624797940254211,2,1,1,6
0.5878823399543762,3,1,1,6
0.36540377140045166,4,1,1,6
0.6338997483253479,1,1,1,6
0.7003704309463501,2,1,1,6
0.6353415250778198,3,1,1,6
0.6767044067382812,1,1,1,6
0.6312870383262634,2,1,1,6
0.5582988262176514,1,1,1,6
0.6083438396453857,1,1,1,7
,2,1,1,7
0.515338122844696,3,1,1,7
0.5272743701934814,4,1,1,7
0.45389553904533386,5,1,1,7
0.5077022314071655,6,1,1,7
0.49276378750801086,7,1,1,7
0.5067722201347351,8,1,1,7
0.5418180823326111,9,1,1,7
,1,1,1,7
0.5980689525604248,2,1,1,7
0.682648241519928,3,1,1,7
0.5696998834609985,4,1,1,7
0.590754508972168,5,1,1,7
0.531208336353302,6,1,1,7
0.5897167325019836,7,1,1,7
0.4876246452331543,8,1,1,7
,1,1,1,7
,2,1,1,7
,3,1,1,7
,4,1,1,7
,5,1,1,7
,6,1,1,7
,7,1,1,7
0.6581153273582458,1,1,1,7
0.5475270748138428,2,1,1,7
0.5165775418281555,3,1,1,7
0.5884034633636475,4,1,1,7
0.5666409134864807,5,1,1,7
0.533602237701416,6,1,1,7
0.5709647536277771,1,1,1,7
0.542624294757843,2,1,1,7
0.6219781637191772,3,1,1,7
0.5258845090866089,4,1,1,7
0.5373015999794006,5,1,1,7
0.5445865988731384,1,1,1,7
0.5224778056144714,2,1,1,7
0.49044859409332275,3,1,1,7
0.5506678819656372,4,1,1,7
0.49347439408302307,1,1,1,7
0.5657604336738586,2,1,1,7
0.5739290118217468,3,1,1,7
0.5091052055358887,1,1,1,7
0.5864388346672058,2,1,1,7
0.5795583724975586,1,1,1,7
0.4119764268398285,1,1,1,8
0.38507920503616333,2,1,1,8
0.5859718322753906,3,1,1,8
0.46041780710220337,4,1,1,8
0.5782663226127625,5,1,1,8
0.3937152624130249,6,1,1,8
0.5418063402175903,7,1,1,8
0.5255895256996155,8,1,1,8
0.572274386882782,9,1,1,8
0.19615326821804047,1,1,1,8
0.29844987392425537,2,1,1,8
0.23759113252162933,3,1,1,8
0.28521832823753357,4,1,1,8
0.16544243693351746,5,1,1,8
0.2393227070569992,6,1,1,8
0.24932827055454254,7,1,1,8
0.42451468110084534,8,1,1,8
0.32838869094848633,1,1,1,8
0.28697165846824646,2,1,1,8
0.38694167137145996,3,1,1,8
0.34759700298309326,4,1,1,8
0.32911211252212524,5,1,1,8
0.35086843371391296,6,1,1,8
0.2989990711212158,7,1,1,8
0.41489851474761963,1,1,1,8
0.5483880639076233,2,1,1,8
0.4674229621887207,3,1,1,8
0.6848364472389221,4,1,1,8
0.5573918223381042,5,1,1,8
0.4546436071395874,6,1,1,8
0.44957900047302246,1,1,1,8
0.49787482619285583,2,1,1,8
0.5251580476760864,3,1,1,8
0.44017598032951355,4,1,1,8
0.29391536116600037,5,1,1,8
0.3598717451095581,1,1,1,8
0.49944329261779785,2,1,1,8
0.3643157184123993,3,1,1,8
0.4665982127189636,4,1,1,8
0.47427642345428467,1,1,1,8
0.5774140357971191,2,1,1,8
0.2668348252773285,3,1,1,8
0.5358302593231201,1,1,1,8
0.4177914261817932,2,1,1,8
0.41670647263526917,1,1,1,8
,1,1,1,9
,2,1,1,9
,3,1,1,9
,4,1,1,9
,5,1,1,9
,6,1,1,9
,7,1,1,9
,8,1,1,9
,9,1,1,9
,1,1,1,9
,2,1,1,9
,3,1,1,9
,4,1,1,9
,5,1,1,9
,6,1,1,9
,7,1,1,9
,8,1,1,9
,1,1,1,9
,2,1,1,9
,3,1,1,9
,4,1,1,9
,5,1,1,9
,6,1,1,9
,7,1,1,9
,1,1,1,9
,2,1,1,9
,3,1,1,9
,4,1,1,9
,5,1,1,9
,6,1,1,9
,1,1,1,9
,2,1,1,9
,3,1,1,9
,4,1,1,9
,5,1,1,9
,1,1,1,9
,2,1,1,9
,3,1,1,9
,4,1,1,9
,1,1,1,9
,2,1,1,9
,3,1,1,9
,1,1,1,9
,2,1,1,9
,1,1,1,9
0.5773250460624695,1,1,1,10
0.5463008284568787,2,1,1,10
0.4131065607070923,3,1,1,10
0.31701934337615967,4,1,1,10
0.5046086311340332,5,1,1,10
0.1858985424041748,6,1,1,10
0.5910031199455261,7,1,1,10
0.47734418511390686,8,1,1,10
0.3948797583580017,9,1,1,10
0.4235176742076874,1,1,1,10
0.6025908589363098,2,1,1,10
0.39575061202049255,3,1,1,10
0.5427947044372559,4,1,1,10
0.41934576630592346,5,1,1,10
0.44568854570388794,6,1,1,10
0.5215961337089539,7,1,1,10
0.511760950088501,8,1,1,10
0.3797978162765503,1,1,1,10
0.4884246587753296,2,1,1,10
0.5095657706260681,3,1,1,10
0.30489522218704224,4,1,1,10
0.5786100625991821,5,1,1,10
0.5439926981925964,6,1,1,10
0.4512367248535156,7,1,1,10
0.5283488035202026,1,1,1,10
0.5953638553619385,2,1,1,10
0.46653106808662415,3,1,1,10
0.5304563641548157,4,1,1,10
0.6480994820594788,5,1,1,10
0.5392245650291443,6,1,1,10
0.5331743359565735,1,1,1,10
0.5852726101875305,2,1,1,10
0.5421159863471985,3,1,1,10
0.6815016269683838,4,1,1,10
0.49348992109298706,5,1,1,10
0.43140071630477905,1,1,1,10
0.5939239859580994,2,1,1,10
0.6632754802703857,3,1,1,10
0.6112008094787598,4,1,1,10
0.32271167635917664,1,1,1,10
0.5949584245681763,2,1,1,10
0.4416452646255493,3,1,1,10
0.6649907827377319,1,1,1,10
0.5901829600334167,2,1,1,10
0.6047308444976807,1,1,1,10
0.3346032500267029,1,1,1,11
0.4252428412437439,2,1,1,11
0.37128686904907227,3,1,1,11
0.48151230812072754,4,1,1,11
0.3244226574897766,5,1,1,11
0.5685911178588867,6,1,1,11
0.2779959738254547,7,1,1,11
0.31913724541664124,8,1,1,11
0.46197372674942017,9,1,1,11
0.2975558042526245,1,1,1,11
0.393886923789978,2,1,1,11
0.44610530138015747,3,1,1,11
0.47920823097229004,4,1,1,11
0.5233590006828308,5,1,1,11
0.5466422438621521,6,1,1,11
0.32518360018730164,7,1,1,11
0.3687889575958252,8,1,1,11
0.4994230270385742,1,1,1,11
0.48585245013237,2,1,1,11
0.4705606698989868,3,1,1,11
0.4998728930950165,4,1,1,11
0.4002450704574585,5,1,1,11
0.5205783247947693,6,1,1,11
0.6373140811920166,7,1,1,11
0.6152260303497314,1,1,1,11
0.5581797957420349,2,1,1,11
0.538742184638977,3,1,1,11
0.4598715305328369,4,1,1,11
0.5617823004722595,5,1,1,11
0.6897251605987549,6,1,1,11
0.6399685740470886,1,1,1,11
0.8143506050109863,2,1,1,11
0.6412640810012817,3,1,1,11
0.5319657921791077,4,1,1,11
0.7131098508834839,5,1,1,11
0.530925989151001,1,1,1,11
0.6567187309265137,2,1,1,11
0.5991743206977844,3,1,1,11
0.6503433585166931,4,1,1,11
0.523435115814209,1,1,1,11
0.506597101688385,2,1,1,11
0.6232023239135742,3,1,1,11
0.39206093549728394,1,1,1,11
0.5339272618293762,2,1,1,11
0.6622465252876282,1,1,1,11
0.3926398456096649,1,2,1,0
0.44230788946151733,2,2,1,0
0.3303002715110779,3,2,1,0
0.5678912401199341,4,2,1,0
0.40471944212913513,5,2,1,0
0.2377818524837494,6,2,1,0
0.23483805358409882,7,2,1,0
0.38035568594932556,8,2,1,0
0.6359133124351501,9,2,1,0
0.5618114471435547,1,2,1,0
0.5287818312644958,2,2,1,0
0.4141295552253723,3,2,1,0
0.3996834456920624,4,2,1,0
0.3004153370857239,5,2,1,0
0.33667415380477905,6,2,1,0
0.4048556387424469,7,2,1,0
0.3330088257789612,8,2,1,0
0.3552814722061157,1,2,1,0
0.5634183883666992,2,2,1,0
0.4584205746650696,3,2,1,0
0.28275543451309204,4,2,1,0
0.32963186502456665,5,2,1,0
0.4152267277240753,6,2,1,0
0.37532007694244385,7,2,1,0
0.3784496784210205,1,2,1,0
0.5313820838928223,2,2,1,0
0.40895211696624756,3,2,1,0
0.33293840289115906,4,2,1,0
0.5162560343742371,5,2,1,0
0.34302762150764465,6,2,1,0
0.41876929998397827,1,2,1,0
0.2284349501132965,2,2,1,0
0.17018398642539978,3,2,1,0
0.4723752737045288,4,2,1,0
0.527118444442749,5,2,1,0
0.5012309551239014,1,2,1,0
0.3575511574745178,2,2,1,0
0.5865975022315979,3,2,1,0
0.451113224029541,4,2,1,0
0.24552471935749054,1,2,1,0
0.627409040927887,2,2,1,0
0.25368425250053406,3,2,1,0
0.24943925440311432,1,2,1,0
0.28675130009651184,2,2,1,0
0.4232846200466156,1,2,1,0
0.8041170835494995,1,2,1,1
0.5255947113037109,2,2,1,1
0.7695565819740295,3,2,1,1
0.7156463265419006,4,2,1,1
0.5854995250701904,5,2,1,1
0.4790843725204468,6,2,1,1
0.6678048372268677,7,2,1,1
0.47096115350723267,8,2,1,1
0.7006874680519104,9,2,1,1
0.5960536599159241,1,2,1,1
0.7812198996543884,2,2,1,1
0.7188353538513184,3,2,1,1
0.5982697606086731,4,2,1,1
0.5229578018188477,5,2,1,1
0.6638362407684326,6,2,1,1
0.48881226778030396,7,2,1,1
0.7160388231277466,8,2,1,1
0.5534696578979492,1,2,1,1
0.5242526531219482,2,2,1,1
0.5693238973617554,3,2,1,1
0.4434763789176941,4,2,1,1
0.5046692490577698,5,2,1,1
0.5339563488960266,6,2,1,1
0.5036420822143555,7,2,1,1
0.6221457719802856,1,2,1,1
0.49935805797576904,2,2,1,1
0.5052019357681274,3,2,1,1
0.6566990613937378,4,2,1,1
0.548546552658081,5,2,1,1
0.6604531407356262,6,2,1,1
0.557835042476654,1,2,1,1
0.5253013372421265,2,2,1,1
0.5821376442909241,3,2,1,1
0.43964532017707825,4,2,1,1
0.6762392520904541,5,2,1,1
0.5027312636375427,1,2,1,1
0.4456164240837097,2,2,1,1
0.5961899757385254,3,2,1,1
0.6374054551124573,4,2,1,1
0.5006178021430969,1,2,1,1
0.5130693912506104,2,2,1,1
0.5408531427383423,3,2,1,1
0.39756062626838684,1,2,1,1
0.5502673983573914,2,2,1,1
0.5374723672866821,1,2,1,1
0.6894222497940063,1,2,1,2
0.515480101108551,2,2,1,2
0.5032587647438049,3,2,1,2
0.5765381455421448,4,2,1,2
0.5443117022514343,5,2,1,2
0.5251901149749756,6,2,1,2
0.4998629689216614,7,2,1,2
0.6261695623397827,8,2,1,2
0.6307038068771362,9,2,1,2
0.5860462784767151,1,2,1,2
0.626015841960907,2,2,1,2
0.7250668406486511,3,2,1,2
0.648060142993927,4,2,1,2
0.6164464354515076,5,2,1,2
0.661705732345581,6,2,1,2
0.7008041739463806,7,2,1,2
0.7282033562660217,8,2,1,2
0.6555445194244385,1,2,1,2
0.6261472702026367,2,2,1,2
0.4703834652900696,3,2,1,2
0.4573959410190582,4,2,1,2
0.579304039478302,5,2,1,2
0.7095327377319336,6,2,1,2
0.513373613357544,7,2,1,2
0.6559658646583557,1,2,1,2
0.6876845955848694,2,2,1,2
0.7836054563522339,3,2,1,2
0.6089813113212585,4,2,1,2
0.7021148204803467,5,2,1,2
0.6499263048171997,6,2,1,2
0.6748558282852173,1,2,1,2
0.5629452466964722,2,2,1,2
0.542023777961731,3,2,1,2
0.6530262231826782,4,2,1,2
0.6115090847015381,5,2,1,2
0.6561510562896729,1,2,1,2
0.5228997468948364,2,2,1,2
0.6289034485816956,3,2,1,2
0.6831584572792053,4,2,1,2
0.5589315891265869,1,2,1,2
0.6121941804885864,2,2,1,2
0.6869862675666809,3,2,1,2
0.7020175457000732,1,2,1,2
0.6131187081336975,2,2,1,2
0.656154215335846,1,2,1,2
,1,2,1,3
,2,2,1,3
,3,2,1,3
,4,2,1,3
,5,2,1,3
,6,2,1,3
,7,2,1,3
,8,2,1,3
,9,2,1,3
,1,2,1,3
,2,2,1,3
,3,2,1,3
,4,2,1,3
,5,2,1,3
,6,2,1,3
,7,2,1,3
,8,2,1,3
,1,2,1,3
,2,2,1,3
,3,2,1,3
,4,2,1,3
,5,2,1,3
,6,2,1,3
,7,2,1,3
,1,2,1,3
,2,2,1,3
,3,2,1,3
,4,2,1,3
,5,2,1,3
,6,2,1,3
,1,2,1,3
,2,2,1,3
,3,2,1,3
,4,2,1,3
,5,2,1,3
,1,2,1,3
,2,2,1,3
,3,2,1,3
,4,2,1,3
,1,2,1,3
,2,2,1,3
,3,2,1,3
,1,2,1,3
,2,2,1,3
,1,2,1,3
0.5792675018310547,1,2,1,4
0.560490608215332,2,2,1,4
0.4137507677078247,3,2,1,4
0.3485848307609558,4,2,1,4
0.4273765981197357,5,2,1,4
0.45939862728118896,6,2,1,4
0.4980587959289551,7,2,1,4
0.4810473918914795,8,2,1,4
0.4381125271320343,9,2,1,4
0.5601855516433716,1,2,1,4
0.534254252910614,2,2,1,4
0.5207070708274841,3,2,1,4
0.4787672758102417,4,2,1,4
0.6402236223220825,5,2,1,4
0.6441152691841125,6,2,1,4
0.6884750723838806,7,2,1,4
0.5232141613960266,8,2,1,4
0.4892866015434265,1,2,1,4
0.5103902220726013,2,2,1,4
0.36598241329193115,3,2,1,4
0.513874888420105,4,2,1,4
0.559917688369751,5,2,1,4
0.4861178994178772,6,2,1,4
0.43634912371635437,7,2,1,4
0.4467732012271881,1,2,1,4
0.42140719294548035,2,2,1,4
0.5194628834724426,3,2,1,4
0.44335854053497314,4,2,1,4
0.5316794514656067,5,2,1,4
0.5051609873771667,6,2,1,4
0.5049190521240234,1,2,1,4
0.4517008662223816,2,2,1,4
0.5689912438392639,3,2,1,4
0.45893606543540955,4,2,1,4
0.5730811953544617,5,2,1,4
0.6066141128540039,1,2,1,4
0.6277160048484802,2,2,1,4
0.45686396956443787,3,2,1,4
0.5340861678123474,4,2,1,4
0.6752433180809021,1,2,1,4
0.5651737451553345,2,2,1,4
0.42928454279899597,3,2,1,4
0.4882255494594574,1,2,1,4
0.5272535681724548,2,2,1,4
0.4652843475341797,1,2,1,4
0.5029690265655518,1,2,1,5
0.4083791971206665,2,2,1,5
0.47842010855674744,3,2,1,5
0.5026385188102722,4,2,1,5
0.3932068347930908,5,2,1,5
0.5508430600166321,6,2,1,5
0.5506333112716675,7,2,1,5
0.505379855632782,8,2,1,5
0.6425848603248596,9,2,1,5
0.6358647346496582,1,2,1,5
0.47848600149154663,2,2,1,5
0.5595040321350098,3,2,1,5
0.47026491165161133,4,2,1,5
0.6120368242263794,5,2,1,5
0.505542516708374,6,2,1,5
0.583980917930603,7,2,1,5
0.4370146095752716,8,2,1,5
0.5682415962219238,1,2,1,5
0.6137588620185852,2,2,1,5
0.3243110775947571,3,2,1,5
0.6029058694839478,4,2,1,5
0.4787595570087433,5,2,1,5
0.45040464401245117,6,2,1,5
0.38758596777915955,7,2,1,5
0.5037744641304016,1,2,1,5
0.35842275619506836,2,2,1,5
0.7878187894821167,3,2,1,5
0.47497910261154175,4,2,1,5
0.3700880706310272,5,2,1,5
0.42334964871406555,6,2,1,5
0.3832874596118927,1,2,1,5
0.5995829701423645,2,2,1,5
0.5923866629600525,3,2,1,5
0.3943270146846771,4,2,1,5
0.4842716157436371,5,2,1,5
0.43724265694618225,1,2,1,5
0.4641162157058716,2,2,1,5
0.5155525207519531,3,2,1,5
0.39613357186317444,4,2,1,5
0.5995593070983887,1,2,1,5
0.4645499885082245,2,2,1,5
0.4991632401943207,3,2,1,5
0.5378059148788452,1,2,1,5
0.6011083722114563,2,2,1,5
0.48230430483818054,1,2,1,5
,1,2,1,6
0.467170774936676,2,2,1,6
0.39146173000335693,3,2,1,6
0.44586899876594543,4,2,1,6
0.4933159053325653,5,2,1,6
0.31147146224975586,6,2,1,6
0.37413811683654785,7,2,1,6
0.40109628438949585,8,2,1,6
0.397408664226532,9,2,1,6
,1,2,1,6
,2,2,1,6
,3,2,1,6
,4,2,1,6
,5,2,1,6
,6,2,1,6
,7,2,1,6
,8,2,1,6
0.47547298669815063,1,2,1,6
0.5605239868164062,2,2,1,6
0.5598486065864563,3,2,1,6
0.43381398916244507,4,2,1,6
0.5344387888908386,5,2,1,6
0.5546800494194031,6,2,1,6
0.5343388319015503,7,2,1,6
0.444183886051178,1,2,1,6
0.6091086268424988,2,2,1,6
0.4521765112876892,3,2,1,6
0.45000365376472473,4,2,1,6
0.4209826588630676,5,2,1,6
0.5440289974212646,6,2,1,6
0.5815415382385254,1,2,1,6
0.4166190028190613,2,2,1,6
0.48205283284187317,3,2,1,6
0.6920550465583801,4,2,1,6
0.685036301612854,5,2,1,6
0.5940247178077698,1,2,1,6
0.6135528683662415,2,2,1,6
0.5280012488365173,3,2,1,6
0.5790017247200012,4,2,1,6
0.8146877288818359,1,2,1,6
0.4847725033760071,2,2,1,6
0.38082432746887207,3,2,1,6
0.5527249574661255,1,2,1,6
0.4504607915878296,2,2,1,6
0.5621013045310974,1,2,1,6
0.45008793473243713,1,2,1,7
0.48312103748321533,2,2,1,7
0.3338688611984253,3,2,1,7
0.2183275818824768,4,2,1,7
0.535407543182373,5,2,1,7
0.455669641494751,6,2,1,7
0.38573727011680603,7,2,1,7
0.6206762790679932,8,2,1,7
0.5973251461982727,9,2,1,7
0.33490630984306335,1,2,1,7
0.24591860175132751,2,2,1,7
0.29321080446243286,3,2,1,7
0.43565282225608826,4,2,1,7
0.3132953941822052,5,2,1,7
0.2542232573032379,6,2,1,7
0.4259974956512451,7,2,1,7
0.40649259090423584,8,2,1,7
0.2966748774051666,1,2,1,7
0.36494871973991394,2,2,1,7
0.4223307967185974,3,2,1,7
0.35316458344459534,4,2,1,7
0.33647283911705017,5,2,1,7
0.45351549983024597,6,2,1,7
0.28639599680900574,7,2,1,7
0.269909143447876,1,2,1,7
0.4574013352394104,2,2,1,7
0.3929477632045746,3,2,1,7
0.4297332465648651,4,2,1,7
0.370355486869812,5,2,1,7
0.34164562821388245,6,2,1,7
0.2836924195289612,1,2,1,7
0.37366458773612976,2,2,1,7
0.2412453293800354,3,2,1,7
0.41396087408065796,4,2,1,7
0.23221145570278168,5,2,1,7
0.5745475888252258,1,2,1,7
0.3370334506034851,2,2,1,7
0.5230797529220581,3,2,1,7
0.4215787947177887,4,2,1,7
0.4042512774467468,1,2,1,7
0.46010109782218933,2,2,1,7
0.392538845539093,3,2,1,7
0.4476793706417084,1,2,1,7
0.4183090031147003,2,2,1,7
0.46267202496528625,1,2,1,7
0.4120202660560608,1,2,1,8
0.4777154326438904,2,2,1,8
0.3183457851409912,3,2,1,8
0.5221380591392517,4,2,1,8
0.3324015736579895,5,2,1,8
0.41065216064453125,6,2,1,8
0.5255820155143738,7,2,1,8
0.3118251860141754,8,2,1,8
0.6042618155479431,9,2,1,8
0.5949929356575012,1,2,1,8
0.32935982942581177,2,2,1,8
0.4335609972476959,3,2,1,8
0.32636749744415283,4,2,1,8
0.42465031147003174,5,2,1,8
0.5094374418258667,6,2,1,8
0.36406973004341125,7,2,1,8
0.5345449447631836,8,2,1,8
0.3365027606487274,1,2,1,8
0.5039200782775879,2,2,1,8
0.3775847554206848,3,2,1,8
0.517063319683075,4,2,1,8
0.5564956665039062,5,2,1,8
0.36654675006866455,6,2,1,8
0.561805248260498,7,2,1,8
0.452449768781662,1,2,1,8
0.8129752278327942,2,2,1,8
0.23880279064178467,3,2,1,8
0.36508071422576904,4,2,1,8
0.7926926016807556,5,2,1,8
0.4090007543563843,6,2,1,8
0.4703337550163269,1,2,1,8
0.31221529841423035,2,2,1,8
0.6235103011131287,3,2,1,8
0.5471808910369873,4,2,1,8
0.5744519829750061,5,2,1,8
0.2100285440683365,1,2,1,8
0.3782274127006531,2,2,1,8
0.7686108350753784,3,2,1,8
0.38645488023757935,4,2,1,8
0.4881393015384674,1,2,1,8
0.2198430895805359,2,2,1,8
0.5240393280982971,3,2,1,8
0.4897313416004181,1,2,1,8
0.5374878644943237,2,2,1,8
0.4001896381378174,1,2,1,8
0.5854568481445312,1,2,1,9
0.3928222358226776,2,2,1,9
0.5512478947639465,3,2,1,9
0.19986474514007568,4,2,1,9
0.4030097424983978,5,2,1,9
0.32043391466140747,6,2,1,9
0.45497915148735046,7,2,1,9
0.34439441561698914,8,2,1,9
0.23795592784881592,9,2,1,9
0.4648132920265198,1,2,1,9
0.571156919002533,2,2,1,9
0.2646749019622803,3,2,1,9
0.3817541301250458,4,2,1,9
0.3756418228149414,5,2,1,9
0.5780858993530273,6,2,1,9
0.40733101963996887,7,2,1,9
0.33278384804725647,8,2,1,9
0.5643230080604553,1,2,1,9
0.38631823658943176,2,2,1,9
0.4779088497161865,3,2,1,9
0.4381251335144043,4,2,1,9
0.509189784526825,5,2,1,9
0.4522819519042969,6,2,1,9
0.47236791253089905,7,2,1,9
0.2545146346092224,1,2,1,9
0.4657559096813202,2,2,1,9
0.5311278104782104,3,2,1,9
0.4638665020465851,4,2,1,9
0.542526125907898,5,2,1,9
0.4900829792022705,6,2,1,9
0.6783536076545715,1,2,1,9
0.45064038038253784,2,2,1,9
0.3599303364753723,3,2,1,9
0.3476352095603943,4,2,1,9
0.5731958150863647,5,2,1,9
0.5118079781532288,1,2,1,9
0.5831934213638306,2,2,1,9
0.4481436014175415,3,2,1,9
0.4567444920539856,4,2,1,9
0.5227266550064087,1,2,1,9
0.493288516998291,2,2,1,9
0.5312014222145081,3,2,1,9
0.4288139343261719,1,2,1,9
0.28656965494155884,2,2,1,9
0.35860365629196167,1,2,1,9
0.3080914318561554,1,2,1,10
0.5002539753913879,2,2,1,10
0.5448523163795471,3,2,1,10
0.574347198009491,4,2,1,10
0.48707085847854614,5,2,1,10
0.27240487933158875,6,2,1,10
0.5441548824310303,7,2,1,10
0.5143871307373047,8,2,1,10
0.524692952632904,9,2,1,10
0.23161521553993225,1,2,1,10
0.4099830389022827,2,2,1,10
0.29895398020744324,3,2,1,10
0.5372052192687988,4,2,1,10
0.39976680278778076,5,2,1,10
0.4368653893470764,6,2,1,10
0.35986989736557007,7,2,1,10
0.4585878252983093,8,2,1,10
0.42913761734962463,1,2,1,10
0.502169668674469,2,2,1,10
0.2637098729610443,3,2,1,10
0.2639653980731964,4,2,1,10
0.4465145468711853,5,2,1,10
0.42623838782310486,6,2,1,10
0.37464138865470886,7,2,1,10
0.5511534810066223,1,2,1,10
0.32711029052734375,2,2,1,10
0.12859047949314117,3,2,1,10
0.6570084691047668,4,2,1,10
0.5614206194877625,5,2,1,10
0.49780458211898804,6,2,1,10
0.3355291187763214,1,2,1,10
0.19463931024074554,2,2,1,10
0.552346408367157,3,2,1,10
0.5077424645423889,4,2,1,10
0.45793041586875916,5,2,1,10
0.3890562653541565,1,2,1,10
0.4077231287956238,2,2,1,10
0.3803844451904297,3,2,1,10
0.4970179498195648,4,2,1,10
0.25251448154449463,1,2,1,10
0.2654525935649872,2,2,1,10
0.35904404520988464,3,2,1,10
0.6431036591529846,1,2,1,10
0.5561462044715881,2,2,1,10
0.5023494362831116,1,2,1,10
0.48289796710014343,1,3,1,0
0.3841923475265503,2,3,1,0
0.3271734118461609,3,3,1,0
0.28829896450042725,4,3,1,0
0.4182242751121521,5,3,1,0
0.06377136707305908,6,3,1,0
0.34535667300224304,7,3,1,0
0.46930956840515137,8,3,1,0
0.24333488941192627,9,3,1,0
0.3669984042644501,1,3,1,0
0.4618223309516907,2,3,1,0
0.492105633020401,3,3,1,0
0.4659506678581238,4,3,1,0
0.02765507623553276,5,3,1,0
0.370914101600647,6,3,1,0
0.5224477052688599,7,3,1,0
0.21549561619758606,8,3,1,0
0.2725928723812103,1,3,1,0
0.35484665632247925,2,3,1,0
0.5606217384338379,3,3,1,0
0.09040888398885727,4,3,1,0
0.490906298160553,5,3,1,0
0.46454036235809326,6,3,1,0
0.0941384881734848,7,3,1,0
0.45173028111457825,1,3,1,0
0.3519527018070221,2,3,1,0
-0.041878435760736465,3,3,1,0
0.18758296966552734,4,3,1,0
0.43111544847488403,5,3,1,0
0.05844026803970337,6,3,1,0
0.36608824133872986,1,3,1,0
0.055528417229652405,2,3,1,0
0.357957124710083,3,3,1,0
0.40692925453186035,4,3,1,0
0.11316221952438354,5,3,1,0
0.04444329813122749,1,3,1,0
0.35503244400024414,2,3,1,0
0.46457189321517944,3,3,1,0
0.16552166640758514,4,3,1,0
0.18662966787815094,1,3,1,0
0.1401699334383011,2,3,1,0
0.036467280238866806,3,3,1,0
0.3353634476661682,1,3,1,0
0.35496681928634644,2,3,1,0
0.17811423540115356,1,3,1,0
0.5222320556640625,1,3,1,1
0.5171734690666199,2,3,1,1
0.47875353693962097,3,3,1,1
0.5323656797409058,4,3,1,1
0.581561803817749,5,3,1,1
0.4551151990890503,6,3,1,1
0.49551519751548767,7,3,1,1
0.6304411292076111,8,3,1,1
0.4522275924682617,9,3,1,1
0.5020264387130737,1,3,1,1
0.70408695936203,2,3,1,1
0.7461780309677124,3,3,1,1
0.5597150325775146,4,3,1,1
0.4317399263381958,5,3,1,1
0.4897347688674927,6,3,1,1
0.5295544266700745,7,3,1,1
0.5507285594940186,8,3,1,1
0.5040854811668396,1,3,1,1
0.4934156835079193,2,3,1,1
0.6213412284851074,3,3,1,1
0.3487793505191803,4,3,1,1
0.47366824746131897,5,3,1,1
0.5722978711128235,6,3,1,1
0.6444349884986877,7,3,1,1
0.7990477085113525,1,3,1,1
0.5408874154090881,2,3,1,1
0.5498238801956177,3,3,1,1
0.6193466186523438,4,3,1,1
0.6285591721534729,5,3,1,1
0.49544116854667664,6,3,1,1
0.5666804313659668,1,3,1,1
0.6144131422042847,2,3,1,1
0.5417981147766113,3,3,1,1
0.601138710975647,4,3,1,1
0.521121621131897,5,3,1,1
0.48080533742904663,1,3,1,1
0.6000919342041016,2,3,1,1
0.7231960892677307,3,3,1,1
0.7521193027496338,4,3,1,1
0.4895075261592865,1,3,1,1
0.5537718534469604,2,3,1,1
0.3303334414958954,3,3,1,1
0.6838757395744324,1,3,1,1
0.44722771644592285,2,3,1,1
0.596126139163971,1,3,1,1
0.609375536441803,1,3,1,2
0.3841484487056732,2,3,1,2
0.4281372129917145,3,3,1,2
0.3859198987483978,4,3,1,2
0.4361582398414612,5,3,1,2
0.38817039132118225,6,3,1,2
0.36456024646759033,7,3,1,2
0.4537537097930908,8,3,1,2
0.3605729937553406,9,3,1,2
0.5419301390647888,1,3,1,2
0.4566775858402252,2,3,1,2
0.44675615429878235,3,3,1,2
0.5864235162734985,4,3,1,2
0.5704651474952698,5,3,1,2
0.3925947844982147,6,3,1,2
0.4115714132785797,7,3,1,2
0.49906209111213684,8,3,1,2
0.5252761244773865,1,3,1,2
0.39350074529647827,2,3,1,2
0.6057631969451904,3,3,1,2
0.49710091948509216,4,3,1,2
0.3901350200176239,5,3,1,2
0.36464807391166687,6,3,1,2
0.5959414839744568,7,3,1,2
0.4758382737636566,1,3,1,2
0.4940384030342102,2,3,1,2
0.4525330662727356,3,3,1,2
0.3939785361289978,4,3,1,2
0.3053288459777832,5,3,1,2
0.4680604040622711,6,3,1,2
0.4538053870201111,1,3,1,2
0.45911484956741333,2,3,1,2
0.5166617631912231,3,3,1,2
0.2560116946697235,4,3,1,2
0.46619561314582825,5,3,1,2
0.5587393641471863,1,3,1,2
0.4766152799129486,2,3,1,2
0.42148661613464355,3,3,1,2
0.6037179827690125,4,3,1,2
0.4840611219406128,1,3,1,2
0.3310268819332123,2,3,1,2
0.49919551610946655,3,3,1,2
0.21057872474193573,1,3,1,2
0.4266873002052307,2,3,1,2
0.4956340193748474,1,3,1,2
,1,3,1,3
,2,3,1,3
,3,3,1,3
,4,3,1,3
,5,3,1,3
,6,3,1,3
,7,3,1,3
,8,3,1,3
,9,3,1,3
,1,3,1,3
,2,3,1,3
,3,3,1,3
,4,3,1,3
,5,3,1,3
,6,3,1,3
,7,3,1,3
,8,3,1,3
,1,3,1,3
,2,3,1,3
,3,3,1,3
,4,3,1,3
,5,3,1,3
,6,3,1,3
,7,3,1,3
,1,3,1,3
,2,3,1,3
,3,3,1,3
,4,3,1,3
,5,3,1,3
,6,3,1,3
,1,3,1,3
,2,3,1,3
,3,3,1,3
,4,3,1,3
,5,3,1,3
,1,3,1,3
,2,3,1,3
,3,3,1,3
,4,3,1,3
,1,3,1,3
,2,3,1,3
,3,3,1,3
,1,3,1,3
,2,3,1,3
,1,3,1,3
0.4367518126964569,1,3,1,4
0.2841224670410156,2,3,1,4
0.28881019353866577,3,3,1,4
0.27718329429626465,4,3,1,4
0.5780192017555237,5,3,1,4
0.218002587556839,6,3,1,4
0.4885183572769165,7,3,1,4
0.383395254611969,8,3,1,4
0.1329728364944458,9,3,1,4
0.23883728682994843,1,3,1,4
0.36938655376434326,2,3,1,4
0.4006827771663666,3,3,1,4
0.47103598713874817,4,3,1,4
0.26480019092559814,5,3,1,4
0.45999154448509216,6,3,1,4
0.3054215908050537,7,3,1,4
0.30112260580062866,8,3,1,4
0.286425918340683,1,3,1,4
0.260833203792572,2,3,1,4
0.29724228382110596,3,3,1,4
0.11524833738803864,4,3,1,4
0.3008801341056824,5,3,1,4
0.4867118299007416,6,3,1,4
0.3807518184185028,7,3,1,4
0.5275781154632568,1,3,1,4
0.38650643825531006,2,3,1,4
0.42267128825187683,3,3,1,4
0.3349664807319641,4,3,1,4
0.35454994440078735,5,3,1,4
0.4010651111602783,6,3,1,4
0.37887758016586304,1,3,1,4
0.18942135572433472,2,3,1,4
0.33854958415031433,3,3,1,4
0.354274719953537,4,3,1,4
0.2479155957698822,5,3,1,4
0.29937177896499634,1,3,1,4
0.4964841604232788,2,3,1,4
0.43886712193489075,3,3,1,4
0.31985121965408325,4,3,1,4
0.2042396515607834,1,3,1,4
0.10803957283496857,2,3,1,4
0.22020862996578217,3,3,1,4
0.521111249923706,1,3,1,4
0.34152016043663025,2,3,1,4
0.3206743597984314,1,3,1,4
0.591063916683197,1,3,1,5
0.5092102885246277,2,3,1,5
0.5035902261734009,3,3,1,5
0.5138075947761536,4,3,1,5
0.5020853877067566,5,3,1,5
0.38736453652381897,6,3,1,5
0.4593675136566162,7,3,1,5
0.5568674206733704,8,3,1,5
0.43116867542266846,9,3,1,5
0.48662981390953064,1,3,1,5
0.5398487448692322,2,3,1,5
0.532342255115509,3,3,1,5
0.5209872126579285,4,3,1,5
0.4479956030845642,5,3,1,5
0.47840240597724915,6,3,1,5
0.4473530054092407,7,3,1,5
0.5539986491203308,8,3,1,5
0.4327220916748047,1,3,1,5
0.38270607590675354,2,3,1,5
0.41028904914855957,3,3,1,5
0.2845512628555298,4,3,1,5
0.3857399821281433,5,3,1,5
0.402230441570282,6,3,1,5
0.39726510643959045,7,3,1,5
0.5952812433242798,1,3,1,5
0.5221864581108093,2,3,1,5
0.4389972388744354,3,3,1,5
0.5391933917999268,4,3,1,5
0.4545529782772064,5,3,1,5
0.5381765365600586,6,3,1,5
0.4717906713485718,1,3,1,5
0.4005884826183319,2,3,1,5
0.4477308988571167,3,3,1,5
0.36131858825683594,4,3,1,5
0.5270889401435852,5,3,1,5
0.47228044271469116,1,3,1,5
0.5900641679763794,2,3,1,5
0.6603056788444519,3,3,1,5
0.4699966311454773,4,3,1,5
0.4119093716144562,1,3,1,5
0.4536842703819275,2,3,1,5
0.4291935861110687,3,3,1,5
0.5349186062812805,1,3,1,5
0.46144822239875793,2,3,1,5
0.35111257433891296,1,3,1,5
0.4299718141555786,1,3,1,6
0.4230111837387085,2,3,1,6
0.4534604847431183,3,3,1,6
0.44783827662467957,4,3,1,6
0.5017491579055786,5,3,1,6
0.3896082639694214,6,3,1,6
0.3948224186897278,7,3,1,6
0.5297427773475647,8,3,1,6
0.34653615951538086,9,3,1,6
0.6188626289367676,1,3,1,6
0.4233267903327942,2,3,1,6
0.44221293926239014,3,3,1,6
0.5257630348205566,4,3,1,6
0.5116763710975647,5,3,1,6
0.4078201949596405,6,3,1,6
0.5394763350486755,7,3,1,6
0.6930077075958252,8,3,1,6
0.5738117694854736,1,3,1,6
0.5570617914199829,2,3,1,6
0.5141237378120422,3,3,1,6
0.6300208568572998,4,3,1,6
0.5348601937294006,5,3,1,6
0.45214903354644775,6,3,1,6
0.5687481164932251,7,3,1,6
0.5619867444038391,1,3,1,6
0.4870544373989105,2,3,1,6
0.5089266300201416,3,3,1,6
0.4478142559528351,4,3,1,6
0.4501457214355469,5,3,1,6
0.45437535643577576,6,3,1,6
0.3877265453338623,1,3,1,6
0.4154674708843231,2,3,1,6
0.6407563090324402,3,3,1,6
0.37359336018562317,4,3,1,6
0.4242865741252899,5,3,1,6
0.5562527775764465,1,3,1,6
0.3389541208744049,2,3,1,6
0.5569531321525574,3,3,1,6
0.44310304522514343,4,3,1,6
0.3739267885684967,1,3,1,6
0.518341064453125,2,3,1,6
0.5109695196151733,3,3,1,6
0.37334638833999634,1,3,1,6
0.4023119807243347,2,3,1,6
0.41612160205841064,1,3,1,6
0.39893418550491333,1,3,1,7
0.29336199164390564,2,3,1,7
0.2603628635406494,3,3,1,7
0.25976333022117615,4,3,1,7
0.4288402795791626,5,3,1,7
0.3204182982444763,6,3,1,7
0.24933570623397827,7,3,1,7
0.17255087196826935,8,3,1,7
0.260161817073822,9,3,1,7
0.2851811349391937,1,3,1,7
0.41837453842163086,2,3,1,7
0.45901456475257874,3,3,1,7
0.4491739869117737,4,3,1,7
0.38992342352867126,5,3,1,7
0.4351942241191864,6,3,1,7
0.3928454518318176,7,3,1,7
0.4382425546646118,8,3,1,7
0.3410983383655548,1,3,1,7
0.6367508769035339,2,3,1,7
0.5722584128379822,3,3,1,7
0.6002539396286011,4,3,1,7
0.5441060066223145,5,3,1,7
0.578104555606842,6,3,1,7
0.4499911963939667,7,3,1,7
0.42388787865638733,1,3,1,7
0.41231095790863037,2,3,1,7
0.44787853956222534,3,3,1,7
0.4445593059062958,4,3,1,7
0.2040793001651764,5,3,1,7
0.3509555757045746,6,3,1,7
0.4507567584514618,1,3,1,7
0.5192535519599915,2,3,1,7
0.6139930486679077,3,3,1,7
0.6347317695617676,4,3,1,7
0.5134614109992981,5,3,1,7
0.5227197408676147,1,3,1,7
0.5051091313362122,2,3,1,7
0.36276549100875854,3,3,1,7
0.3882324695587158,4,3,1,7
0.5385832190513611,1,3,1,7
0.46206679940223694,2,3,1,7
0.3209197521209717,3,3,1,7
0.5869179964065552,1,3,1,7
0.46579039096832275,2,3,1,7
0.46397125720977783,1,3,1,7
0.48234087228775024,1,3,1,8
0.5017741918563843,2,3,1,8
0.4564683735370636,3,3,1,8
0.31337663531303406,4,3,1,8
0.4265042841434479,5,3,1,8
0.553329586982727,6,3,1,8
0.3658129870891571,7,3,1,8
0.4731972813606262,8,3,1,8
0.39628303050994873,9,3,1,8
0.5625818371772766,1,3,1,8
0.5710952281951904,2,3,1,8
0.4463207423686981,3,3,1,8
0.4210579991340637,4,3,1,8
0.5925515294075012,5,3,1,8
0.36729809641838074,6,3,1,8
0.5268487930297852,7,3,1,8
0.3054322302341461,8,3,1,8
0.5111121535301208,1,3,1,8
0.2871941924095154,2,3,1,8
0.41889825463294983,3,3,1,8
0.6572690606117249,4,3,1,8
0.37988752126693726,5,3,1,8
0.42590877413749695,6,3,1,8
0.3729586899280548,7,3,1,8
0.31564614176750183,1,3,1,8
0.4429469108581543,2,3,1,8
0.5251671671867371,3,3,1,8
0.409324049949646,4,3,1,8
0.5112243294715881,5,3,1,8
0.41909098625183105,6,3,1,8
0.36029598116874695,1,3,1,8
0.3292011022567749,2,3,1,8
0.25683149695396423,3,3,1,8
0.2681850492954254,4,3,1,8
0.2101847231388092,5,3,1,8
0.4289141893386841,1,3,1,8
0.8776769638061523,2,3,1,8
0.2516491115093231,3,3,1,8
0.86031574010849,4,3,1,8
0.3951320946216583,1,3,1,8
0.5169277787208557,2,3,1,8
0.4192584156990051,3,3,1,8
0.2261032611131668,1,3,1,8
0.8944711685180664,2,3,1,8
0.2277487814426422,1,3,1,8
0.38799962401390076,1,3,1,9
0.2893584668636322,2,3,1,9
0.2836759388446808,3,3,1,9
0.40592557191848755,4,3,1,9
0.4125756621360779,5,3,1,9
0.39094728231430054,6,3,1,9
0.42859384417533875,7,3,1,9
0.3864201009273529,8,3,1,9
0.3583909571170807,9,3,1,9
0.25621727108955383,1,3,1,9
0.2161589115858078,2,3,1,9
0.5433124303817749,3,3,1,9
0.14743821322917938,4,3,1,9
0.233499675989151,5,3,1,9
0.19296735525131226,6,3,1,9
0.30420443415641785,7,3,1,9
0.27783915400505066,8,3,1,9
0.45136380195617676,1,3,1,9
0.2689303159713745,2,3,1,9
0.46489351987838745,3,3,1,9
0.5932003259658813,4,3,1,9
0.45003098249435425,5,3,1,9
0.21107067167758942,6,3,1,9
0.38870707154273987,7,3,1,9
0.24820148944854736,1,3,1,9
0.6037155389785767,2,3,1,9
0.7339704036712646,3,3,1,9
0.6048351526260376,4,3,1,9
0.15467947721481323,5,3,1,9
0.17152544856071472,6,3,1,9
0.19825918972492218,1,3,1,9
0.24435195326805115,2,3,1,9
0.2381497323513031,3,3,1,9
0.4065299928188324,4,3,1,9
0.23675763607025146,5,3,1,9
0.7633460164070129,1,3,1,9
0.8960529565811157,2,3,1,9
0.1849147528409958,3,3,1,9
0.21549367904663086,4,3,1,9
0.7996017932891846,1,3,1,9
0.13064128160476685,2,3,1,9
0.17995832860469818,3,3,1,9
0.19587579369544983,1,3,1,9
0.1984386444091797,2,3,1,9
0.31631481647491455,1,3,1,9
0.3257960379123688,1,1,2,0
0.5390415787696838,2,1,2,0
0.49964216351509094,3,1,2,0
0.5123940706253052,4,1,2,0
0.5235146284103394,5,1,2,0
0.4325593113899231,6,1,2,0
0.5487032532691956,7,1,2,0
0.48871350288391113,8,1,2,0
0.5150011777877808,9,1,2,0
0.49022945761680603,1,1,2,0
0.44775819778442383,2,1,2,0
0.41129565238952637,3,1,2,0
0.3357386887073517,4,1,2,0
0.27511322498321533,5,1,2,0
0.42983555793762207,6,1,2,0
0.38680410385131836,7,1,2,0
0.2636130154132843,8,1,2,0
0.6185275316238403,1,1,2,0
0.5750393867492676,2,1,2,0
0.5287673473358154,3,1,2,0
0.49185916781425476,4,1,2,0
0.5258570909500122,5,1,2,0
0.64300537109375,6,1,2,0
0.5312278866767883,7,1,2,0
0.5609123706817627,1,1,2,0
0.5052343606948853,2,1,2,0
0.5414432883262634,3,1,2,0
0.5745177865028381,4,1,2,0
0.6741397380828857,5,1,2,0
0.5313717722892761,6,1,2,0
0.7264469861984253,1,1,2,0
0.5950047969818115,2,1,2,0
0.6205383539199829,3,1,2,0
0.5680490136146545,4,1,2,0
0.49930962920188904,5,1,2,0
0.4842071533203125,1,1,2,0
0.5600973963737488,2,1,2,0
0.4889635145664215,3,1,2,0
0.6271107196807861,4,1,2,0
0.4063553512096405,1,1,2,0
0.5337363481521606,2,1,2,0
0.4997807741165161,3,1,2,0
0.5409396886825562,1,1,2,0
0.5301911234855652,2,1,2,0
0.5622777938842773,1,1,2,0
0.27546602487564087,1,1,2,1
0.6009868383407593,2,1,2,1
0.5583387017250061,3,1,2,1
0.5869975686073303,4,1,2,1
0.5574820041656494,5,1,2,1
0.473623126745224,6,1,2,1
0.5677761435508728,7,1,2,1
0.4966214895248413,8,1,2,1
0.47094738483428955,9,1,2,1
0.3147038221359253,1,1,2,1
0.17572495341300964,2,1,2,1
0.18165647983551025,3,1,2,1
0.17168596386909485,4,1,2,1
0.22904349863529205,5,1,2,1
0.2978059649467468,6,1,2,1
0.1635362207889557,7,1,2,1
0.3082561194896698,8,1,2,1
0.5880303382873535,1,1,2,1
0.6595688462257385,2,1,2,1
0.5790371298789978,3,1,2,1
0.5874271392822266,4,1,2,1
0.5402839183807373,5,1,2,1
0.4686313271522522,6,1,2,1
0.40413159132003784,7,1,2,1
0.769589900970459,1,1,2,1
0.5963215231895447,2,1,2,1
0.5539586544036865,3,1,2,1
0.5548104047775269,4,1,2,1
0.5708656311035156,5,1,2,1
0.4406657814979553,6,1,2,1
0.6787298321723938,1,1,2,1
0.6780825257301331,2,1,2,1
0.6042214632034302,3,1,2,1
0.5226712822914124,4,1,2,1
0.3596167266368866,5,1,2,1
0.6242189407348633,1,1,2,1
0.4736802577972412,2,1,2,1
0.4949924945831299,3,1,2,1
0.34105217456817627,4,1,2,1
0.4673008620738983,1,1,2,1
0.4808441400527954,2,1,2,1
0.34111765027046204,3,1,2,1
0.3246961534023285,1,1,2,1
0.3973581790924072,2,1,2,1
0.45179373025894165,1,1,2,1
0.5236905813217163,1,1,2,2
0.531312108039856,2,1,2,2
0.5540492534637451,3,1,2,2
0.44424518942832947,4,1,2,2
0.5032423734664917,5,1,2,2
0.35149213671684265,6,1,2,2
0.43460559844970703,7,1,2,2
0.6254062652587891,8,1,2,2
0.5265706181526184,9,1,2,2
0.4763529300689697,1,1,2,2
0.4874928891658783,2,1,2,2
0.4216437339782715,3,1,2,2
0.4802541434764862,4,1,2,2
0.22335316240787506,5,1,2,2
0.43783390522003174,6,1,2,2
0.4803442358970642,7,1,2,2
0.4882848262786865,8,1,2,2
0.5932064056396484,1,1,2,2
0.6510010361671448,2,1,2,2
0.6119475960731506,3,1,2,2
0.5284831523895264,4,1,2,2
0.5938776135444641,5,1,2,2
0.6081774234771729,6,1,2,2
0.6157756447792053,7,1,2,2
0.6261078119277954,1,1,2,2
0.6737902164459229,2,1,2,2
0.44874483346939087,3,1,2,2
0.5693538188934326,4,1,2,2
0.6776223182678223,5,1,2,2
0.6235161423683167,6,1,2,2
0.5931877493858337,1,1,2,2
0.44814008474349976,2,1,2,2
0.6580663323402405,3,1,2,2
0.622657060623169,4,1,2,2
0.5863930583000183,5,1,2,2
0.41784170269966125,1,1,2,2
0.5735944509506226,2,1,2,2
0.6217446327209473,3,1,2,2
0.6134466528892517,4,1,2,2
0.37440282106399536,1,1,2,2
0.44774314761161804,2,1,2,2
0.4712618291378021,3,1,2,2
0.6433663368225098,1,1,2,2
0.5146418213844299,2,1,2,2
0.7103256583213806,1,1,2,2
0.4656510055065155,1,1,2,3
0.619454026222229,2,1,2,3
0.4989438056945801,3,1,2,3
0.6168206930160522,4,1,2,3
0.6003567576408386,5,1,2,3
0.5123056769371033,6,1,2,3
0.4765200614929199,7,1,2,3
0.31118911504745483,8,1,2,3
0.453940212726593,9,1,2,3
0.3458767831325531,1,1,2,3
0.25077202916145325,2,1,2,3
0.2893577218055725,3,1,2,3
0.2928451597690582,4,1,2,3
0.2601061165332794,5,1,2,3
0.26941388845443726,6,1,2,3
0.304238498210907,7,1,2,3
0.31641826033592224,8,1,2,3
0.607117235660553,1,1,2,3
0.5846369862556458,2,1,2,3
0.6521798372268677,3,1,2,3
0.6185887455940247,4,1,2,3
0.46490320563316345,5,1,2,3
0.3466651737689972,6,1,2,3
0.4376544952392578,7,1,2,3
0.6641877293586731,1,1,2,3
0.6402357220649719,2,1,2,3
0.6842974424362183,3,1,2,3
0.5531907677650452,4,1,2,3
0.1974419504404068,5,1,2,3
0.5588511824607849,6,1,2,3
0.6754984259605408,1,1,2,3
0.5976870059967041,2,1,2,3
0.4977108836174011,3,1,2,3
0.211656391620636,4,1,2,3
0.5093200206756592,5,1,2,3
0.7046202421188354,1,1,2,3
0.5334678292274475,2,1,2,3
0.19083324074745178,3,1,2,3
0.5943397879600525,4,1,2,3
0.574761152267456,1,1,2,3
0.24112486839294434,2,1,2,3
0.7201380729675293,3,1,2,3
0.19815851747989655,1,1,2,3
0.6056961417198181,2,1,2,3
0.2295626997947693,1,1,2,3
,1,1,2,4
,2,1,2,4
,3,1,2,4
,4,1,2,4
,5,1,2,4
,6,1,2,4
,7,1,2,4
,8,1,2,4
,9,1,2,4
,1,1,2,4
,2,1,2,4
,3,1,2,4
,4,1,2,4
,5,1,2,4
,6,1,2,4
,7,1,2,4
,8,1,2,4
,1,1,2,4
,2,1,2,4
,3,1,2,4
,4,1,2,4
,5,1,2,4
,6,1,2,4
,7,1,2,4
,1,1,2,4
,2,1,2,4
,3,1,2,4
,4,1,2,4
,5,1,2,4
,6,1,2,4
,1,1,2,4
,2,1,2,4
,3,1,2,4
,4,1,2,4
,5,1,2,4
,1,1,2,4
,2,1,2,4
,3,1,2,4
,4,1,2,4
,1,1,2,4
,2,1,2,4
,3,1,2,4
,1,1,2,4
,2,1,2,4
,1,1,2,4
0.5146628022193909,1,1,2,5
0.7242186665534973,2,1,2,5
0.5364511013031006,3,1,2,5
0.7051231265068054,4,1,2,5
0.5304577946662903,5,1,2,5
0.5163257718086243,6,1,2,5
0.5454408526420593,7,1,2,5
0.5214323401451111,8,1,2,5
0.5491130352020264,9,1,2,5
0.5169859528541565,1,1,2,5
0.4628659784793854,2,1,2,5
0.431482195854187,3,1,2,5
0.4576076567173004,4,1,2,5
0.5232685208320618,5,1,2,5
0.5295597314834595,6,1,2,5
0.3874465227127075,7,1,2,5
0.5327213406562805,8,1,2,5
0.5721218585968018,1,1,2,5
0.7110372185707092,2,1,2,5
0.6576590538024902,3,1,2,5
0.570929765701294,4,1,2,5
0.6195389628410339,5,1,2,5
0.608176052570343,6,1,2,5
0.6589348912239075,7,1,2,5
0.5278796553611755,1,1,2,5
0.7088330984115601,2,1,2,5
0.6069579124450684,3,1,2,5
0.6461344957351685,4,1,2,5
0.5253854990005493,5,1,2,5
0.5529335737228394,6,1,2,5
0.5347142219543457,1,1,2,5
0.4968137741088867,2,1,2,5
0.5971269607543945,3,1,2,5
0.5227296948432922,4,1,2,5
0.5112655162811279,5,1,2,5
0.5623583793640137,1,1,2,5
0.6026545166969299,2,1,2,5
0.4392572343349457,3,1,2,5
0.5508481860160828,4,1,2,5
0.6136019229888916,1,1,2,5
0.4639437198638916,2,1,2,5
0.6000207662582397,3,1,2,5
0.5130504369735718,1,1,2,5
0.5774413347244263,2,1,2,5
0.5285650491714478,1,1,2,5
0.4063278138637543,1,1,2,6
0.5286005735397339,2,1,2,6
0.4979327321052551,3,1,2,6
0.394707590341568,4,1,2,6
0.4550566077232361,5,1,2,6
0.3681690990924835,6,1,2,6
0.41144248843193054,7,1,2,6
0.3869751989841461,8,1,2,6
0.4110966920852661,9,1,2,6
0.4113779664039612,1,1,2,6
0.48133060336112976,2,1,2,6
0.36909469962120056,3,1,2,6
0.3810524642467499,4,1,2,6
0.2840939164161682,5,1,2,6
0.41323384642601013,6,1,2,6
0.43857529759407043,7,1,2,6
0.3694272041320801,8,1,2,6
0.5643147230148315,1,1,2,6
0.4258517026901245,2,1,2,6
0.5750042200088501,3,1,2,6
0.5216435790061951,4,1,2,6
0.6828684210777283,5,1,2,6
0.4871808886528015,6,1,2,6
0.5429795980453491,7,1,2,6
0.5699079036712646,1,1,2,6
0.5754899978637695,2,1,2,6
0.5104359984397888,3,1,2,6
0.6109181046485901,4,1,2,6
0.6149957180023193,5,1,2,6
0.5465209484100342,6,1,2,6
0.5114277005195618,1,1,2,6
0.41120007634162903,2,1,2,6
0.49514713883399963,3,1,2,6
0.570025622844696,4,1,2,6
0.5023446679115295,5,1,2,6
0.5024083256721497,1,1,2,6
0.6517823338508606,2,1,2,6
0.5133699774742126,3,1,2,6
0.5646694898605347,4,1,2,6
0.5150758624076843,1,1,2,6
0.41461020708084106,2,1,2,6
0.5572341084480286,3,1,2,6
0.4542607069015503,1,1,2,6
0.6215271353721619,2,1,2,6
0.4396609961986542,1,1,2,6
0.4701240360736847,1,1,2,7
,2,1,2,7
0.48825860023498535,3,1,2,7
0.5006530284881592,4,1,2,7
0.5122020840644836,5,1,2,7
0.3777620494365692,6,1,2,7
0.5075103044509888,7,1,2,7
0.43526339530944824,8,1,2,7
0.35168343782424927,9,1,2,7
,1,1,2,7
0.5086181163787842,2,1,2,7
0.4126483201980591,3,1,2,7
0.4874928295612335,4,1,2,7
0.4891648590564728,5,1,2,7
0.48475340008735657,6,1,2,7
0.4728931784629822,7,1,2,7
0.42734861373901367,8,1,2,7
,1,1,2,7
,2,1,2,7
,3,1,2,7
,4,1,2,7
,5,1,2,7
,6,1,2,7
,7,1,2,7
0.598171591758728,1,1,2,7
0.5816758275032043,2,1,2,7
0.4129641056060791,3,1,2,7
0.5635242462158203,4,1,2,7
0.5132701396942139,5,1,2,7
0.5192923545837402,6,1,2,7
0.44991594552993774,1,1,2,7
0.4721237123012543,2,1,2,7
0.5293444395065308,3,1,2,7
0.498531311750412,4,1,2,7
0.44480234384536743,5,1,2,7
0.39328622817993164,1,1,2,7
0.5931833386421204,2,1,2,7
0.4892691373825073,3,1,2,7
0.44248634576797485,4,1,2,7
0.5989754796028137,1,1,2,7
0.5253269076347351,2,1,2,7
0.584084689617157,3,1,2,7
0.5891175270080566,1,1,2,7
0.43559730052948,2,1,2,7
0.4504961669445038,1,1,2,7
0.5161263942718506,1,1,2,8
0.07766195386648178,2,1,2,8
0.22180962562561035,3,1,2,8
0.2719731628894806,4,1,2,8
0.4469045102596283,5,1,2,8
0.24603426456451416,6,1,2,8
0.23493583500385284,7,1,2,8
0.14642424881458282,8,1,2,8
0.2836613953113556,9,1,2,8
0.10979058593511581,1,1,2,8
0.37843871116638184,2,1,2,8
0.35492798686027527,3,1,2,8
0.3984926640987396,4,1,2,8
0.327796071767807,5,1,2,8
0.47380366921424866,6,1,2,8
0.29730239510536194,7,1,2,8
0.2654889225959778,8,1,2,8
0.0017381217330694199,1,1,2,8
0.029838543385267258,2,1,2,8
-0.03582213446497917,3,1,2,8
-5.0942417146870866e-05,4,1,2,8
0.09641636162996292,5,1,2,8
0.008861571550369263,6,1,2,8
-0.01879868097603321,7,1,2,8
0.5723646283149719,1,1,2,8
0.5149399042129517,2,1,2,8
0.5918189883232117,3,1,2,8
0.4817345142364502,4,1,2,8
0.4778009057044983,5,1,2,8
0.4579523205757141,6,1,2,8
0.680218517780304,1,1,2,8
0.6448386311531067,2,1,2,8
0.38623976707458496,3,1,2,8
0.4128597378730774,4,1,2,8
0.6208775043487549,5,1,2,8
0.6402038335800171,1,1,2,8
0.36443284153938293,2,1,2,8
0.40523892641067505,3,1,2,8
0.6833490133285522,4,1,2,8
0.3834197223186493,1,1,2,8
0.4615864157676697,2,1,2,8
0.650222659111023,3,1,2,8
0.35914748907089233,1,1,2,8
0.29370012879371643,2,1,2,8
0.30608388781547546,1,1,2,8
,1,1,2,9
,2,1,2,9
,3,1,2,9
,4,1,2,9
,5,1,2,9
,6,1,2,9
,7,1,2,9
,8,1,2,9
,9,1,2,9
,1,1,2,9
,2,1,2,9
,3,1,2,9
,4,1,2,9
,5,1,2,9
,6,1,2,9
,7,1,2,9
,8,1,2,9
,1,1,2,9
,2,1,2,9
,3,1,2,9
,4,1,2,9
,5,1,2,9
,6,1,2,9
,7,1,2,9
,1,1,2,9
,2,1,2,9
,3,1,2,9
,4,1,2,9
,5,1,2,9
,6,1,2,9
,1,1,2,9
,2,1,2,9
,3,1,2,9
,4,1,2,9
,5,1,2,9
,1,1,2,9
,2,1,2,9
,3,1,2,9
,4,1,2,9
,1,1,2,9
,2,1,2,9
,3,1,2,9
,1,1,2,9
,2,1,2,9
,1,1,2,9
0.543797492980957,1,1,2,10
0.6906156539916992,2,1,2,10
0.7109988331794739,3,1,2,10
0.5838579535484314,4,1,2,10
0.5430938005447388,5,1,2,10
0.5600625276565552,6,1,2,10
0.6080913543701172,7,1,2,10
0.6575331091880798,8,1,2,10
0.4025179147720337,9,1,2,10
0.41503381729125977,1,1,2,10
0.485121488571167,2,1,2,10
0.4374966025352478,3,1,2,10
0.3915603756904602,4,1,2,10
0.3864666223526001,5,1,2,10
0.5449932217597961,6,1,2,10
0.46464967727661133,7,1,2,10
0.38185495138168335,8,1,2,10
0.639013946056366,1,1,2,10
0.6462721228599548,2,1,2,10
0.5940605401992798,3,1,2,10
0.6195355653762817,4,1,2,10
0.6395169496536255,5,1,2,10
0.6847147941589355,6,1,2,10
0.4009517431259155,7,1,2,10
0.6385342478752136,1,1,2,10
0.5877264738082886,2,1,2,10
0.577448308467865,3,1,2,10
0.6205747127532959,4,1,2,10
0.5874120593070984,5,1,2,10
0.44135329127311707,6,1,2,10
0.641798198223114,1,1,2,10
0.5744516849517822,2,1,2,10
0.7045676708221436,3,1,2,10
0.6174801588058472,4,1,2,10
0.5813781023025513,5,1,2,10
0.6680467128753662,1,1,2,10
0.533415675163269,2,1,2,10
0.6907530426979065,3,1,2,10
0.47366654872894287,4,1,2,10
0.5265582799911499,1,1,2,10
0.685967206954956,2,1,2,10
0.3464791774749756,3,1,2,10
0.5464999079704285,1,1,2,10
0.5805922746658325,2,1,2,10
0.42356565594673157,1,1,2,10
0.42566975951194763,1,1,2,11
0.46138453483581543,2,1,2,11
0.44567519426345825,3,1,2,11
0.5672707557678223,4,1,2,11
0.581936776638031,5,1,2,11
0.5660797357559204,6,1,2,11
0.5784399509429932,7,1,2,11
0.4540542662143707,8,1,2,11
0.4561447203159332,9,1,2,11
0.3047832250595093,1,1,2,11
0.31405484676361084,2,1,2,11
0.2803611755371094,3,1,2,11
0.37857016921043396,4,1,2,11
0.30824732780456543,5,1,2,11
0.17948518693447113,6,1,2,11
0.2652704417705536,7,1,2,11
0.3152557611465454,8,1,2,11
0.444383442401886,1,1,2,11
0.48567014932632446,2,1,2,11
0.5624682307243347,3,1,2,11
0.5621991157531738,4,1,2,11
0.46081116795539856,5,1,2,11
0.4396403431892395,6,1,2,11
0.3762911558151245,7,1,2,11
0.37560543417930603,1,1,2,11
0.5650301575660706,2,1,2,11
0.5076082348823547,3,1,2,11
0.4062287211418152,4,1,2,11
0.4101276397705078,5,1,2,11
0.31423187255859375,6,1,2,11
0.6322295665740967,1,1,2,11
0.6534392237663269,2,1,2,11
0.523594856262207,3,1,2,11
0.5362172722816467,4,1,2,11
0.49138009548187256,5,1,2,11
0.6940615773200989,1,1,2,11
0.5337641835212708,2,1,2,11
0.6065598130226135,3,1,2,11
0.42805397510528564,4,1,2,11
0.6407375335693359,1,1,2,11
0.5560194253921509,2,1,2,11
0.46852919459342957,3,1,2,11
0.46103742718696594,1,1,2,11
0.3949529826641083,2,1,2,11
0.5217084884643555,1,1,2,11
0.5448979735374451,1,2,2,0
0.5189154148101807,2,2,2,0
0.38814935088157654,3,2,2,0
0.32974082231521606,4,2,2,0
0.48490768671035767,5,2,2,0
0.3824300169944763,6,2,2,0
0.5840870141983032,7,2,2,0
0.4686412811279297,8,2,2,0
0.2608734369277954,9,2,2,0
0.6693316102027893,1,2,2,0
0.5466858744621277,2,2,2,0
0.2699895203113556,3,2,2,0
0.6264945864677429,4,2,2,0
0.6001561880111694,5,2,2,0
0.6340030431747437,6,2,2,0
0.5576476454734802,7,2,2,0
0.37829041481018066,8,2,2,0
0.5339916348457336,1,2,2,0
0.3568183183670044,2,2,2,0
0.6167770028114319,3,2,2,0
0.5954769253730774,4,2,2,0
0.6340368390083313,5,2,2,0
0.580224871635437,6,2,2,0
0.482389360666275,7,2,2,0
0.26971322298049927,1,2,2,0
0.4939907193183899,2,2,2,0
0.5442357659339905,3,2,2,0
0.6153039932250977,4,2,2,0
0.5428045988082886,5,2,2,0
0.521198034286499,6,2,2,0
0.3007519245147705,1,2,2,0
0.3430740535259247,2,2,2,0
0.26641547679901123,3,2,2,0
0.316506028175354,4,2,2,0
0.317051500082016,5,2,2,0
0.5336052775382996,1,2,2,0
0.5245442390441895,2,2,2,0
0.5385558605194092,3,2,2,0
0.4814964532852173,4,2,2,0
0.6126305460929871,1,2,2,0
0.5234087705612183,2,2,2,0
0.39401689171791077,3,2,2,0
0.6077231168746948,1,2,2,0
0.3926643431186676,2,2,2,0
0.5686691999435425,1,2,2,0
0.57441645860672,1,2,2,1
0.5308071970939636,2,2,2,1
0.5803279876708984,3,2,2,1
0.44854557514190674,4,2,2,1
0.46227848529815674,5,2,2,1
0.4297926425933838,6,2,2,1
0.6924305558204651,7,2,2,1
0.6233486533164978,8,2,2,1
0.6205345988273621,9,2,2,1
0.5555973649024963,1,2,2,1
0.5710892677307129,2,2,2,1
0.3476315438747406,3,2,2,1
0.3838145136833191,4,2,2,1
0.4465179741382599,5,2,2,1
0.6227902173995972,6,2,2,1
0.6162102222442627,7,2,2,1
0.645879864692688,8,2,2,1
0.5635579228401184,1,2,2,1
0.41115325689315796,2,2,2,1
0.5440360307693481,3,2,2,1
0.5122209787368774,4,2,2,1
0.652701199054718,5,2,2,1
0.5993906855583191,6,2,2,1
0.6272663474082947,7,2,2,1
0.3019219934940338,1,2,2,1
0.5292002558708191,2,2,2,1
0.5630460977554321,3,2,2,1
0.7246090173721313,4,2,2,1
0.6543806195259094,5,2,2,1
0.6791619658470154,6,2,2,1
0.33705049753189087,1,2,2,1
0.40161454677581787,2,2,2,1
0.42463672161102295,3,2,2,1
0.30596667528152466,4,2,2,1
0.42505010962486267,5,2,2,1
0.4146651029586792,1,2,2,1
0.4385850727558136,2,2,2,1
0.39948999881744385,3,2,2,1
0.5152140855789185,4,2,2,1
0.4986628592014313,1,2,2,1
0.4683179259300232,2,2,2,1
0.5099207162857056,3,2,2,1
0.6978504657745361,1,2,2,1
0.7614740133285522,2,2,2,1
0.6279596090316772,1,2,2,1
0.5918748378753662,1,2,2,2
0.47034958004951477,2,2,2,2
0.46618619561195374,3,2,2,2
0.6857450604438782,4,2,2,2
0.566430389881134,5,2,2,2
0.4635542631149292,6,2,2,2
0.5643751621246338,7,2,2,2
0.427063524723053,8,2,2,2
0.6073676347732544,9,2,2,2
0.5842941999435425,1,2,2,2
0.7219326496124268,2,2,2,2
0.5944803953170776,3,2,2,2
0.6963613033294678,4,2,2,2
0.5809009671211243,5,2,2,2
0.6914796829223633,6,2,2,2
0.5742895603179932,7,2,2,2
0.786842942237854,8,2,2,2
0.5946120619773865,1,2,2,2
0.5988610982894897,2,2,2,2
0.5407729744911194,3,2,2,2
0.5703434348106384,4,2,2,2
0.6896253228187561,5,2,2,2
0.512976884841919,6,2,2,2
0.5737537741661072,7,2,2,2
0.5569053888320923,1,2,2,2
0.659683108329773,2,2,2,2
0.623689591884613,3,2,2,2
0.7257751822471619,4,2,2,2
0.538631796836853,5,2,2,2
0.7770435810089111,6,2,2,2
0.5772892832756042,1,2,2,2
0.48013681173324585,2,2,2,2
0.6746569871902466,3,2,2,2
0.38630032539367676,4,2,2,2
0.7145847678184509,5,2,2,2
0.5436500906944275,1,2,2,2
0.6517945528030396,2,2,2,2
0.6186113357543945,3,2,2,2
0.7322362661361694,4,2,2,2
0.6480304598808289,1,2,2,2
0.6950200200080872,2,2,2,2
0.6035263538360596,3,2,2,2
0.6054296493530273,1,2,2,2
0.7903658747673035,2,2,2,2
0.6190887689590454,1,2,2,2
,1,2,2,3
,2,2,2,3
,3,2,2,3
,4,2,2,3
,5,2,2,3
,6,2,2,3
,7,2,2,3
,8,2,2,3
,9,2,2,3
,1,2,2,3
,2,2,2,3
,3,2,2,3
,4,2,2,3
,5,2,2,3
,6,2,2,3
,7,2,2,3
,8,2,2,3
,1,2,2,3
,2,2,2,3
,3,2,2,3
,4,2,2,3
,5,2,2,3
,6,2,2,3
,7,2,2,3
,1,2,2,3
,2,2,2,3
,3,2,2,3
,4,2,2,3
,5,2,2,3
,6,2,2,3
,1,2,2,3
,2,2,2,3
,3,2,2,3
,4,2,2,3
,5,2,2,3
,1,2,2,3
,2,2,2,3
,3,2,2,3
,4,2,2,3
,1,2,2,3
,2,2,2,3
,3,2,2,3
,1,2,2,3
,2,2,2,3
,1,2,2,3
0.6013885736465454,1,2,2,4
0.44929391145706177,2,2,2,4
0.5783045291900635,3,2,2,4
0.418487548828125,4,2,2,4
0.5485466122627258,5,2,2,4
0.5800739526748657,6,2,2,4
0.43676578998565674,7,2,2,4
0.5112352967262268,8,2,2,4
0.4364950656890869,9,2,2,4
0.5099546909332275,1,2,2,4
0.7165790796279907,2,2,2,4
0.5118231773376465,3,2,2,4
0.5825574994087219,4,2,2,4
0.6978926658630371,5,2,2,4
0.49671944975852966,6,2,2,4
0.5889530181884766,7,2,2,4
0.5361815094947815,8,2,2,4
0.4180872440338135,1,2,2,4
0.3544082045555115,2,2,2,4
0.3686200976371765,3,2,2,4
0.38749921321868896,4,2,2,4
0.4724516272544861,5,2,2,4
0.3900790214538574,6,2,2,4
0.4133201539516449,7,2,2,4
0.5212753415107727,1,2,2,4
0.6556400060653687,2,2,2,4
0.7413053512573242,3,2,2,4
0.446735680103302,4,2,2,4
0.6051138639450073,5,2,2,4
0.4704468250274658,6,2,2,4
0.6180093288421631,1,2,2,4
0.47446829080581665,2,2,2,4
0.46200716495513916,3,2,2,4
0.5555837154388428,4,2,2,4
0.38452303409576416,5,2,2,4
0.6460635662078857,1,2,2,4
0.5100173950195312,2,2,2,4
0.5402281284332275,3,2,2,4
0.37257567048072815,4,2,2,4
0.46807053685188293,1,2,2,4
0.5862250328063965,2,2,2,4
0.4549378454685211,3,2,2,4
0.4382098615169525,1,2,2,4
0.3942241370677948,2,2,2,4
0.4613325595855713,1,2,2,4
0.481689453125,1,2,2,5
0.5076540112495422,2,2,2,5
0.6103760600090027,3,2,2,5
0.3809799253940582,4,2,2,5
0.6743561029434204,5,2,2,5
0.28818684816360474,6,2,2,5
0.4200593829154968,7,2,2,5
0.4404597878456116,8,2,2,5
0.22656381130218506,9,2,2,5
0.5940974354743958,1,2,2,5
0.4177410304546356,2,2,2,5
0.4301706850528717,3,2,2,5
0.5608091950416565,4,2,2,5
0.46438777446746826,5,2,2,5
0.4623330533504486,6,2,2,5
0.6666849255561829,7,2,2,5
0.3575480282306671,8,2,2,5
0.2690822184085846,1,2,2,5
0.25378409028053284,2,2,2,5
0.5439257025718689,3,2,2,5
0.35331135988235474,4,2,2,5
0.6115022897720337,5,2,2,5
0.5695342421531677,6,2,2,5
0.2718357741832733,7,2,2,5
0.4349070191383362,1,2,2,5
0.567712664604187,2,2,2,5
0.28348055481910706,3,2,2,5
0.31829723715782166,4,2,2,5
0.3675321340560913,5,2,2,5
0.32309094071388245,6,2,2,5
0.4479770362377167,1,2,2,5
0.28130677342414856,2,2,2,5
0.23912210762500763,3,2,2,5
0.38259243965148926,4,2,2,5
0.27051132917404175,5,2,2,5
0.43624499440193176,1,2,2,5
0.5402337908744812,2,2,2,5
0.5598242282867432,3,2,2,5
0.2997101843357086,4,2,2,5
0.5232152938842773,1,2,2,5
0.5758910179138184,2,2,2,5
0.3262641131877899,3,2,2,5
0.5046356320381165,1,2,2,5
0.31656327843666077,2,2,2,5
0.5037992596626282,1,2,2,5
,1,2,2,6
0.4957442879676819,2,2,2,6
0.5909420847892761,3,2,2,6
0.5527781844139099,4,2,2,6
0.5520240068435669,5,2,2,6
0.5376108288764954,6,2,2,6
0.5192722678184509,7,2,2,6
0.40828102827072144,8,2,2,6
0.5821228623390198,9,2,2,6
,1,2,2,6
,2,2,2,6
,3,2,2,6
,4,2,2,6
,5,2,2,6
,6,2,2,6
,7,2,2,6
,8,2,2,6
0.6282156705856323,1,2,2,6
0.5407397747039795,2,2,2,6
0.4589010775089264,3,2,2,6
0.6779807806015015,4,2,2,6
0.6132984757423401,5,2,2,6
0.540081262588501,6,2,2,6
0.503545880317688,7,2,2,6
0.5518207550048828,1,2,2,6
0.5678955316543579,2,2,2,6
0.6151652336120605,3,2,2,6
0.7268149852752686,4,2,2,6
0.45173904299736023,5,2,2,6
0.6649243831634521,6,2,2,6
0.4873097836971283,1,2,2,6
0.4554824233055115,2,2,2,6
0.5822919011116028,3,2,2,6
0.29763928055763245,4,2,2,6
0.48185214400291443,5,2,2,6
0.4107765555381775,1,2,2,6
0.46960771083831787,2,2,2,6
0.2771705090999603,3,2,2,6
0.41563671827316284,4,2,2,6
0.6135650873184204,1,2,2,6
0.5339386463165283,2,2,2,6
0.6042064428329468,3,2,2,6
0.4336596429347992,1,2,2,6
0.6908387541770935,2,2,2,6
0.49166351556777954,1,2,2,6
0.43919748067855835,1,2,2,7
0.31548237800598145,2,2,2,7
0.5931515693664551,3,2,2,7
0.37381935119628906,4,2,2,7
0.40348541736602783,5,2,2,7
0.2098269760608673,6,2,2,7
0.354603111743927,7,2,2,7
0.47247314453125,8,2,2,7
0.2594243884086609,9,2,2,7
0.27581027150154114,1,2,2,7
0.4874151349067688,2,2,2,7
0.35499438643455505,3,2,2,7
0.40902143716812134,4,2,2,7
0.29690057039260864,5,2,2,7
0.3200642168521881,6,2,2,7
0.5610722899436951,7,2,2,7
0.40929245948791504,8,2,2,7
0.3072925806045532,1,2,2,7
0.4812467396259308,2,2,2,7
0.36068016290664673,3,2,2,7
0.36696556210517883,4,2,2,7
0.27681177854537964,5,2,2,7
0.24317988753318787,6,2,2,7
0.24677568674087524,7,2,2,7
0.39294004440307617,1,2,2,7
0.605523943901062,2,2,2,7
0.3603382408618927,3,2,2,7
0.3679303526878357,4,2,2,7
0.47983670234680176,5,2,2,7
0.4420713484287262,6,2,2,7
0.4230373799800873,1,2,2,7
0.3895314335823059,2,2,2,7
0.40797165036201477,3,2,2,7
0.24720293283462524,4,2,2,7
0.3417477011680603,5,2,2,7
0.3176737427711487,1,2,2,7
0.46851813793182373,2,2,2,7
0.4083714485168457,3,2,2,7
0.47116801142692566,4,2,2,7
0.4058629274368286,1,2,2,7
0.3688936233520508,2,2,2,7
0.4581235349178314,3,2,2,7
0.39236220717430115,1,2,2,7
0.5197501182556152,2,2,2,7
0.48371702432632446,1,2,2,7
0.5131224393844604,1,2,2,8
0.4160764217376709,2,2,2,8
0.46091729402542114,3,2,2,8
0.2558131217956543,4,2,2,8
0.39993375539779663,5,2,2,8
0.4023338258266449,6,2,2,8
0.288767546415329,7,2,2,8
0.5173376202583313,8,2,2,8
0.45771324634552,9,2,2,8
0.6940934062004089,1,2,2,8
0.6013992428779602,2,2,2,8
0.16590236127376556,3,2,2,8
0.5313680768013,4,2,2,8
0.5750905871391296,5,2,2,8
0.13412752747535706,6,2,2,8
0.6710905432701111,7,2,2,8
0.5240440368652344,8,2,2,8
0.503327488899231,1,2,2,8
0.23712028563022614,2,2,2,8
0.6952285766601562,3,2,2,8
0.6035763621330261,4,2,2,8
0.17969128489494324,5,2,2,8
0.6719774007797241,6,2,2,8
0.5442823767662048,7,2,2,8
0.28976601362228394,1,2,2,8
0.3695906698703766,2,2,2,8
0.5201155543327332,3,2,2,8
0.22498027980327606,4,2,2,8
0.5359774827957153,5,2,2,8
0.5931851267814636,6,2,2,8
0.21951726078987122,1,2,2,8
0.3656129539012909,2,2,2,8
0.666134238243103,3,2,2,8
0.18482287228107452,4,2,2,8
0.21329033374786377,5,2,2,8
0.48738524317741394,1,2,2,8
0.16968491673469543,2,2,2,8
0.6047327518463135,3,2,2,8
0.4857981204986572,4,2,2,8
0.3265555202960968,1,2,2,8
0.6072046756744385,2,2,2,8
0.45676854252815247,3,2,2,8
0.14998045563697815,1,2,2,8
0.2373693436384201,2,2,2,8
0.5514082312583923,1,2,2,8
0.36794283986091614,1,2,2,9
0.49554282426834106,2,2,2,9
0.4569040536880493,3,2,2,9
0.5669554471969604,4,2,2,9
0.43740302324295044,5,2,2,9
0.3871966004371643,6,2,2,9
0.13470131158828735,7,2,2,9
0.1915244162082672,8,2,2,9
0.3375813364982605,9,2,2,9
0.6017605066299438,1,2,2,9
0.36545273661613464,2,2,2,9
0.47400450706481934,3,2,2,9
0.3948723077774048,4,2,2,9
0.5298075079917908,5,2,2,9
0.26558464765548706,6,2,2,9
0.24426622688770294,7,2,2,9
0.5953130722045898,8,2,2,9
0.45986294746398926,1,2,2,9
0.4429948329925537,2,2,2,9
0.3621075749397278,3,2,2,9
0.5146082043647766,4,2,2,9
0.18737295269966125,5,2,2,9
0.22600266337394714,6,2,2,9
0.6690199375152588,7,2,2,9
0.3350949287414551,1,2,2,9
0.3199872672557831,2,2,2,9
0.4033951759338379,3,2,2,9
0.3084149658679962,4,2,2,9
0.37589582800865173,5,2,2,9
0.27558931708335876,6,2,2,9
0.4638095796108246,1,2,2,9
0.48867905139923096,2,2,2,9
0.21082913875579834,3,2,2,9
0.20470356941223145,4,2,2,9
0.42851823568344116,5,2,2,9
0.45960909128189087,1,2,2,9
0.13273601233959198,2,2,2,9
0.15877766907215118,3,2,2,9
0.44029325246810913,4,2,2,9
0.2764802575111389,1,2,2,9
0.31753993034362793,2,2,2,9
0.5076383352279663,3,2,2,9
0.3199654817581177,1,2,2,9
0.2068217396736145,2,2,2,9
0.2333546280860901,1,2,2,9
0.40728384256362915,1,2,2,10
0.37470975518226624,2,2,2,10
0.22116966545581818,3,2,2,10
0.4145790636539459,4,2,2,10
0.47443461418151855,5,2,2,10
0.4404888153076172,6,2,2,10
0.3424000144004822,7,2,2,10
0.29517048597335815,8,2,2,10
0.5165231227874756,9,2,2,10
0.22252383828163147,1,2,2,10
0.36774009466171265,2,2,2,10
0.36448079347610474,3,2,2,10
0.3485983610153198,4,2,2,10
0.4257912337779999,5,2,2,10
0.37452012300491333,6,2,2,10
0.37915486097335815,7,2,2,10
0.47136956453323364,8,2,2,10
0.27076080441474915,1,2,2,10
0.19130976498126984,2,2,2,10
0.49343952536582947,3,2,2,10
0.5540227293968201,4,2,2,10
0.09449959546327591,5,2,2,10
0.5349355340003967,6,2,2,10
0.41906532645225525,7,2,2,10
0.29984599351882935,1,2,2,10
0.18346033990383148,2,2,2,10
0.38084444403648376,3,2,2,10
0.18092045187950134,4,2,2,10
0.34746503829956055,5,2,2,10
0.37518590688705444,6,2,2,10
0.3246683180332184,1,2,2,10
0.4603811502456665,2,2,2,10
0.5658053755760193,3,2,2,10
0.32157161831855774,4,2,2,10
0.4558766484260559,5,2,2,10
0.4298759400844574,1,2,2,10
0.22157934308052063,2,2,2,10
0.5293161869049072,3,2,2,10
0.5036109089851379,4,2,2,10
0.5041368007659912,1,2,2,10
0.4466143846511841,2,2,2,10
0.4349557161331177,3,2,2,10
0.09027896821498871,1,2,2,10
0.3588791489601135,2,2,2,10
0.39075949788093567,1,2,2,10
0.3087787628173828,1,3,2,0
0.3749934732913971,2,3,2,0
0.34274789690971375,3,3,2,0
0.3119671642780304,4,3,2,0
0.5300056338310242,5,3,2,0
0.1390332728624344,6,3,2,0
0.30423980951309204,7,3,2,0
0.3231039345264435,8,3,2,0
0.2109813690185547,9,3,2,0
0.38405394554138184,1,3,2,0
0.34180325269699097,2,3,2,0
0.47778597474098206,3,3,2,0
0.37802207469940186,4,3,2,0
0.16807113587856293,5,3,2,0
0.4465799331665039,6,3,2,0
0.2901076674461365,7,3,2,0
0.37537771463394165,8,3,2,0
0.36631736159324646,1,3,2,0
0.3146827220916748,2,3,2,0
0.4273369610309601,3,3,2,0
0.1707599014043808,4,3,2,0
0.4139809310436249,5,3,2,0
0.25984102487564087,6,3,2,0
0.20513002574443817,7,3,2,0
0.2771924138069153,1,3,2,0
0.5107579231262207,2,3,2,0
0.25834375619888306,3,3,2,0
0.35277679562568665,4,3,2,0
0.3023161292076111,5,3,2,0
0.34472671151161194,6,3,2,0
0.40609943866729736,1,3,2,0
0.205002099275589,2,3,2,0
0.3044680655002594,3,3,2,0
0.3889088034629822,4,3,2,0
0.3284027576446533,5,3,2,0
0.25764334201812744,1,3,2,0
0.41179752349853516,2,3,2,0
0.2953794598579407,3,3,2,0
0.25057220458984375,4,3,2,0
0.3237634003162384,1,3,2,0
0.09467556327581406,2,3,2,0
0.3221127986907959,3,3,2,0
0.31433674693107605,1,3,2,0
0.32115989923477173,2,3,2,0
0.20166969299316406,1,3,2,0
0.6807339191436768,1,3,2,1
0.6580281257629395,2,3,2,1
0.7123352885246277,3,3,2,1
0.5911264419555664,4,3,2,1
0.4509044885635376,5,3,2,1
0.4826405644416809,6,3,2,1
0.3546016812324524,7,3,2,1
0.6454681158065796,8,3,2,1
0.6006088256835938,9,3,2,1
0.758107602596283,1,3,2,1
0.6385068297386169,2,3,2,1
0.4766627550125122,3,3,2,1
0.43921422958374023,4,3,2,1
0.47064656019210815,5,3,2,1
0.3501441180706024,6,3,2,1
0.6905746459960938,7,3,2,1
0.5516831874847412,8,3,2,1
0.639488935470581,1,3,2,1
0.5885351300239563,2,3,2,1
0.44390442967414856,3,3,2,1
0.4925307631492615,4,3,2,1
0.41206303238868713,5,3,2,1
0.5993005037307739,6,3,2,1
0.5785169005393982,7,3,2,1
0.6804328560829163,1,3,2,1
0.42524710297584534,2,3,2,1
0.6081635355949402,3,3,2,1
0.3134672939777374,4,3,2,1
0.6084069013595581,5,3,2,1
0.6050499081611633,6,3,2,1
0.5030446648597717,1,3,2,1
0.5373090505599976,2,3,2,1
0.4795984625816345,3,3,2,1
0.5594435334205627,4,3,2,1
0.7144402265548706,5,3,2,1
0.381298691034317,1,3,2,1
0.538242757320404,2,3,2,1
0.5814222097396851,3,3,2,1
0.5634670853614807,4,3,2,1
0.3512296974658966,1,3,2,1
0.582134485244751,2,3,2,1
0.5068261623382568,3,3,2,1
0.44000130891799927,1,3,2,1
0.5413974523544312,2,3,2,1
0.6299010515213013,1,3,2,1
0.6024183630943298,1,3,2,2
0.38460588455200195,2,3,2,2
0.49970436096191406,3,3,2,2
0.603356122970581,4,3,2,2
0.5537919402122498,5,3,2,2
0.500245213508606,6,3,2,2
0.47787007689476013,7,3,2,2
0.5696011781692505,8,3,2,2
0.5773522257804871,9,3,2,2
0.3332211971282959,1,3,2,2
0.5785447955131531,2,3,2,2
0.5687333345413208,3,3,2,2
0.5386198163032532,4,3,2,2
0.47625648975372314,5,3,2,2
0.3991137742996216,6,3,2,2
0.5634451508522034,7,3,2,2
0.5094497203826904,8,3,2,2
0.36141419410705566,1,3,2,2
0.44912925362586975,2,3,2,2
0.305534690618515,3,3,2,2
0.41069602966308594,4,3,2,2
0.3877035081386566,5,3,2,2
0.29895246028900146,6,3,2,2
0.4187275171279907,7,3,2,2
0.6021093130111694,1,3,2,2
0.6205740571022034,2,3,2,2
0.5626178979873657,3,3,2,2
0.4112812280654907,4,3,2,2
0.5178642272949219,5,3,2,2
0.6428782939910889,6,3,2,2
0.7041913270950317,1,3,2,2
0.600545346736908,2,3,2,2
0.5361379981040955,3,3,2,2
0.7077243328094482,4,3,2,2
0.6361560821533203,5,3,2,2
0.46915313601493835,1,3,2,2
0.4299991726875305,2,3,2,2
0.6321470141410828,3,3,2,2
0.676663875579834,4,3,2,2
0.5926438570022583,1,3,2,2
0.46880868077278137,2,3,2,2
0.5458084344863892,3,3,2,2
0.4541383683681488,1,3,2,2
0.5051741600036621,2,3,2,2
0.5937256813049316,1,3,2,2
,1,3,2,3
,2,3,2,3
,3,3,2,3
,4,3,2,3
,5,3,2,3
,6,3,2,3
,7,3,2,3
,8,3,2,3
,9,3,2,3
,1,3,2,3
,2,3,2,3
,3,3,2,3
,4,3,2,3
,5,3,2,3
,6,3,2,3
,7,3,2,3
,8,3,2,3
,1,3,2,3
,2,3,2,3
,3,3,2,3
,4,3,2,3
,5,3,2,3
,6,3,2,3
,7,3,2,3
,1,3,2,3
,2,3,2,3
,3,3,2,3
,4,3,2,3
,5,3,2,3
,6,3,2,3
,1,3,2,3
,2,3,2,3
,3,3,2,3
,4,3,2,3
,5,3,2,3
,1,3,2,3
,2,3,2,3
,3,3,2,3
,4,3,2,3
,1,3,2,3
,2,3,2,3
,3,3,2,3
,1,3,2,3
,2,3,2,3
,1,3,2,3
0.4130455553531647,1,3,2,4
0.39472904801368713,2,3,2,4
0.45149707794189453,3,3,2,4
0.4651816189289093,4,3,2,4
0.27586737275123596,5,3,2,4
0.276571124792099,6,3,2,4
0.29957982897758484,7,3,2,4
0.44215476512908936,8,3,2,4
0.36860892176628113,9,3,2,4
0.4889325499534607,1,3,2,4
0.5579661130905151,2,3,2,4
0.4403621256351471,3,3,2,4
0.24641747772693634,4,3,2,4
0.2483765035867691,5,3,2,4
0.4296454191207886,6,3,2,4
0.424077570438385,7,3,2,4
0.49762117862701416,8,3,2,4
0.4434492886066437,1,3,2,4
0.4062156081199646,2,3,2,4
0.22073104977607727,3,3,2,4
0.397477388381958,4,3,2,4
0.3230540454387665,5,3,2,4
0.4220898151397705,6,3,2,4
0.37841397523880005,7,3,2,4
0.5780558586120605,1,3,2,4
0.4130264222621918,2,3,2,4
0.10535027086734772,3,3,2,4
0.3147749602794647,4,3,2,4
0.4905607998371124,5,3,2,4
0.3860296308994293,6,3,2,4
0.429765522480011,1,3,2,4
0.1138169914484024,2,3,2,4
0.365640252828598,3,3,2,4
0.5587510466575623,4,3,2,4
0.4604536294937134,5,3,2,4
0.010101966559886932,1,3,2,4
0.3504382073879242,2,3,2,4
0.33927303552627563,3,3,2,4
0.36476412415504456,4,3,2,4
0.22502213716506958,1,3,2,4
0.1879999041557312,2,3,2,4
0.3446064591407776,3,3,2,4
0.3293455243110657,1,3,2,4
0.4454834759235382,2,3,2,4
0.4580358564853668,1,3,2,4
0.2543836236000061,1,3,2,5
0.4450562298297882,2,3,2,5
0.38806188106536865,3,3,2,5
0.4917179346084595,4,3,2,5
0.4991505742073059,5,3,2,5
0.33555859327316284,6,3,2,5
0.3688984215259552,7,3,2,5
0.41851723194122314,8,3,2,5
0.5514167547225952,9,3,2,5
0.4600280225276947,1,3,2,5
0.33491992950439453,2,3,2,5
0.3473065495491028,3,3,2,5
0.4515877664089203,4,3,2,5
0.3914649784564972,5,3,2,5
0.3093852996826172,6,3,2,5
0.27458837628364563,7,3,2,5
0.43535879254341125,8,3,2,5
0.3330985903739929,1,3,2,5
0.32375437021255493,2,3,2,5
0.422773152589798,3,3,2,5
0.3800737261772156,4,3,2,5
0.2631863057613373,5,3,2,5
0.2879605293273926,6,3,2,5
0.38449692726135254,7,3,2,5
0.36687248945236206,1,3,2,5
0.5412564277648926,2,3,2,5
0.34605443477630615,3,3,2,5
0.24904505908489227,4,3,2,5
0.16181766986846924,5,3,2,5
0.5160731077194214,6,3,2,5
0.46756139397621155,1,3,2,5
0.38915836811065674,2,3,2,5
0.27373114228248596,3,3,2,5
0.40378338098526,4,3,2,5
0.3840663731098175,5,3,2,5
0.418802410364151,1,3,2,5
0.44849836826324463,2,3,2,5
0.3602391183376312,3,3,2,5
0.7070649266242981,4,3,2,5
0.2918529212474823,1,3,2,5
0.32559487223625183,2,3,2,5
0.2997928857803345,3,3,2,5
0.36016058921813965,1,3,2,5
0.4500029981136322,2,3,2,5
0.32637518644332886,1,3,2,5
0.6620917916297913,1,3,2,6
0.5050856471061707,2,3,2,6
0.5864336490631104,3,3,2,6
0.6309975385665894,4,3,2,6
0.5611180663108826,5,3,2,6
0.46138036251068115,6,3,2,6
0.5145772099494934,7,3,2,6
0.58107990026474,8,3,2,6
0.6030797362327576,9,3,2,6
0.547904372215271,1,3,2,6
0.5485295057296753,2,3,2,6
0.5732543468475342,3,3,2,6
0.5080852508544922,4,3,2,6
0.5365690588951111,5,3,2,6
0.49724000692367554,6,3,2,6
0.5961599349975586,7,3,2,6
0.6337884664535522,8,3,2,6
0.41440483927726746,1,3,2,6
0.5460415482521057,2,3,2,6
0.5812481641769409,3,3,2,6
0.4525344967842102,4,3,2,6
0.43212977051734924,5,3,2,6
0.4165312349796295,6,3,2,6
0.4373425245285034,7,3,2,6
0.6616792678833008,1,3,2,6
0.5504506230354309,2,3,2,6
0.5733740925788879,3,3,2,6
0.4119062125682831,4,3,2,6
0.5341572761535645,5,3,2,6
0.3778334856033325,6,3,2,6
0.6911489367485046,1,3,2,6
0.5239912867546082,2,3,2,6
0.39421480894088745,3,3,2,6
0.5678445100784302,4,3,2,6
0.47362715005874634,5,3,2,6
0.41349831223487854,1,3,2,6
0.3728870153427124,2,3,2,6
0.5716511607170105,3,3,2,6
0.42394232749938965,4,3,2,6
0.3936282992362976,1,3,2,6
0.5084975361824036,2,3,2,6
0.4378345012664795,3,3,2,6
0.4401415288448334,1,3,2,6
0.37471431493759155,2,3,2,6
0.5029679536819458,1,3,2,6
0.6822349429130554,1,3,2,7
0.5201845765113831,2,3,2,7
0.3100126087665558,3,3,2,7
0.46869003772735596,4,3,2,7
0.3229992091655731,5,3,2,7
0.6023518443107605,6,3,2,7
0.24621491134166718,7,3,2,7
0.4659729301929474,8,3,2,7
0.5041790008544922,9,3,2,7
0.563368022441864,1,3,2,7
0.2285345196723938,2,3,2,7
0.4630018174648285,3,3,2,7
0.3219183087348938,4,3,2,7
0.5682106614112854,5,3,2,7
0.20958635210990906,6,3,2,7
0.470744788646698,7,3,2,7
0.4648642838001251,8,3,2,7
0.20057283341884613,1,3,2,7
0.38818904757499695,2,3,2,7
0.2769286334514618,3,3,2,7
0.40264981985092163,4,3,2,7
0.22268489003181458,5,3,2,7
0.3437116742134094,6,3,2,7
0.4193689525127411,7,3,2,7
0.20929351449012756,1,3,2,7
0.36099642515182495,2,3,2,7
0.16154399514198303,3,3,2,7
0.4878281354904175,4,3,2,7
0.5875576734542847,5,3,2,7
0.21869760751724243,6,3,2,7
0.40154188871383667,1,3,2,7
0.5376269221305847,2,3,2,7
0.2457524836063385,3,3,2,7
0.41585344076156616,4,3,2,7
0.5557440519332886,5,3,2,7
0.30563709139823914,1,3,2,7
0.562887966632843,2,3,2,7
0.43353164196014404,3,3,2,7
0.3807727098464966,4,3,2,7
0.11296392977237701,1,3,2,7
0.2767094075679779,2,3,2,7
0.5632438063621521,3,3,2,7
0.5518757104873657,1,3,2,7
0.2678651213645935,2,3,2,7
0.40530580282211304,1,3,2,7
0.6937354803085327,1,3,2,8
0.4547143280506134,2,3,2,8
0.2561374008655548,3,3,2,8
0.5374010801315308,4,3,2,8
0.4667951166629791,5,3,2,8
0.619153618812561,6,3,2,8
0.3688827157020569,7,3,2,8
0.5459679365158081,8,3,2,8
0.4524471163749695,9,3,2,8
0.44950753450393677,1,3,2,8
0.27434876561164856,2,3,2,8
0.6206178069114685,3,3,2,8
0.6035474538803101,4,3,2,8
0.6751518249511719,5,3,2,8
0.3560556173324585,6,3,2,8
0.6791162490844727,7,3,2,8
0.38762369751930237,8,3,2,8
0.2626231908798218,1,3,2,8
0.5928189754486084,2,3,2,8
0.3973943889141083,3,3,2,8
0.4258089065551758,4,3,2,8
0.36447620391845703,5,3,2,8
0.5188726186752319,6,3,2,8
0.37387600541114807,7,3,2,8
0.21465837955474854,1,3,2,8
0.10343645513057709,2,3,2,8
0.22533714771270752,3,3,2,8
0.05125725641846657,4,3,2,8
0.2848977744579315,5,3,2,8
0.4007969796657562,6,3,2,8
0.5644772052764893,1,3,2,8
0.579958438873291,2,3,2,8
0.31777381896972656,3,3,2,8
0.5678867101669312,4,3,2,8
0.44167202711105347,5,3,2,8
0.7536700367927551,1,3,2,8
0.3654176890850067,2,3,2,8
0.7065225839614868,3,3,2,8
0.41530942916870117,4,3,2,8
0.3349480628967285,1,3,2,8
0.7387981414794922,2,3,2,8
0.4101622402667999,3,3,2,8
0.35303714871406555,1,3,2,8
0.22147363424301147,2,3,2,8
0.47251272201538086,1,3,2,8
0.4987688958644867,1,3,2,9
0.5133920907974243,2,3,2,9
0.5555437207221985,3,3,2,9
0.36875200271606445,4,3,2,9
0.5688567161560059,5,3,2,9
0.5358788371086121,6,3,2,9
0.5147678852081299,7,3,2,9
0.484769731760025,8,3,2,9
0.5546833276748657,9,3,2,9
0.5349716544151306,1,3,2,9
0.5520070195198059,2,3,2,9
0.3793204128742218,3,3,2,9
0.49975693225860596,4,3,2,9
0.5226442813873291,5,3,2,9
0.41499847173690796,6,3,2,9
0.6173062324523926,7,3,2,9
0.48347416520118713,8,3,2,9
0.4796057641506195,1,3,2,9
0.455268919467926,2,3,2,9
0.5230845212936401,3,3,2,9
0.4863154888153076,4,3,2,9
0.3068872392177582,5,3,2,9
0.5564348697662354,6,3,2,9
0.4956131875514984,7,3,2,9
0.48418691754341125,1,3,2,9
0.7150396108627319,2,3,2,9
0.5903820395469666,3,3,2,9
0.40379494428634644,4,3,2,9
0.6876767873764038,5,3,2,9
0.682286262512207,6,3,2,9
0.504091739654541,1,3,2,9
0.39169177412986755,2,3,2,9
0.39338037371635437,3,3,2,9
0.4012153446674347,4,3,2,9
0.5542123913764954,5,3,2,9
0.5369207262992859,1,3,2,9
0.38993018865585327,2,3,2,9
0.6704651117324829,3,3,2,9
0.6801297664642334,4,3,2,9
0.33658385276794434,1,3,2,9
0.5336271524429321,2,3,2,9
0.5282804369926453,3,3,2,9
0.32212692499160767,1,3,2,9
0.2986811101436615,2,3,2,9
0.6103517413139343,1,3,2,9
0.5879868268966675,1,1,3,0
0.6074747443199158,2,1,3,0
0.6357976198196411,3,1,3,0
0.6348487138748169,4,1,3,0
0.4840085208415985,5,1,3,0
0.5845152139663696,6,1,3,0
0.6278645992279053,7,1,3,0
0.5227973461151123,8,1,3,0
0.5780758857727051,9,1,3,0
0.5490713119506836,1,1,3,0
0.6294376254081726,2,1,3,0
0.5697802305221558,3,1,3,0
0.5880326628684998,4,1,3,0
0.522934079170227,5,1,3,0
0.5104764699935913,6,1,3,0
0.5342671871185303,7,1,3,0
0.6341568827629089,8,1,3,0
0.46449023485183716,1,1,3,0
0.5298801064491272,2,1,3,0
0.4588767886161804,3,1,3,0
0.5099254846572876,4,1,3,0
0.5043742656707764,5,1,3,0
0.4733094573020935,6,1,3,0
0.456569641828537,7,1,3,0
0.660944938659668,1,1,3,0
0.519166886806488,2,1,3,0
0.5346854329109192,3,1,3,0
0.5449594259262085,4,1,3,0
0.5873177647590637,5,1,3,0
0.5595460534095764,6,1,3,0
0.5692878365516663,1,1,3,0
0.5789437294006348,2,1,3,0
0.5928645730018616,3,1,3,0
0.6012852787971497,4,1,3,0
0.5579351782798767,5,1,3,0
0.5607711672782898,1,1,3,0
0.47589147090911865,2,1,3,0
0.6773074269294739,3,1,3,0
0.4593927264213562,4,1,3,0
0.5636945962905884,1,1,3,0
0.5638395547866821,2,1,3,0
0.4005337953567505,3,1,3,0
0.4655954837799072,1,1,3,0
0.4861487150192261,2,1,3,0
0.49266642332077026,1,1,3,0
0.5794433951377869,1,1,3,1
0.4861270487308502,2,1,3,1
0.42917051911354065,3,1,3,1
0.4027097523212433,4,1,3,1
0.4823159873485565,5,1,3,1
0.40732496976852417,6,1,3,1
0.45842957496643066,7,1,3,1
0.4624098539352417,8,1,3,1
0.5417260527610779,9,1,3,1
0.49138882756233215,1,1,3,1
0.5345520973205566,2,1,3,1
0.429179847240448,3,1,3,1
0.5192116498947144,4,1,3,1
0.5379839539527893,5,1,3,1
0.56772780418396,6,1,3,1
0.5405333638191223,7,1,3,1
0.6058199405670166,8,1,3,1
0.5250902771949768,1,1,3,1
0.39094218611717224,2,1,3,1
0.3727387487888336,3,1,3,1
0.6023783683776855,4,1,3,1
0.43326881527900696,5,1,3,1
0.6124772429466248,6,1,3,1
0.5201786160469055,7,1,3,1
0.3270081877708435,1,1,3,1
0.44219696521759033,2,1,3,1
0.5256053805351257,3,1,3,1
0.47192972898483276,4,1,3,1
0.5247963070869446,5,1,3,1
0.47377580404281616,6,1,3,1
0.4360382556915283,1,1,3,1
0.4568324387073517,2,1,3,1
0.3992902636528015,3,1,3,1
0.3889487087726593,4,1,3,1
0.3566889762878418,5,1,3,1
0.3749139606952667,1,1,3,1
0.5302215218544006,2,1,3,1
0.3480033576488495,3,1,3,1
0.5478052496910095,4,1,3,1
0.4422852396965027,1,1,3,1
0.5914324522018433,2,1,3,1
0.3791302442550659,3,1,3,1
0.3735908567905426,1,1,3,1
0.40128421783447266,2,1,3,1
0.5181243419647217,1,1,3,1
0.5144234895706177,1,1,3,2
0.5687077045440674,2,1,3,2
0.43297064304351807,3,1,3,2
0.3940792679786682,4,1,3,2
0.4784887135028839,5,1,3,2
0.4784887135028839,6,1,3,2
0.43353453278541565,7,1,3,2
0.5104012489318848,8,1,3,2
0.5870596766471863,9,1,3,2
0.5842067003250122,1,1,3,2
0.4281034767627716,2,1,3,2
0.35665711760520935,3,1,3,2
0.5301015973091125,4,1,3,2
0.5301015973091125,5,1,3,2
0.5060586929321289,6,1,3,2
0.4773682951927185,7,1,3,2
0.6108793020248413,8,1,3,2
0.6428818106651306,1,1,3,2
0.5584672093391418,2,1,3,2
0.6102558970451355,3,1,3,2
0.6102558970451355,4,1,3,2
0.5310980677604675,5,1,3,2
0.6334881782531738,6,1,3,2
0.632679283618927,7,1,3,2
0.5122507214546204,1,1,3,2
0.4947688579559326,2,1,3,2
0.4947688579559326,3,1,3,2
0.545211911201477,4,1,3,2
0.5973138213157654,5,1,3,2
0.6522004008293152,6,1,3,2
0.5072272419929504,1,1,3,2
0.5072272419929504,2,1,3,2
0.6053706407546997,3,1,3,2
0.4265022575855255,4,1,3,2
0.4834272861480713,5,1,3,2
1.0,1,1,3,2
0.527157723903656,2,1,3,2
0.5728721022605896,3,1,3,2
0.5645155310630798,4,1,3,2
0.527157723903656,1,1,3,2
0.5728721022605896,2,1,3,2
0.5645155310630798,3,1,3,2
0.4889005422592163,1,1,3,2
0.5376481413841248,2,1,3,2
0.6310549378395081,1,1,3,2
0.48310840129852295,1,1,3,3
0.7211039662361145,2,1,3,3
0.4980095326900482,3,1,3,3
0.5214440822601318,4,1,3,3
0.46378010511398315,5,1,3,3
0.46378010511398315,6,1,3,3
0.49591466784477234,7,1,3,3
0.5601657629013062,8,1,3,3
0.5617985129356384,9,1,3,3
0.43575403094291687,1,1,3,3
0.3499212861061096,2,1,3,3
0.4341542720794678,3,1,3,3
0.36461496353149414,4,1,3,3
0.36461496353149414,5,1,3,3
0.38368964195251465,6,1,3,3
0.4938447177410126,7,1,3,3
0.48622775077819824,8,1,3,3
0.5369929671287537,1,1,3,3
0.4792254567146301,2,1,3,3
0.4103003144264221,3,1,3,3
0.4103003144264221,4,1,3,3
0.39581751823425293,5,1,3,3
0.5212505459785461,6,1,3,3
0.4619395136833191,7,1,3,3
0.3331572711467743,1,1,3,3
0.312322735786438,2,1,3,3
0.312322735786438,3,1,3,3
0.3491959869861603,4,1,3,3
0.4629351496696472,5,1,3,3
0.40526673197746277,6,1,3,3
0.4986814856529236,1,1,3,3
0.4986814856529236,2,1,3,3
0.4298645555973053,3,1,3,3
0.5389003753662109,4,1,3,3
0.5321068167686462,5,1,3,3
1.0,1,1,3,3
0.51734858751297,2,1,3,3
0.4833103120326996,3,1,3,3
0.5259108543395996,4,1,3,3
0.51734858751297,1,1,3,3
0.4833103120326996,2,1,3,3
0.5259108543395996,3,1,3,3
0.48695626854896545,1,1,3,3
0.6257647275924683,2,1,3,3
0.6593008041381836,1,1,3,3
,1,1,3,4
,2,1,3,4
,3,1,3,4
,4,1,3,4
,5,1,3,4
,6,1,3,4
,7,1,3,4
,8,1,3,4
,9,1,3,4
,1,1,3,4
,2,1,3,4
,3,1,3,4
,4,1,3,4
,5,1,3,4
,6,1,3,4
,7,1,3,4
,8,1,3,4
,1,1,3,4
,2,1,3,4
,3,1,3,4
,4,1,3,4
,5,1,3,4
,6,1,3,4
,7,1,3,4
,1,1,3,4
,2,1,3,4
,3,1,3,4
,4,1,3,4
,5,1,3,4
,6,1,3,4
,1,1,3,4
,2,1,3,4
,3,1,3,4
,4,1,3,4
,5,1,3,4
,1,1,3,4
,2,1,3,4
,3,1,3,4
,4,1,3,4
,1,1,3,4
,2,1,3,4
,3,1,3,4
,1,1,3,4
,2,1,3,4
,1,1,3,4
0.606248140335083,1,1,3,5
0.3935414254665375,2,1,3,5
0.5403187870979309,3,1,3,5
0.47131893038749695,4,1,3,5
0.5607016682624817,5,1,3,5
0.34791406989097595,6,1,3,5
0.41591084003448486,7,1,3,5
0.44850000739097595,8,1,3,5
0.5011134743690491,9,1,3,5
0.5407652854919434,1,1,3,5
0.6071041226387024,2,1,3,5
0.5838402509689331,3,1,3,5
0.6271070241928101,4,1,3,5
0.3700983226299286,5,1,3,5
0.5000099539756775,6,1,3,5
0.47508102655410767,7,1,3,5
0.5378418564796448,8,1,3,5
0.5194634795188904,1,1,3,5
0.45259106159210205,2,1,3,5
0.5380663871765137,3,1,3,5
0.3676702678203583,4,1,3,5
0.35418248176574707,5,1,3,5
0.37039458751678467,6,1,3,5
0.46357810497283936,7,1,3,5
0.5013013482093811,1,1,3,5
0.6620070338249207,2,1,3,5
0.30702435970306396,3,1,3,5
0.4943189322948456,4,1,3,5
0.3882924020290375,5,1,3,5
0.45055443048477173,6,1,3,5
0.5310667753219604,1,1,3,5
0.39723512530326843,2,1,3,5
0.44943490624427795,3,1,3,5
0.5947474241256714,4,1,3,5
0.46762144565582275,5,1,3,5
0.31902390718460083,1,1,3,5
0.5698084831237793,2,1,3,5
0.4906938672065735,3,1,3,5
0.6570606827735901,4,1,3,5
0.23217104375362396,1,1,3,5
0.4162752628326416,2,1,3,5
0.35704225301742554,3,1,3,5
0.42795535922050476,1,1,3,5
0.4540133774280548,2,1,3,5
0.4118150472640991,1,1,3,5
0.43654417991638184,1,1,3,6
0.32603469491004944,2,1,3,6
0.41933000087738037,3,1,3,6
0.3943355083465576,4,1,3,6
0.3246658146381378,5,1,3,6
0.3799041509628296,6,1,3,6
0.3266383111476898,7,1,3,6
0.37187016010284424,8,1,3,6
0.19975410401821136,9,1,3,6
0.4805716872215271,1,1,3,6
0.4829193353652954,2,1,3,6
0.5335376858711243,3,1,3,6
0.41699734330177307,4,1,3,6
0.4198562502861023,5,1,3,6
0.4658892750740051,6,1,3,6
0.38344526290893555,7,1,3,6
0.33153992891311646,8,1,3,6
0.474200576543808,1,1,3,6
0.6195083856582642,2,1,3,6
0.658378541469574,3,1,3,6
0.6379794478416443,4,1,3,6
0.6358925700187683,5,1,3,6
0.446008563041687,6,1,3,6
0.6136019229888916,7,1,3,6
0.41120877861976624,1,1,3,6
0.390293151140213,2,1,3,6
0.43334534764289856,3,1,3,6
0.3852550983428955,4,1,3,6
0.426363468170166,5,1,3,6
0.3420819640159607,6,1,3,6
0.6405508518218994,1,1,3,6
0.6022375226020813,2,1,3,6
0.684756338596344,3,1,3,6
0.4427297115325928,4,1,3,6
0.5098291039466858,5,1,3,6
0.7066490054130554,1,1,3,6
0.6194145083427429,2,1,3,6
0.44366055727005005,3,1,3,6
0.5387218594551086,4,1,3,6
0.5814587473869324,1,1,3,6
0.5174580216407776,2,1,3,6
0.5509254336357117,3,1,3,6
0.42566975951194763,1,1,3,6
0.7316144704818726,2,1,3,6
0.4355924129486084,1,1,3,6
0.3280032277107239,1,1,3,7
,2,1,3,7
0.524527907371521,3,1,3,7
0.37362009286880493,4,1,3,7
0.42157047986984253,5,1,3,7
0.3958963453769684,6,1,3,7
0.37236467003822327,7,1,3,7
0.29552900791168213,8,1,3,7
0.404651939868927,9,1,3,7
,1,1,3,7
0.32922670245170593,2,1,3,7
0.3301929831504822,3,1,3,7
0.41215914487838745,4,1,3,7
0.7825457453727722,5,1,3,7
0.26141929626464844,6,1,3,7
0.8066831231117249,7,1,3,7
0.33685484528541565,8,1,3,7
,1,1,3,7
,2,1,3,7
,3,1,3,7
,4,1,3,7
,5,1,3,7
,6,1,3,7
,7,1,3,7
0.4416985809803009,1,1,3,7
0.48701193928718567,2,1,3,7
0.41741272807121277,3,1,3,7
0.5575138926506042,4,1,3,7
0.2885057032108307,5,1,3,7
0.47210535407066345,6,1,3,7
0.6352198123931885,1,1,3,7
0.47014865279197693,2,1,3,7
0.41422271728515625,3,1,3,7
0.29844924807548523,4,1,3,7
0.5149903893470764,5,1,3,7
0.5233166813850403,1,1,3,7
0.4718557596206665,2,1,3,7
0.34785279631614685,3,1,3,7
0.5452893972396851,4,1,3,7
0.3426247835159302,1,1,3,7
0.8444770574569702,2,1,3,7
0.4215543270111084,3,1,3,7
0.24248862266540527,1,1,3,7
0.4749777317047119,2,1,3,7
0.2837534546852112,1,1,3,7
0.6143890619277954,1,1,3,8
0.15661123394966125,2,1,3,8
0.48741304874420166,3,1,3,8
0.5510901808738708,4,1,3,8
0.42090335488319397,5,1,3,8
0.5595813393592834,6,1,3,8
0.3232645094394684,7,1,3,8
0.4979812502861023,8,1,3,8
0.4698447287082672,9,1,3,8
0.3347576856613159,1,1,3,8
0.5436483025550842,2,1,3,8
0.5314846038818359,3,1,3,8
0.4326144754886627,4,1,3,8
0.4602630138397217,5,1,3,8
0.3567200005054474,6,1,3,8
0.5620638132095337,7,1,3,8
0.5668282508850098,8,1,3,8
0.398134708404541,1,1,3,8
0.2558937668800354,2,1,3,8
0.24178937077522278,3,1,3,8
0.20230787992477417,4,1,3,8
0.4243910610675812,5,1,3,8
0.355920672416687,6,1,3,8
0.44145363569259644,7,1,3,8
0.634378969669342,1,1,3,8
0.5518175363540649,2,1,3,8
0.5210486650466919,3,1,3,8
0.6914451718330383,4,1,3,8
0.5767338871955872,5,1,3,8
0.49234792590141296,6,1,3,8
0.4886149764060974,1,1,3,8
0.6347838640213013,2,1,3,8
0.4496826231479645,3,1,3,8
0.5477046966552734,4,1,3,8
0.5115180015563965,5,1,3,8
0.33825135231018066,1,1,3,8
0.5175221562385559,2,1,3,8
0.40362030267715454,3,1,3,8
0.4718046188354492,4,1,3,8
0.3121967911720276,1,1,3,8
0.5075327157974243,2,1,3,8
0.5448537468910217,3,1,3,8
0.43755990266799927,1,1,3,8
0.3765733242034912,2,1,3,8
0.4844381809234619,1,1,3,8
,1,1,3,9
,2,1,3,9
,3,1,3,9
,4,1,3,9
,5,1,3,9
,6,1,3,9
,7,1,3,9
,8,1,3,9
,9,1,3,9
,1,1,3,9
,2,1,3,9
,3,1,3,9
,4,1,3,9
,5,1,3,9
,6,1,3,9
,7,1,3,9
,8,1,3,9
,1,1,3,9
,2,1,3,9
,3,1,3,9
,4,1,3,9
,5,1,3,9
,6,1,3,9
,7,1,3,9
,1,1,3,9
,2,1,3,9
,3,1,3,9
,4,1,3,9
,5,1,3,9
,6,1,3,9
,1,1,3,9
,2,1,3,9
,3,1,3,9
,4,1,3,9
,5,1,3,9
,1,1,3,9
,2,1,3,9
,3,1,3,9
,4,1,3,9
,1,1,3,9
,2,1,3,9
,3,1,3,9
,1,1,3,9
,2,1,3,9
,1,1,3,9
0.37999600172042847,1,1,3,10
0.5601332783699036,2,1,3,10
0.5511220693588257,3,1,3,10
0.6223729252815247,4,1,3,10
0.5182515978813171,5,1,3,10
0.35699668526649475,6,1,3,10
0.46496909856796265,7,1,3,10
0.5240602493286133,8,1,3,10
0.5294443964958191,9,1,3,10
0.2779964804649353,1,1,3,10
0.3863637447357178,2,1,3,10
0.3743441104888916,3,1,3,10
0.3310820460319519,4,1,3,10
0.35094600915908813,5,1,3,10
0.3316161036491394,6,1,3,10
0.3954418897628784,7,1,3,10
0.34371936321258545,8,1,3,10
0.4117177724838257,1,1,3,10
0.4333643913269043,2,1,3,10
0.6462661027908325,3,1,3,10
0.29426372051239014,4,1,3,10
0.47438210248947144,5,1,3,10
0.36042678356170654,6,1,3,10
0.6563356518745422,7,1,3,10
0.6800286173820496,1,1,3,10
0.46301108598709106,2,1,3,10
0.6901500821113586,3,1,3,10
0.36927396059036255,4,1,3,10
0.5171006321907043,5,1,3,10
0.42093101143836975,6,1,3,10
0.49867987632751465,1,1,3,10
0.499284565448761,2,1,3,10
0.40543311834335327,3,1,3,10
0.5239278674125671,4,1,3,10
0.5478156208992004,5,1,3,10
0.36822745203971863,1,1,3,10
0.6544748544692993,2,1,3,10
0.5369237065315247,3,1,3,10
0.6281091570854187,4,1,3,10
0.2429155707359314,1,1,3,10
0.44600754976272583,2,1,3,10
0.281589150428772,3,1,3,10
0.5549283027648926,1,1,3,10
0.6237570643424988,2,1,3,10
0.5250508189201355,1,1,3,10
0.6757333278656006,1,1,3,11
0.44814515113830566,2,1,3,11
0.563307523727417,3,1,3,11
0.4795600473880768,4,1,3,11
0.462738037109375,5,1,3,11
0.5968994498252869,6,1,3,11
0.5282307267189026,7,1,3,11
0.39160865545272827,8,1,3,11
0.5526931881904602,9,1,3,11
0.4702760577201843,1,1,3,11
0.5618578195571899,2,1,3,11
0.45595961809158325,3,1,3,11
0.47365516424179077,4,1,3,11
0.7351385354995728,5,1,3,11
0.621201753616333,6,1,3,11
0.464965283870697,7,1,3,11
0.7193960547447205,8,1,3,11
0.5468094944953918,1,1,3,11
0.49723494052886963,2,1,3,11
0.546749472618103,3,1,3,11
0.434709370136261,4,1,3,11
0.4260559678077698,5,1,3,11
0.45946234464645386,6,1,3,11
0.43730032444000244,7,1,3,11
0.4971470832824707,1,1,3,11
0.6023092269897461,2,1,3,11
0.5074428915977478,3,1,3,11
0.549511194229126,4,1,3,11
0.4618534445762634,5,1,3,11
0.4730229377746582,6,1,3,11
0.5948530435562134,1,1,3,11
0.4102679193019867,2,1,3,11
0.41013699769973755,3,1,3,11
0.4665083885192871,4,1,3,11
0.502312183380127,5,1,3,11
0.45867639780044556,1,1,3,11
0.49588289856910706,2,1,3,11
0.4719783067703247,3,1,3,11
0.43695592880249023,4,1,3,11
0.513266384601593,1,1,3,11
0.42588892579078674,2,1,3,11
0.5955561399459839,3,1,3,11
0.40256500244140625,1,1,3,11
0.5575656294822693,2,1,3,11
0.38716650009155273,1,1,3,11
0.3470829725265503,1,2,3,0
0.3813927173614502,2,2,3,0
0.34491050243377686,3,2,3,0
0.32000139355659485,4,2,3,0
0.43919870257377625,5,2,3,0
0.24413642287254333,6,2,3,0
0.5491607189178467,7,2,3,0
0.34373193979263306,8,2,3,0
0.44197607040405273,9,2,3,0
0.37279948592185974,1,2,3,0
0.5006307363510132,2,2,3,0
0.4986160397529602,3,2,3,0
0.6140628457069397,4,2,3,0
0.29986631870269775,5,2,3,0
0.3764869272708893,6,2,3,0
0.31140080094337463,7,2,3,0
0.4842858910560608,8,2,3,0
0.41959136724472046,1,2,3,0
0.40797561407089233,2,2,3,0
0.46202248334884644,3,2,3,0
0.3622629642486572,4,2,3,0
0.578902542591095,5,2,3,0
0.41595253348350525,6,2,3,0
0.3576927185058594,7,2,3,0
0.5763554573059082,1,2,3,0
0.5536701679229736,2,2,3,0
0.36954161524772644,3,2,3,0
0.42406612634658813,4,2,3,0
0.42098355293273926,5,2,3,0
0.4573703110218048,6,2,3,0
0.5319652557373047,1,2,3,0
0.35002487897872925,2,2,3,0
0.4010450839996338,3,2,3,0
0.43262171745300293,4,2,3,0
0.36860913038253784,5,2,3,0
0.38626688718795776,1,2,3,0
0.5572546124458313,2,2,3,0
0.3573360741138458,3,2,3,0
0.531932532787323,4,2,3,0
0.5060660243034363,1,2,3,0
0.3403412997722626,2,2,3,0
0.29743993282318115,3,2,3,0
0.43226921558380127,1,2,3,0
0.42530351877212524,2,2,3,0
0.48580166697502136,1,2,3,0
0.6732540130615234,1,2,3,1
0.5916103720664978,2,2,3,1
0.637690007686615,3,2,3,1
0.6913372874259949,4,2,3,1
0.3966923952102661,5,2,3,1
0.5152972936630249,6,2,3,1
0.35078319907188416,7,2,3,1
0.7238922715187073,8,2,3,1
0.5581430792808533,9,2,3,1
0.699392557144165,1,2,3,1
0.602565348148346,2,2,3,1
0.5889295935630798,3,2,3,1
0.3729192614555359,4,2,3,1
0.40779125690460205,5,2,3,1
0.30750471353530884,6,2,3,1
0.5450089573860168,7,2,3,1
0.5872477293014526,8,2,3,1
0.6086121797561646,1,2,3,1
0.6463142037391663,2,2,3,1
0.37408703565597534,3,2,3,1
0.3635689914226532,4,2,3,1
0.31156420707702637,5,2,3,1
0.5404736399650574,6,2,3,1
0.4890574514865875,7,2,3,1
0.6043879985809326,1,2,3,1
0.5295167565345764,2,2,3,1
0.7029442191123962,3,2,3,1
0.4348500669002533,4,2,3,1
0.7058694362640381,5,2,3,1
0.5379782319068909,6,2,3,1
0.44573959708213806,1,2,3,1
0.42573681473731995,2,2,3,1
0.40110358595848083,3,2,3,1
0.5913779139518738,4,2,3,1
0.5626842379570007,5,2,3,1
0.46966367959976196,1,2,3,1
0.5187243819236755,2,2,3,1
0.45185548067092896,3,2,3,1
0.5535916090011597,4,2,3,1
0.4220733642578125,1,2,3,1
0.5737423896789551,2,2,3,1
0.48492854833602905,3,2,3,1
0.29490938782691956,1,2,3,1
0.3910653591156006,2,2,3,1
0.5441599488258362,1,2,3,1
0.38139721751213074,1,2,3,2
0.33317723870277405,2,2,3,2
0.4847460687160492,3,2,3,2
0.4712894558906555,4,2,3,2
0.3306494951248169,5,2,3,2
0.5244864225387573,6,2,3,2
0.40267184376716614,7,2,3,2
0.5568394064903259,8,2,3,2
0.4002504050731659,9,2,3,2
0.5764130353927612,1,2,3,2
0.6823562979698181,2,2,3,2
0.6467795372009277,3,2,3,2
0.6234130263328552,4,2,3,2
0.6044652462005615,5,2,3,2
0.6103107333183289,6,2,3,2
0.5633043050765991,7,2,3,2
0.6611406803131104,8,2,3,2
0.5064243078231812,1,2,3,2
0.5180890560150146,2,2,3,2
0.4856843054294586,3,2,3,2
0.6690212488174438,4,2,3,2
0.45194169878959656,5,2,3,2
0.4244879484176636,6,2,3,2
0.517966091632843,7,2,3,2
0.7376120090484619,1,2,3,2
0.7304421067237854,2,2,3,2
0.6135973930358887,3,2,3,2
0.6853080987930298,4,2,3,2
0.5940238237380981,5,2,3,2
0.6480684876441956,6,2,3,2
0.7884960174560547,1,2,3,2
0.6381164789199829,2,2,3,2
0.7223497033119202,3,2,3,2
0.7141673564910889,4,2,3,2
0.7042367458343506,5,2,3,2
0.5116615891456604,1,2,3,2
0.7190261483192444,2,2,3,2
0.6394444704055786,3,2,3,2
0.7362053990364075,4,2,3,2
0.5319707989692688,1,2,3,2
0.6134927272796631,2,2,3,2
0.49367350339889526,3,2,3,2
0.6967514157295227,1,2,3,2
0.6779992580413818,2,2,3,2
0.6661198139190674,1,2,3,2
,1,2,3,3
,2,2,3,3
,3,2,3,3
,4,2,3,3
,5,2,3,3
,6,2,3,3
,7,2,3,3
,8,2,3,3
,9,2,3,3
,1,2,3,3
,2,2,3,3
,3,2,3,3
,4,2,3,3
,5,2,3,3
,6,2,3,3
,7,2,3,3
,8,2,3,3
,1,2,3,3
,2,2,3,3
,3,2,3,3
,4,2,3,3
,5,2,3,3
,6,2,3,3
,7,2,3,3
,1,2,3,3
,2,2,3,3
,3,2,3,3
,4,2,3,3
,5,2,3,3
,6,2,3,3
,1,2,3,3
,2,2,3,3
,3,2,3,3
,4,2,3,3
,5,2,3,3
,1,2,3,3
,2,2,3,3
,3,2,3,3
,4,2,3,3
,1,2,3,3
,2,2,3,3
,3,2,3,3
,1,2,3,3
,2,2,3,3
,1,2,3,3
0.585289478302002,1,2,3,4
0.6116364598274231,2,2,3,4
0.5569779872894287,3,2,3,4
0.5137001276016235,4,2,3,4
0.47481730580329895,5,2,3,4
0.6548811793327332,6,2,3,4
0.5800016522407532,7,2,3,4
0.6074733734130859,8,2,3,4
0.5244280695915222,9,2,3,4
0.794073224067688,1,2,3,4
0.4868142902851105,2,2,3,4
0.5016337633132935,3,2,3,4
0.5693933367729187,4,2,3,4
0.6926568150520325,5,2,3,4
0.3908693194389343,6,2,3,4
0.6345617175102234,7,2,3,4
0.6088308691978455,8,2,3,4
0.46372371912002563,1,2,3,4
0.38556504249572754,2,2,3,4
0.5259063839912415,3,2,3,4
0.685153067111969,4,2,3,4
0.3939242362976074,5,2,3,4
0.6138250827789307,6,2,3,4
0.6649067997932434,7,2,3,4
0.6611462831497192,1,2,3,4
0.5091487169265747,2,2,3,4
0.5321155786514282,3,2,3,4
0.5468961596488953,4,2,3,4
0.5514971613883972,5,2,3,4
0.4726918339729309,6,2,3,4
0.4870032072067261,1,2,3,4
0.5187942981719971,2,2,3,4
0.5998716354370117,3,2,3,4
0.4922945499420166,4,2,3,4
0.4535220265388489,5,2,3,4
0.5985301733016968,1,2,3,4
0.5252495408058167,2,2,3,4
0.7010942101478577,3,2,3,4
0.5952757596969604,4,2,3,4
0.5121232271194458,1,2,3,4
0.7397977709770203,2,2,3,4
0.6209984421730042,3,2,3,4
0.5143907070159912,1,2,3,4
0.5346018075942993,2,2,3,4
0.5603023767471313,1,2,3,4
0.5345805287361145,1,2,3,5
0.5061652064323425,2,2,3,5
0.42646634578704834,3,2,3,5
0.5793008804321289,4,2,3,5
0.6163768768310547,5,2,3,5
0.5347393751144409,6,2,3,5
0.448940247297287,7,2,3,5
0.4060012102127075,8,2,3,5
0.3504340648651123,9,2,3,5
0.5272611379623413,1,2,3,5
0.5652686357498169,2,2,3,5
0.6799201965332031,3,2,3,5
0.5385739803314209,4,2,3,5
0.48293694853782654,5,2,3,5
0.4679056704044342,6,2,3,5
0.3725072145462036,7,2,3,5
0.3785167932510376,8,2,3,5
0.4626536965370178,1,2,3,5
0.49062174558639526,2,2,3,5
0.47507596015930176,3,2,3,5
0.53668212890625,4,2,3,5
0.43201056122779846,5,2,3,5
0.41190171241760254,6,2,3,5
0.3916012942790985,7,2,3,5
0.5034469366073608,1,2,3,5
0.39432787895202637,2,2,3,5
0.39505431056022644,3,2,3,5
0.39545997977256775,4,2,3,5
0.3187059760093689,5,2,3,5
0.3230222463607788,6,2,3,5
0.47206443548202515,1,2,3,5
0.45094725489616394,2,2,3,5
0.4407631456851959,3,2,3,5
0.4027717709541321,4,2,3,5
0.4326285421848297,5,2,3,5
0.47514694929122925,1,2,3,5
0.5222340226173401,2,2,3,5
0.43953466415405273,3,2,3,5
0.3792245388031006,4,2,3,5
0.6456522345542908,1,2,3,5
0.5388108491897583,2,2,3,5
0.425615131855011,3,2,3,5
0.6041951775550842,1,2,3,5
0.662264883518219,2,2,3,5
0.5436318516731262,1,2,3,5
,1,2,3,6
0.5360209941864014,2,2,3,6
0.5552397966384888,3,2,3,6
0.480510950088501,4,2,3,6
0.5243998765945435,5,2,3,6
0.43337297439575195,6,2,3,6
0.4393727779388428,7,2,3,6
0.3984678387641907,8,2,3,6
0.4700896739959717,9,2,3,6
,1,2,3,6
,2,2,3,6
,3,2,3,6
,4,2,3,6
,5,2,3,6
,6,2,3,6
,7,2,3,6
,8,2,3,6
0.3846876323223114,1,2,3,6
0.41211944818496704,2,2,3,6
0.5532077550888062,3,2,3,6
0.21064093708992004,4,2,3,6
0.3449666500091553,5,2,3,6
0.39193347096443176,6,2,3,6
0.3540160059928894,7,2,3,6
0.429036021232605,1,2,3,6
0.4115713834762573,2,2,3,6
0.5387412309646606,3,2,3,6
0.35091960430145264,4,2,3,6
0.47358739376068115,5,2,3,6
0.4503025710582733,6,2,3,6
0.4680774509906769,1,2,3,6
0.40744614601135254,2,2,3,6
0.30910035967826843,3,2,3,6
0.5577375888824463,4,2,3,6
0.40599995851516724,5,2,3,6
0.2276792824268341,1,2,3,6
0.4506579041481018,2,2,3,6
0.46446332335472107,3,2,3,6
0.3478846848011017,4,2,3,6
0.24030551314353943,1,2,3,6
0.3971736431121826,2,2,3,6
0.5022762417793274,3,2,3,6
0.3680931329727173,1,2,3,6
0.4147879481315613,2,2,3,6
0.4073421359062195,1,2,3,6
0.46289342641830444,1,2,3,7
0.3352082371711731,2,2,3,7
0.33523210883140564,3,2,3,7
0.3124127984046936,4,2,3,7
0.3335047662258148,5,2,3,7
0.4240490198135376,6,2,3,7
0.4344375431537628,7,2,3,7
0.3164590001106262,8,2,3,7
0.3037375807762146,9,2,3,7
0.3897705078125,1,2,3,7
0.3920261263847351,2,2,3,7
0.44414883852005005,3,2,3,7
0.3581865429878235,4,2,3,7
0.2759760618209839,5,2,3,7
0.4025474488735199,6,2,3,7
0.2759484052658081,7,2,3,7
0.25151923298835754,8,2,3,7
0.3673005700111389,1,2,3,7
0.45678287744522095,2,2,3,7
0.35370784997940063,3,2,3,7
0.40758728981018066,4,2,3,7
0.33820879459381104,5,2,3,7
0.4058571457862854,6,2,3,7
0.15203586220741272,7,2,3,7
0.28046903014183044,1,2,3,7
0.44452163577079773,2,2,3,7
0.42388927936553955,3,2,3,7
0.3580402135848999,4,2,3,7
0.6301453709602356,5,2,3,7
0.24161188304424286,6,2,3,7
0.23993843793869019,1,2,3,7
0.25742486119270325,2,2,3,7
0.28949594497680664,3,2,3,7
0.32330307364463806,4,2,3,7
0.05991360545158386,5,2,3,7
0.47796857357025146,1,2,3,7
0.40791794657707214,2,2,3,7
0.3385860323905945,3,2,3,7
0.3324606120586395,4,2,3,7
0.36472761631011963,1,2,3,7
0.4263399839401245,2,2,3,7
0.4218740463256836,3,2,3,7
0.3421099781990051,1,2,3,7
0.22240746021270752,2,2,3,7
0.15407021343708038,1,2,3,7
0.5091875195503235,1,2,3,8
0.5507280826568604,2,2,3,8
0.5478084683418274,3,2,3,8
0.374727338552475,4,2,3,8
0.5322484970092773,5,2,3,8
0.48616769909858704,6,2,3,8
0.4775026738643646,7,2,3,8
0.6258196830749512,8,2,3,8
0.557707667350769,9,2,3,8
0.7200766801834106,1,2,3,8
0.5356230139732361,2,2,3,8
0.5062132477760315,3,2,3,8
0.7065993547439575,4,2,3,8
0.5286101698875427,5,2,3,8
0.6809369325637817,6,2,3,8
0.6183910369873047,7,2,3,8
0.5997099876403809,8,2,3,8
0.5892875790596008,1,2,3,8
0.5385218858718872,2,2,3,8
0.5971260666847229,3,2,3,8
0.5190079212188721,4,2,3,8
0.624400794506073,5,2,3,8
0.6901090145111084,6,2,3,8
0.5682579278945923,7,2,3,8
0.3484705686569214,1,2,3,8
0.5519442558288574,2,2,3,8
0.6840256452560425,3,2,3,8
0.525878369808197,4,2,3,8
0.608646035194397,5,2,3,8
0.6615349054336548,6,2,3,8
0.45547688007354736,1,2,3,8
0.40814316272735596,2,2,3,8
0.5328197479248047,3,2,3,8
0.44646674394607544,4,2,3,8
0.40818172693252563,5,2,3,8
0.5994824171066284,1,2,3,8
0.6307815909385681,2,2,3,8
0.6305935382843018,3,2,3,8
0.5653046369552612,4,2,3,8
0.5228917598724365,1,2,3,8
0.5758392810821533,2,2,3,8
0.5580604076385498,3,2,3,8
0.6063979268074036,1,2,3,8
0.597923755645752,2,2,3,8
0.5583744049072266,1,2,3,8
0.4571138620376587,1,2,3,9
0.6036026477813721,2,2,3,9
0.4227803945541382,3,2,3,9
0.5317755341529846,4,2,3,9
0.6142653226852417,5,2,3,9
0.5747275352478027,6,2,3,9
0.4595831036567688,7,2,3,9
0.37416180968284607,8,2,3,9
0.5447445511817932,9,2,3,9
0.5537986159324646,1,2,3,9
0.492658793926239,2,2,3,9
0.5906388163566589,3,2,3,9
0.5718868970870972,4,2,3,9
0.5638437271118164,5,2,3,9
0.48311322927474976,6,2,3,9
0.3857269585132599,7,2,3,9
0.5353584289550781,8,2,3,9
0.49172288179397583,1,2,3,9
0.4613119065761566,2,2,3,9
0.6018467545509338,3,2,3,9
0.5724124908447266,4,2,3,9
0.490377813577652,5,2,3,9
0.35448160767555237,6,2,3,9
0.5783692002296448,7,2,3,9
0.3543122708797455,1,2,3,9
0.5517879128456116,2,2,3,9
0.42640912532806396,3,2,3,9
0.3329238295555115,4,2,3,9
0.44194483757019043,5,2,3,9
0.49333345890045166,6,2,3,9
0.5784740447998047,1,2,3,9
0.5570765137672424,2,2,3,9
0.3486544191837311,3,2,3,9
0.3606572151184082,4,2,3,9
0.46437132358551025,5,2,3,9
0.6749352812767029,1,2,3,9
0.4038463234901428,2,2,3,9
0.4207918345928192,3,2,3,9
0.5431572198867798,4,2,3,9
0.5975401401519775,1,2,3,9
0.4172431230545044,2,2,3,9
0.5179323554039001,3,2,3,9
0.4023292362689972,1,2,3,9
0.4799434542655945,2,2,3,9
0.37137895822525024,1,2,3,9
0.3496650755405426,1,2,3,10
0.39522868394851685,2,2,3,10
0.20841297507286072,3,2,3,10
0.31148242950439453,4,2,3,10
0.17796984314918518,5,2,3,10
0.4642268717288971,6,2,3,10
0.4656122922897339,7,2,3,10
0.40835249423980713,8,2,3,10
0.19874607026576996,9,2,3,10
0.6148369908332825,1,2,3,10
0.3633788526058197,2,2,3,10
0.5519450306892395,3,2,3,10
0.3856651484966278,4,2,3,10
0.42200157046318054,5,2,3,10
0.5191658735275269,6,2,3,10
0.391195684671402,7,2,3,10
0.3674590289592743,8,2,3,10
0.39587968587875366,1,2,3,10
0.5272806286811829,2,2,3,10
0.3760213553905487,3,2,3,10
0.3968004584312439,4,2,3,10
0.4342215657234192,5,2,3,10
0.4461665451526642,6,2,3,10
0.3248041272163391,7,2,3,10
0.5095730423927307,1,2,3,10
0.32889172434806824,2,2,3,10
0.29339680075645447,3,2,3,10
0.3389606773853302,4,2,3,10
0.5027998685836792,5,2,3,10
0.4576987326145172,6,2,3,10
0.386671245098114,1,2,3,10
0.36797893047332764,2,2,3,10
0.46940094232559204,3,2,3,10
0.4201282262802124,4,2,3,10
0.4161853492259979,5,2,3,10
0.3181891441345215,1,2,3,10
0.3983449935913086,2,2,3,10
0.3208191990852356,3,2,3,10
0.3277767300605774,4,2,3,10
0.515313446521759,1,2,3,10
0.42742639780044556,2,2,3,10
0.22434091567993164,3,2,3,10
0.45619601011276245,1,2,3,10
0.25455382466316223,2,2,3,10
0.3721330463886261,1,2,3,10
0.44750550389289856,1,3,3,0
0.3633865416049957,2,3,3,0
0.5338324904441833,3,3,3,0
0.41195422410964966,4,3,3,0
0.3977196514606476,5,3,3,0
0.01681988127529621,6,3,3,0
0.452579528093338,7,3,3,0
0.4718252420425415,8,3,3,0
0.46071159839630127,9,3,3,0
0.5195671319961548,1,3,3,0
0.6061285734176636,2,3,3,0
0.25390857458114624,3,3,3,0
0.3629528880119324,4,3,3,0
0.1283237785100937,5,3,3,0
0.3128519058227539,6,3,3,0
0.5192802548408508,7,3,3,0
0.32852447032928467,8,3,3,0
0.6057528257369995,1,3,3,0
0.44100600481033325,2,3,3,0
0.3924078941345215,3,3,3,0
0.28302255272865295,4,3,3,0
0.3561421036720276,5,3,3,0
0.5195935964584351,6,3,3,0
0.2913462817668915,7,3,3,0
0.38559797406196594,1,3,3,0
0.47079306840896606,2,3,3,0
0.1676427721977234,3,3,3,0
0.3881968855857849,4,3,3,0
0.6076604127883911,5,3,3,0
0.43029630184173584,6,3,3,0
0.34995728731155396,1,3,3,0
0.2139897495508194,2,3,3,0
0.292674720287323,3,3,3,0
0.5132554173469543,4,3,3,0
0.37420740723609924,5,3,3,0
0.20023620128631592,1,3,3,0
0.32125869393348694,2,3,3,0
0.4960517883300781,3,3,3,0
0.2898193299770355,4,3,3,0
0.24019590020179749,1,3,3,0
0.11340878903865814,2,3,3,0
0.09029962867498398,3,3,3,0
0.3803306818008423,1,3,3,0
0.4637250304222107,2,3,3,0
0.37761226296424866,1,3,3,0
0.5985872149467468,1,3,3,1
0.5372765064239502,2,3,3,1
0.5280946493148804,3,3,3,1
0.6267740726470947,4,3,3,1
0.45542365312576294,5,3,3,1
0.44911161065101624,6,3,3,1
0.470741868019104,7,3,3,1
0.5119687914848328,8,3,3,1
0.478939950466156,9,3,3,1
0.6205829977989197,1,3,3,1
0.5363537669181824,2,3,3,1
0.4385582208633423,3,3,3,1
0.4382910132408142,4,3,3,1
0.5444861054420471,5,3,3,1
0.5322707891464233,6,3,3,1
0.5388906002044678,7,3,3,1
0.6249052882194519,8,3,3,1
0.5739824771881104,1,3,3,1
0.5077533721923828,2,3,3,1
0.5404682159423828,3,3,3,1
0.4186766743659973,4,3,3,1
0.5351096391677856,5,3,3,1
0.5733919739723206,6,3,3,1
0.6544297337532043,7,3,3,1
0.5579174757003784,1,3,3,1
0.5519896149635315,2,3,3,1
0.31534767150878906,3,3,3,1
0.510305643081665,4,3,3,1
0.5590259432792664,5,3,3,1
0.5096794366836548,6,3,3,1
0.6780691742897034,1,3,3,1
0.37531065940856934,2,3,3,1
0.5166733264923096,3,3,3,1
0.5095420479774475,4,3,3,1
0.5565068125724792,5,3,3,1
0.28126436471939087,1,3,3,1
0.48928767442703247,2,3,3,1
0.5278927087783813,3,3,3,1
0.5936100482940674,4,3,3,1
0.5126254558563232,1,3,3,1
0.36876586079597473,2,3,3,1
0.5222602486610413,3,3,3,1
0.5805407762527466,1,3,3,1
0.5227398872375488,2,3,3,1
0.5708090662956238,1,3,3,1
0.6281008720397949,1,3,3,2
0.4902880787849426,2,3,3,2
0.44658300280570984,3,3,3,2
0.4591110944747925,4,3,3,2
0.4344615936279297,5,3,3,2
0.5165331363677979,6,3,3,2
0.41647881269454956,7,3,3,2
0.46191102266311646,8,3,3,2
0.3766394853591919,9,3,3,2
0.47852399945259094,1,3,3,2
0.5211219191551208,2,3,3,2
0.4554691016674042,3,3,3,2
0.5328149199485779,4,3,3,2
0.6001174449920654,5,3,3,2
0.4695451557636261,6,3,3,2
0.5132352113723755,7,3,3,2
0.47502365708351135,8,3,3,2
0.5908374786376953,1,3,3,2
0.5514342784881592,2,3,3,2
0.4953324496746063,3,3,3,2
0.4174019694328308,4,3,3,2
0.5295053720474243,5,3,3,2
0.4420885443687439,6,3,3,2
0.6132294535636902,7,3,3,2
0.564028263092041,1,3,3,2
0.4506985545158386,2,3,3,2
0.45907533168792725,3,3,3,2
0.5086036324501038,4,3,3,2
0.5636152029037476,5,3,3,2
0.4801196753978729,6,3,3,2
0.5150912404060364,1,3,3,2
0.44827425479888916,2,3,3,2
0.5424740314483643,3,3,3,2
0.46781107783317566,4,3,3,2
0.49383345246315,5,3,3,2
0.41960573196411133,1,3,3,2
0.491077184677124,2,3,3,2
0.4658517837524414,3,3,3,2
0.5580888390541077,4,3,3,2
0.4795795679092407,1,3,3,2
0.3951190710067749,2,3,3,2
0.4042474627494812,3,3,3,2
0.43841099739074707,1,3,3,2
0.5488294959068298,2,3,3,2
0.4729421138763428,1,3,3,2
,1,3,3,3
,2,3,3,3
,3,3,3,3
,4,3,3,3
,5,3,3,3
,6,3,3,3
,7,3,3,3
,8,3,3,3
,9,3,3,3
,1,3,3,3
,2,3,3,3
,3,3,3,3
,4,3,3,3
,5,3,3,3
,6,3,3,3
,7,3,3,3
,8,3,3,3
,1,3,3,3
,2,3,3,3
,3,3,3,3
,4,3,3,3
,5,3,3,3
,6,3,3,3
,7,3,3,3
,1,3,3,3
,2,3,3,3
,3,3,3,3
,4,3,3,3
,5,3,3,3
,6,3,3,3
,1,3,3,3
,2,3,3,3
,3,3,3,3
,4,3,3,3
,5,3,3,3
,1,3,3,3
,2,3,3,3
,3,3,3,3
,4,3,3,3
,1,3,3,3
,2,3,3,3
,3,3,3,3
,1,3,3,3
,2,3,3,3
,1,3,3,3
0.23270252346992493,1,3,3,4
0.16676057875156403,2,3,3,4
0.05864102765917778,3,3,3,4
0.05337872356176376,4,3,3,4
0.12452378123998642,5,3,3,4
0.4847845435142517,6,3,3,4
0.06089610233902931,7,3,3,4
0.09208612143993378,8,3,3,4
0.2353743612766266,9,3,3,4
0.5565512180328369,1,3,3,4
0.5169459581375122,2,3,3,4
0.5695756077766418,3,3,3,4
0.5791599154472351,4,3,3,4
0.23792074620723724,5,3,3,4
0.5003021359443665,6,3,3,4
0.2479218691587448,7,3,3,4
0.5855947136878967,8,3,3,4
0.6175117492675781,1,3,3,4
0.41684454679489136,2,3,3,4
0.3996102809906006,3,3,3,4
0.19047953188419342,4,3,3,4
0.3692416846752167,5,3,3,4
0.3327089250087738,6,3,3,4
0.5377290844917297,7,3,3,4
0.5228416919708252,1,3,3,4
0.4561498165130615,2,3,3,4
0.05961354821920395,3,3,3,4
0.48263683915138245,4,3,3,4
0.49131038784980774,5,3,3,4
0.4358953535556793,6,3,3,4
0.5404015183448792,1,3,3,4
0.07690867781639099,2,3,3,4
0.45149368047714233,3,3,3,4
0.4265480637550354,4,3,3,4
0.44152069091796875,5,3,3,4
0.10532160848379135,1,3,3,4
0.5637158155441284,2,3,3,4
0.3260267972946167,3,3,3,4
0.5359189510345459,4,3,3,4
0.129632830619812,1,3,3,4
-0.010998517274856567,2,3,3,4
0.2475515604019165,3,3,3,4
0.42604005336761475,1,3,3,4
0.6168548464775085,2,3,3,4
0.3407909572124481,1,3,3,4
0.44615980982780457,1,3,3,5
0.44156327843666077,2,3,3,5
0.2886171340942383,3,3,3,5
0.29550716280937195,4,3,3,5
0.36050206422805786,5,3,3,5
0.29500579833984375,6,3,3,5
0.4599533677101135,7,3,3,5
0.47448474168777466,8,3,3,5
0.4870263636112213,9,3,3,5
0.49863407015800476,1,3,3,5
0.34000641107559204,2,3,3,5
0.285311758518219,3,3,3,5
0.38557538390159607,4,3,3,5
0.26080670952796936,5,3,3,5
0.40849238634109497,6,3,3,5
0.4845532476902008,7,3,3,5
0.4652567505836487,8,3,3,5
0.5357990860939026,1,3,3,5
0.532926619052887,2,3,3,5
0.501878559589386,3,3,3,5
0.26619091629981995,4,3,3,5
0.47306689620018005,5,3,3,5
0.4642679691314697,6,3,3,5
0.48837152123451233,7,3,3,5
0.5858590602874756,1,3,3,5
0.502936840057373,2,3,3,5
0.3608427047729492,3,3,3,5
0.3364444375038147,4,3,3,5
0.4129529893398285,5,3,3,5
0.38541555404663086,6,3,3,5
0.5566766262054443,1,3,3,5
0.4640052318572998,2,3,3,5
0.34187400341033936,3,3,3,5
0.34926506876945496,4,3,3,5
0.3845858573913574,5,3,3,5
0.3455691933631897,1,3,3,5
0.5601567029953003,2,3,3,5
0.5554035902023315,3,3,3,5
0.48708271980285645,4,3,3,5
0.20709466934204102,1,3,3,5
0.30792152881622314,2,3,3,5
0.3212067782878876,3,3,3,5
0.6212408542633057,1,3,3,5
0.6143914461135864,2,3,3,5
0.5711118578910828,1,3,3,5
0.616281270980835,1,3,3,6
0.6175075173377991,2,3,3,6
0.5433285236358643,3,3,3,6
0.6428111791610718,4,3,3,6
0.5642756223678589,5,3,3,6
0.5686627626419067,6,3,3,6
0.5170488953590393,7,3,3,6
0.5254971385002136,8,3,3,6
0.6851277947425842,9,3,3,6
0.6999390721321106,1,3,3,6
0.5363054871559143,2,3,3,6
0.49904319643974304,3,3,3,6
0.3980323076248169,4,3,3,6
0.6446913480758667,5,3,3,6
0.5084033012390137,6,3,3,6
0.4553230106830597,7,3,3,6
0.6006879210472107,8,3,3,6
0.4112379848957062,1,3,3,6
0.5129977464675903,2,3,3,6
0.49397003650665283,3,3,3,6
0.6162184476852417,4,3,3,6
0.39315131306648254,5,3,3,6
0.5342956185340881,6,3,3,6
0.7242897152900696,7,3,3,6
0.5996090769767761,1,3,3,6
0.5097342729568481,2,3,3,6
0.5551525950431824,3,3,3,6
0.5398564338684082,4,3,3,6
0.5301377773284912,5,3,3,6
0.43275269865989685,6,3,3,6
0.6750460863113403,1,3,3,6
0.6010810136795044,2,3,3,6
0.5874717235565186,3,3,3,6
0.5674748420715332,4,3,3,6
0.6248597502708435,5,3,3,6
0.4539516568183899,1,3,3,6
0.5081309080123901,2,3,3,6
0.694736897945404,3,3,3,6
0.6141420602798462,4,3,3,6
0.48515868186950684,1,3,3,6
0.4709293842315674,2,3,3,6
0.5555012822151184,3,3,3,6
0.5488274097442627,1,3,3,6
0.3778916001319885,2,3,3,6
0.5253569483757019,1,3,3,6
0.3568068742752075,1,3,3,7
0.4813355505466461,2,3,3,7
0.4539033770561218,3,3,3,7
0.2876802980899811,4,3,3,7
0.42831841111183167,5,3,3,7
0.42722129821777344,6,3,3,7
0.25371548533439636,7,3,3,7
0.38016602396965027,8,3,3,7
0.29873180389404297,9,3,3,7
0.44655054807662964,1,3,3,7
0.44059067964553833,2,3,3,7
0.5934040546417236,3,3,3,7
0.31520023941993713,4,3,3,7
0.4715198576450348,5,3,3,7
0.4343622028827667,6,3,3,7
0.49487632513046265,7,3,3,7
0.16675081849098206,8,3,3,7
0.6312528252601624,1,3,3,7
0.4238254427909851,2,3,3,7
0.6478928923606873,3,3,3,7
0.46993914246559143,4,3,3,7
0.4030075669288635,5,3,3,7
0.5099247097969055,6,3,3,7
0.1901649832725525,7,3,3,7
0.4068571925163269,1,3,3,7
0.5246699452400208,2,3,3,7
0.534155011177063,3,3,3,7
0.5070961713790894,4,3,3,7
0.4670000672340393,5,3,3,7
0.20743608474731445,6,3,3,7
0.31670960783958435,1,3,3,7
0.4059988856315613,2,3,3,7
0.5709533095359802,3,3,3,7
0.5343305468559265,4,3,3,7
0.31783562898635864,5,3,3,7
0.33768531680107117,1,3,3,7
0.3469333052635193,2,3,3,7
0.36055535078048706,3,3,3,7
0.33074504137039185,4,3,3,7
0.48519930243492126,1,3,3,7
0.48189041018486023,2,3,3,7
0.21730546653270721,3,3,3,7
0.4710119366645813,1,3,3,7
0.32380491495132446,2,3,3,7
0.39946508407592773,1,3,3,7
0.7201917171478271,1,3,3,8
0.5195736885070801,2,3,3,8
0.476768434047699,3,3,3,8
0.36070236563682556,4,3,3,8
0.4813719689846039,5,3,3,8
0.4709939956665039,6,3,3,8
0.5559267401695251,7,3,3,8
0.4442995488643646,8,3,3,8
0.4442995488643646,9,3,3,8
0.45873358845710754,1,3,3,8
0.5789365768432617,2,3,3,8
0.48797550797462463,3,3,3,8
0.5408186912536621,4,3,3,8
0.5628949999809265,5,3,3,8
0.5724596977233887,6,3,3,8
0.5535073280334473,7,3,3,8
0.5535073280334473,8,3,3,8
0.38294970989227295,1,3,3,8
0.3271172344684601,2,3,3,8
0.4254387617111206,3,3,3,8
0.3848133683204651,4,3,3,8
0.45248526334762573,5,3,3,8
0.36731213331222534,6,3,3,8
0.36731213331222534,7,3,3,8
0.8282528519630432,1,3,3,8
0.2777837812900543,2,3,3,8
0.9774832129478455,3,3,3,8
0.36647161841392517,4,3,3,8
0.9610816240310669,5,3,3,8
0.9610816240310669,6,3,3,8
0.17810073494911194,1,3,3,8
0.8200333118438721,2,3,3,8
0.22450067102909088,3,3,3,8
0.8593190312385559,4,3,3,8
0.8593190312385559,5,3,3,8
0.2857641875743866,1,3,3,8
0.6268756985664368,2,3,3,8
0.24271346628665924,3,3,3,8
0.24271346628665924,4,3,3,8
0.35391923785209656,1,3,3,8
0.972617506980896,2,3,3,8
0.972617506980896,3,3,3,8
0.3157042860984802,1,3,3,8
0.3157042860984802,2,3,3,8
1.0000001192092896,1,3,3,8
0.5524590611457825,1,3,3,9
0.4254164397716522,2,3,3,9
0.4707079529762268,3,3,3,9
0.41298580169677734,4,3,3,9
0.22098149359226227,5,3,3,9
0.44693508744239807,6,3,3,9
0.4915873408317566,7,3,3,9
0.5407727956771851,8,3,3,9
0.4726714491844177,9,3,3,9
0.5500959157943726,1,3,3,9
0.5369004607200623,2,3,3,9
0.46529027819633484,3,3,3,9
0.33522722125053406,4,3,3,9
0.23792727291584015,5,3,3,9
0.5251584649085999,6,3,3,9
0.49377813935279846,7,3,3,9
0.4946781098842621,8,3,3,9
0.4409058094024658,1,3,3,9
0.4102567434310913,2,3,3,9
0.5125051736831665,3,3,3,9
0.16539394855499268,4,3,3,9
0.4674384295940399,5,3,3,9
0.4527149200439453,6,3,3,9
0.46913838386535645,7,3,3,9
0.4047204256057739,1,3,3,9
0.26298046112060547,2,3,3,9
0.20956851541996002,3,3,3,9
0.4763205647468567,4,3,3,9
0.43219149112701416,5,3,3,9
0.4366498589515686,6,3,3,9
0.21486306190490723,1,3,3,9
0.38095444440841675,2,3,3,9
0.4671109616756439,3,3,3,9
0.5074394941329956,4,3,3,9
0.3782472014427185,5,3,3,9
0.09459666907787323,1,3,3,9
0.3082124590873718,2,3,3,9
0.3852076530456543,3,3,3,9
0.27652707695961,4,3,3,9
0.2763102054595947,1,3,3,9
0.3901497721672058,2,3,3,9
0.2649727761745453,3,3,3,9
0.4051656424999237,1,3,3,9
0.4957706332206726,2,3,3,9
0.4467778503894806,1,3,3,9
